|avg_prob_neg|avg_prob_neu|avg_prob_pos|pred_class|first_chunk_class
0|0.6138758|0.06040569|0.3257185|0|2
1|0.45830932|0.13816069|0.40353|0|2
2|0.4930304|0.08736505|0.41960457|0|2
3|0.75356394|0.027896272|0.21853979|0|0
4|0.66926646|0.057125937|0.27360764|0|2
5|0.27872732|0.02154405|0.6997286|2|2
6|0.51594424|0.09827778|0.38577798|0|2
7|0.28811964|0.088295974|0.62358433|2|2
8|0.56295115|0.032780252|0.40426865|0|2
9|0.36754337|0.07758767|0.55486894|2|1
10|0.3520323932170868|0.0298592746257781|0.618108332157135|2|2
11|0.560643196105957|0.0244915205985307|0.4148652851581573|0|0
12|0.3700853586196899|0.0608435347676277|0.5690711140632629|2|2
13|0.4140482246875763|0.0536451376974582|0.5323066711425781|2|2
14|0.4987846612930298|0.0274428371340036|0.4737724959850311|0|2
15|0.4737791717052459|0.0512178316712379|0.475003033876419|2|0
16|0.4012142717838287|0.035680454224348|0.5631052851676941|2|0
17|0.6112954616546631|0.1043168604373931|0.2843876481056213|0|2
18|0.3087853789329529|0.0442727655172348|0.6469418406486511|2|2
19|0.4414718747138977|0.0774381607770919|0.4810900092124939|2|2
20|0.4487504363059997|0.0687316805124282|0.4825178980827331|2|2
21|0.5140777230262756|0.0266538150608539|0.4592684507369995|0|2
22|0.5601444244384766|0.0279841646552085|0.4118714034557342|0|0
23|0.5663677453994751|0.0286519881337881|0.4049802720546722|0|2
24|0.4582032263278961|0.0290345102548599|0.5127623081207275|2|2
25|0.338370680809021|0.1562199294567108|0.5054094195365906|2|2
26|0.8290363550186157|0.041725318878889|0.1292382776737213|0|0
27|0.2932596802711487|0.2860698699951172|0.4206704795360565|2|2
28|0.5501519441604614|0.0295006167143583|0.4203475415706634|0|2
29|0.7701430320739746|0.0175478234887123|0.2123091518878936|0|0
30|0.5793512463569641|0.0288981050252914|0.3917506337165832|0|2
31|0.6330413222312927|0.0296754445880651|0.3372832834720611|0|0
32|0.5099393129348755|0.0330391265451908|0.4570215344429016|0|2
33|0.4859288334846496|0.0572666823863983|0.4568045139312744|0|2
34|0.4152306914329529|0.0905969515442848|0.4941723346710205|2|2
35|0.437698096036911|0.0962068513035774|0.4660950303077698|2|2
36|0.4836126267910003|0.1528681069612503|0.3635193109512329|0|0
37|0.3065097033977508|0.0558929629623889|0.637597382068634|2|2
38|0.4652915000915527|0.0395109094679355|0.4951975643634796|2|2
39|0.4321452379226684|0.0291400030255317|0.5387147068977356|2|2
40|0.113591581583023|0.0115071712061762|0.8749012351036072|2|2
41|0.5057101845741272|0.0418272092938423|0.4524625539779663|0|2
42|0.3881904780864715|0.0278614535927772|0.5839481353759766|2|2
43|0.7109310030937195|0.0202053692191839|0.268863707780838|0|0
44|0.5460609197616577|0.0427705757319927|0.4111685156822204|0|2
45|0.4821919798851013|0.0257589239627122|0.4920491576194763|2|2
46|0.4855449199676513|0.199756383895874|0.3146987557411194|0|2
47|0.6177909970283508|0.0459199137985706|0.33628910779953|0|2
48|0.4293062686920166|0.0782677456736564|0.4924259781837463|2|2
49|0.5507273077964783|0.0370168015360832|0.4122558534145355|0|0
50|0.7135592699050903|0.0305023156106472|0.2559384703636169|0|2
51|0.602825403213501|0.029779402539134|0.3673951923847198|0|2
52|0.5343853831291199|0.077000617980957|0.3886139988899231|0|2
53|0.4122006595134735|0.0380091853439807|0.5497902035713196|2|2
54|0.2699857354164123|0.0254721995443105|0.7045419812202454|2|2
55|0.5496346950531006|0.1634131968021392|0.2869520783424377|0|2
56|0.5509747266769409|0.0501434504985809|0.3988817930221557|0|2
57|0.4628965556621551|0.0244860313832759|0.5126173496246338|2|2
58|0.5761200785636902|0.0902052521705627|0.3336746394634247|0|2
59|0.3362145721912384|0.1102832779288292|0.553502082824707|2|2
60|0.4769605696201324|0.0363567918539047|0.486682653427124|2|0
61|0.4353984892368316|0.0276176836341619|0.536983847618103|2|2
62|0.4641286134719848|0.0484648272395134|0.4874065220355987|2|2
63|0.5458015203475952|0.0454893596470356|0.4087091088294983|0|2
64|0.3401132225990295|0.1409814655780792|0.5189053416252136|2|2
65|0.2619632184505462|0.0293310713022947|0.708705723285675|2|2
66|0.5666040778160095|0.0410244241356849|0.3923715054988861|0|2
67|0.7278100252151489|0.0410476960241794|0.2311422377824783|0|0
68|0.4098701179027557|0.0227184668183326|0.5674114227294922|2|2
69|0.502135694026947|0.0217394400388002|0.4761248230934143|0|2
70|0.4889033436775207|0.0215833131223917|0.4895133078098297|2|2
71|0.5533832907676697|0.0372775197029113|0.4093391299247741|0|2
72|0.6818044185638428|0.0295988991856575|0.2885966598987579|0|0
73|0.3295024931430816|0.0333423763513565|0.6371551752090454|2|2
74|0.581976056098938|0.1446209996938705|0.2734029591083526|0|2
75|0.6545819640159607|0.049833808094263|0.2955842912197113|0|2
76|0.5849396586418152|0.1372889280319214|0.2777714133262634|0|2
77|0.5337196588516235|0.0206586215645074|0.4456216990947723|0|2
78|0.5067738890647888|0.0207546334713697|0.4724715054035187|0|2
79|0.5015305280685425|0.0598728135228157|0.4385966658592224|0|0
80|0.3637238442897796|0.0483348965644836|0.5879412889480591|2|2
81|0.6472877264022827|0.0383525379002094|0.3143597245216369|0|0
82|0.6927828788757324|0.0286944061517715|0.2785227298736572|0|2
83|0.4121740460395813|0.0297387093305587|0.5580872297286987|2|2
84|0.731116533279419|0.0249870773404836|0.2438963502645492|0|2
85|0.6091063022613525|0.0413365066051483|0.3495572209358215|0|0
86|0.5981324315071106|0.0325594916939735|0.3693080842494964|0|2
87|0.3771510422229767|0.0985534563660621|0.524295449256897|2|2
88|0.3732264637947082|0.0891171172261238|0.5376564264297485|2|2
89|0.5886934995651245|0.0475611314177513|0.3637453317642212|0|2
90|0.6007050275802612|0.0780799314379692|0.3212150037288666|0|2
91|0.5046188235282898|0.0242379326373338|0.4711432158946991|0|2
92|0.7303407788276672|0.0199948195368051|0.2496644407510757|0|0
93|0.4846368730068207|0.034003410488367|0.4813597202301025|0|2
94|0.4846178889274597|0.027369450777769|0.4880126416683197|2|2
95|0.3515926599502563|0.0367019139230251|0.6117054224014282|2|2
96|0.311098575592041|0.0567490272223949|0.6321523785591125|2|2
97|0.426610916852951|0.0226070396602153|0.5507820844650269|2|2
98|0.5184153914451599|0.0227409265935421|0.4588437080383301|0|2
99|0.5399105548858643|0.0669407844543457|0.39314866065979|0|2
100|0.7680915594100952|0.0617649890482425|0.1701435297727584|0|0
101|0.6354237198829651|0.0495617799460887|0.3150144517421722|0|2
102|0.595602810382843|0.062279749661684|0.3421174585819244|0|0
103|0.4329704940319061|0.0416135340929031|0.5254159569740295|2|2
104|0.490581750869751|0.044160172343254|0.4652580320835113|0|2
105|0.5465174913406372|0.0390255711972713|0.4144568741321563|0|0
106|0.2074479013681411|0.034468624740839|0.7580834627151489|2|2
107|0.5584088563919067|0.0571269989013671|0.3844641149044037|0|2
108|0.502566397190094|0.0732275322079658|0.4242061078548431|0|2
109|0.6946894526481628|0.036183837801218|0.2691267728805542|0|0
110|0.5691542029380798|0.0456390045583248|0.3852067589759826|0|0
111|0.509782075881958|0.0233902279287576|0.4668277204036712|0|2
112|0.4761580526828766|0.035393189638853|0.4884487986564636|2|2
113|0.5533451437950134|0.0251913182437419|0.4214635193347931|0|2
114|0.3253583014011383|0.0615544356405735|0.6130872368812561|2|2
115|0.4831858873367309|0.06448645144701|0.4523276686668396|0|2
116|0.3564794361591339|0.032443068921566|0.6110775470733643|2|2
117|0.3662251830101013|0.0260930694639682|0.6076816916465759|2|2
118|0.5310434103012085|0.0369714759290218|0.4319851100444793|0|2
119|0.6065194010734558|0.09037746489048|0.3031031489372253|0|2
120|0.4027997553348541|0.0510619729757308|0.5461382269859314|2|2
121|0.5305660367012024|0.033002596348524|0.4364314079284668|0|2
122|0.6573013067245483|0.0172315500676631|0.3254671096801758|0|0
123|0.3547276854515075|0.0280003808438777|0.617271900177002|2|2
124|0.5784420371055603|0.0357654392719268|0.3857924938201904|0|0
125|0.4770372211933136|0.0686919689178466|0.4542708396911621|0|0
126|0.483559250831604|0.0746254324913024|0.4418152570724487|0|2
127|0.7271275520324707|0.0258851610124111|0.2469872385263443|0|2
128|0.5029588937759399|0.0651530474424362|0.4318880140781402|0|2
129|0.6417087316513062|0.0282455794513225|0.3300457298755646|0|0
130|0.4500137269496918|0.0295281950384378|0.5204581022262573|2|2
131|0.3043061196804046|0.0233941245824098|0.6722998023033142|2|2
132|0.833745002746582|0.0367418937385082|0.1295130997896194|0|0
133|0.4761478304862976|0.0840665623545646|0.4397855699062347|0|2
134|0.3809894621372223|0.158825471997261|0.4601850509643554|2|2
135|0.5981680154800415|0.0217856522649526|0.3800463080406189|0|2
136|0.6575031280517578|0.0237491428852081|0.318747729063034|0|2
137|0.3372941613197326|0.0442144647240638|0.6184914112091064|2|2
138|0.7517052292823792|0.0226730350404977|0.2256217151880264|0|0
139|0.4924679398536682|0.0321538299322128|0.4753782153129577|0|2
140|0.3508386611938476|0.072291612625122|0.5768697261810303|2|2
141|0.4159612655639648|0.0584890991449356|0.5255496501922607|2|2
142|0.3355553150177002|0.2622941136360168|0.4021505713462829|2|2
143|0.4921764433383941|0.081404261291027|0.4264193177223205|0|2
144|0.3913496732711792|0.110148012638092|0.4985023438930511|2|2
145|0.5456435084342957|0.0600721426308155|0.3942843377590179|0|0
146|0.4818353056907654|0.0378249138593673|0.480339765548706|0|0
147|0.543262779712677|0.0258041266351938|0.4309330284595489|0|0
148|0.3707069456577301|0.2902140021324157|0.3390790522098541|0|2
149|0.2695743441581726|0.0442756004631519|0.6861500144004822|2|2
150|0.4225838482379913|0.0510257072746753|0.5263904333114624|2|2
151|0.4647050201892853|0.0523012578487396|0.4829936921596527|2|2
152|0.5753746628761292|0.0241776518523693|0.4004476368427276|0|2
153|0.6947550177574158|0.0731492415070533|0.232095718383789|0|0
154|0.3596991896629333|0.0325145795941352|0.607786238193512|2|2
155|0.4260325729846954|0.0995425805449485|0.4744248688220978|2|2
156|0.6429952383041382|0.0469902530312538|0.3100144565105438|0|0
157|0.4604934751987457|0.0315675698220729|0.5079389810562134|2|2
158|0.567708432674408|0.0484012775123119|0.383890300989151|0|2
159|0.4638644754886627|0.0410962924361228|0.4950391948223114|2|2
160|0.4640767276287079|0.0302684977650642|0.5056547522544861|2|2
161|0.6738985180854797|0.0580376982688903|0.2680638134479522|0|2
162|0.3695005178451538|0.0729643255472183|0.5575351715087891|2|2
163|0.3852495551109314|0.0504822768270969|0.564268171787262|2|2
164|0.5595756769180298|0.0299562290310859|0.4104681015014648|0|0
165|0.6870694160461426|0.0597907193005085|0.2531398832798004|0|2
166|0.4291512966156006|0.0363753028213977|0.5344734191894531|2|2
167|0.4503254890441894|0.0256160143762826|0.52405846118927|2|2
168|0.6246032118797302|0.0311039518564939|0.3442928791046142|0|0
169|0.644167423248291|0.0245600156486034|0.3312725722789764|0|2
170|0.4172326922416687|0.0376286730170249|0.5451385974884033|2|2
171|0.4351104199886322|0.0417334362864494|0.5231561064720154|2|2
172|0.3411034643650055|0.0789572373032569|0.5799393057823181|2|2
173|0.4845533072948456|0.0282162837684154|0.4872303903102875|2|2
174|0.64401775598526|0.0310487300157547|0.3249334990978241|0|2
175|0.4238952994346618|0.0229524057358503|0.553152322769165|2|2
176|0.562380313873291|0.0255727581679821|0.4120469689369201|0|2
177|0.4827830791473388|0.0599608793854713|0.4572559893131256|0|0
178|0.3861478865146637|0.1196419894695282|0.4942101240158081|2|2
179|0.5067774653434753|0.0352509655058383|0.4579715728759765|0|2
180|0.5465375781059265|0.033794242888689|0.4196681678295135|0|2
181|0.5425422787666321|0.030076827853918|0.4273808896541595|0|2
182|0.2957491874694824|0.105128489434719|0.5991223454475403|2|2
183|0.6030020713806152|0.0249430499970912|0.3720548748970032|0|2
184|0.2938474714756012|0.0744742080569267|0.6316783428192139|2|2
185|0.5246869921684265|0.0238997619599103|0.4514132440090179|0|0
186|0.4185420572757721|0.0590785257518291|0.5223793983459473|2|2
187|0.6173256635665894|0.0335481241345405|0.3491261899471283|0|2
188|0.4623839855194092|0.028022363781929|0.509593665599823|2|2
189|0.1522549837827682|0.0536966770887374|0.7940483093261719|2|2
190|0.6961542963981628|0.0424970835447311|0.2613486051559448|0|0
191|0.5102903842926025|0.0236686673015356|0.4660410284996032|0|2
192|0.5504583716392517|0.0398990511894226|0.4096425473690033|0|0
193|0.5947471857070923|0.0960036516189575|0.3092491030693054|0|2
194|0.4762454628944397|0.0537014454603195|0.4700531363487243|0|2
195|0.4271561801433563|0.0255608763545751|0.5472829341888428|2|2
196|0.407569944858551|0.1333120614290237|0.4591180086135864|2|2
197|0.2150872647762298|0.0257543120533227|0.7591584324836731|2|2
198|0.6311324238777161|0.0707387030124664|0.2981288433074951|0|0
199|0.5899832844734192|0.0185119118541479|0.3915047645568847|0|2
200|0.6063376665115356|0.0446406602859497|0.349021703004837|0|2
201|0.4733785092830658|0.0231332685798406|0.5034882426261902|2|2
202|0.3217109143733978|0.1227054744958877|0.5555835962295532|2|2
203|0.3530146181583404|0.0478243939578533|0.5991609692573547|2|2
204|0.47528937458992|0.0587065406143665|0.4660041034221649|0|2
205|0.439073234796524|0.0392382368445396|0.5216885209083557|2|2
206|0.7237016558647156|0.0274131167680025|0.2488853186368942|0|2
207|0.6035863161087036|0.0525804907083511|0.343833178281784|0|2
208|0.6048576235771179|0.0270767211914062|0.368065595626831|0|2
209|0.4456285834312439|0.0693220347166061|0.4850494265556335|2|2
210|0.4821676909923553|0.0263771228492259|0.4914551973342895|2|2
211|0.5347937941551208|0.0396865867078304|0.4255196750164032|0|0
212|0.4272622168064117|0.0377255119383335|0.5350122451782227|2|2
213|0.4536968469619751|0.0555446781218051|0.4907584488391876|2|0
214|0.4196808636188507|0.0729654133319854|0.5073537230491638|2|2
215|0.5177842974662781|0.04539006203413|0.4368256032466888|0|2
216|0.2997154891490936|0.0579798743128776|0.6423046588897705|2|0
217|0.4695572555065155|0.0437134020030498|0.4867292940616607|2|2
218|0.4059643149375915|0.0311689171940088|0.5628668069839478|2|2
219|0.4639216363430023|0.024755023419857|0.5113233923912048|2|2
220|0.4639911949634552|0.0236665420234203|0.5123422145843506|2|2
221|0.4634885787963867|0.0459567084908485|0.4905547499656677|2|2
222|0.508423924446106|0.0561159439384937|0.4354601204395294|0|2
223|0.4314137697219848|0.0306506939232349|0.5379354953765869|2|2
224|0.6369473338127136|0.038047719746828|0.3250049650669098|0|0
225|0.5378197431564331|0.0478205680847168|0.4143596887588501|0|2
226|0.5508849620819092|0.0658016800880432|0.3833133578300476|0|2
227|0.6398079991340637|0.0312334392219781|0.3289585411548614|0|2
228|0.4824529588222503|0.070818156003952|0.4467288851737976|0|0
229|0.4604287147521972|0.0330733694136142|0.5064979195594788|2|2
230|0.4253446161746979|0.0428710021078586|0.5317844152450562|2|2
231|0.562309205532074|0.0269442498683929|0.4107465744018554|0|0
232|0.5493336915969849|0.0963487327098846|0.3543175458908081|0|2
233|0.5910674929618835|0.0389737114310264|0.369958758354187|0|2
234|0.4262572228908539|0.0651708543300628|0.5085719227790833|2|2
235|0.3208083212375641|0.0319818966090679|0.6472097635269165|2|2
236|0.4741886854171753|0.0309177376329898|0.4948935508728027|2|2
237|0.3960208892822265|0.0436608307063579|0.5603182911872864|2|2
238|0.6785091161727905|0.0620996840298175|0.2593912184238434|0|2
239|0.6455228328704834|0.0279296450316905|0.3265474736690521|0|0
240|0.4251900315284729|0.0836856365203857|0.4911243021488189|2|2
241|0.3347297012805938|0.0276682954281568|0.6376020312309265|2|2
242|0.334428459405899|0.0426152348518371|0.6229562759399414|2|0
243|0.6569468975067139|0.0708043873310089|0.2722487151622772|0|0
244|0.5995836853981018|0.1217795610427856|0.2786367833614349|0|0
245|0.649811863899231|0.0543440021574497|0.2958441376686096|0|2
246|0.5304436087608337|0.0498036555945873|0.419752687215805|0|2
247|0.48324915766716|0.0340466611087322|0.4827041625976562|0|0
248|0.4172074198722839|0.0955345779657363|0.4872580170631408|2|2
249|0.3319055140018463|0.0453488901257514|0.6227455735206604|2|2
250|0.6463274359703064|0.0291582588106393|0.3245142698287964|0|2
251|0.5658219456672668|0.0253315977752208|0.4088465273380279|0|2
252|0.5502954125404358|0.031111916527152|0.4185926616191864|0|2
253|0.4524203240871429|0.0486276634037494|0.4989520013332367|2|2
254|0.3861801922321319|0.0286168567836284|0.5852029323577881|2|2
255|0.4801415503025055|0.0271459259092807|0.492712527513504|2|2
256|0.5486528873443604|0.1027475446462631|0.3485995531082153|0|0
257|0.4827804267406463|0.061804536730051|0.4554150104522705|0|2
258|0.586010754108429|0.0238525867462158|0.3901366293430328|0|2
259|0.4211292862892151|0.0307030510157346|0.5481676459312439|2|2
260|0.7604315280914307|0.0156313143670558|0.2239371389150619|0|0
261|0.4160776138305664|0.050543624907732|0.5333787798881531|2|2
262|0.3480532169342041|0.0427685156464576|0.6091782450675964|2|2
263|0.5620312690734863|0.0297927763313055|0.4081759452819824|0|0
264|0.4878273010253906|0.1108197122812271|0.4013529419898987|0|2
265|0.4898844063282013|0.0187736954540014|0.4913419485092163|2|0
266|0.6290078163146973|0.0315675027668476|0.339424729347229|0|2
267|0.606754720211029|0.1544407159090042|0.2388045787811279|0|2
268|0.0760084986686706|0.0139760496094822|0.9100154638290404|2|2
269|0.497816801071167|0.0612798035144805|0.4409033358097076|0|0
270|0.5934421420097351|0.040465161204338|0.3660926818847656|0|2
271|0.2363442629575729|0.0318694673478603|0.73178631067276|2|2
272|0.5268510580062866|0.0674092769622802|0.4057396650314331|0|2
273|0.3950470089912414|0.0581558570265769|0.5467970967292786|2|2
274|0.7045604586601257|0.0420400016009807|0.2533995509147644|0|0
275|0.4403672218322754|0.0235725753009319|0.5360602140426636|2|2
276|0.7213454246520996|0.0501460842788219|0.2285084724426269|0|0
277|0.3940826058387756|0.0710108578205108|0.5349065661430359|2|2
278|0.4776507616043091|0.041358608752489|0.4809906780719757|2|2
279|0.4223722815513611|0.1972664147615432|0.3803613185882568|0|2
280|0.5803278684616089|0.0322440713644027|0.3874281048774719|0|0
281|0.3904709815979004|0.0264966189861297|0.5830323696136475|2|2
282|0.4444616138935089|0.0174076296389102|0.5381307005882263|2|0
283|0.4047268629074096|0.0256067123264074|0.5696664452552795|2|2
284|0.3288087844848633|0.0856082141399383|0.5855830311775208|2|2
285|0.6608760952949524|0.045578446239233|0.2935454547405243|0|2
286|0.4390680491924286|0.0746517926454544|0.4862801432609558|2|2
287|0.6718196272850037|0.0352072827517986|0.2929730713367462|0|2
288|0.392168641090393|0.0881650745868682|0.519666314125061|2|0
289|0.4792793691158294|0.0217151120305061|0.4990054965019226|2|2
290|0.2611223459243774|0.0379628948867321|0.700914740562439|2|2
291|0.7994197607040405|0.0260800831019878|0.1745002418756485|0|2
292|0.626343846321106|0.0459508821368217|0.3277052342891693|0|2
293|0.4540832638740539|0.038922544568777|0.5069941878318787|2|2
294|0.5858016014099121|0.0523691773414611|0.3618292212486267|0|2
295|0.5751734972000122|0.0647529959678649|0.3600735664367676|0|2
296|0.4517044126987457|0.0228920150548219|0.5254035592079163|2|2
297|0.6033405661582947|0.0333024598658084|0.3633570075035095|0|2
298|0.5340030789375305|0.0639467686414718|0.4020501971244812|0|0
299|0.579177737236023|0.0321186184883117|0.3887036740779876|0|2
300|0.633851170539856|0.033968910574913|0.332179844379425|0|2
301|0.6781957149505615|0.0720339640974998|0.2497703582048416|0|0
302|0.3233957886695862|0.1502010822296142|0.5264030694961548|2|2
303|0.4407097697257995|0.0293003618717193|0.5299898386001587|2|2
304|0.4641548693180084|0.0482705645263195|0.4875745773315429|2|2
305|0.647953450679779|0.0605682432651519|0.2914783358573913|0|2
306|0.4527219235897064|0.0273760017007589|0.5199020504951477|2|2
307|0.2908905744552612|0.0798052549362182|0.6293041706085205|2|2
308|0.5752529501914978|0.0314925350248813|0.3932545185089111|0|2
309|0.5740923881530762|0.0323689505457878|0.393538624048233|0|2
310|0.526231050491333|0.0593588948249816|0.4144101142883301|0|2
311|0.3507084846496582|0.0528043843805789|0.5964871048927307|2|2
312|0.4613299369812011|0.0404082722961902|0.4982618391513824|2|2
313|0.3139272928237915|0.0568357333540916|0.6292369961738586|2|2
314|0.6651025414466858|0.028103282675147|0.306794136762619|0|2
315|0.4093192219734192|0.0309242960065603|0.5597564578056335|2|2
316|0.6249016523361206|0.0438456647098064|0.3312527239322662|0|0
317|0.5532997846603394|0.0553336292505264|0.3913666009902954|0|0
318|0.4605226516723633|0.0434211567044258|0.4960562586784363|2|2
319|0.4975289106369018|0.0278981532901525|0.4745729267597198|0|2
320|0.392453670501709|0.0866916999220848|0.520854651927948|2|2
321|0.4667109847068786|0.0338608659803867|0.4994280934333801|2|2
322|0.6417845487594604|0.0853319615125656|0.2728834450244903|0|0
323|0.3984293639659881|0.0802202299237251|0.5213504433631897|2|2
324|0.4545981287956238|0.0669683590531349|0.4784335494041443|2|2
325|0.3618274331092834|0.0376147590577602|0.6005578637123108|2|2
326|0.4087675809860229|0.0231313370168209|0.5681010484695435|2|2
327|0.4876247942447662|0.05646887794137|0.4559063911437988|0|2
328|0.570313036441803|0.1701541543006897|0.2595327198505401|0|0
329|0.5521654486656189|0.0405402220785617|0.4072943031787872|0|2
330|0.3511303961277008|0.0429827496409416|0.6058868169784546|2|2
331|0.3631522059440613|0.0309213027358055|0.6059264540672302|2|2
332|0.7968547344207764|0.0557674281299114|0.1473778784275055|0|0
333|0.4604524374008178|0.0222527272999286|0.5172947645187378|2|2
334|0.5500551462173462|0.0542983449995517|0.3956464827060699|0|2
335|0.5252237319946289|0.0891656950116157|0.3856105804443359|0|2
336|0.2043659090995788|0.0348040126264095|0.7608300447463989|2|2
337|0.5795221328735352|0.0241770539432764|0.3963008224964142|0|0
338|0.6102427840232849|0.0469167232513427|0.3428404629230499|0|2
339|0.386168509721756|0.0210854820907115|0.5927460193634033|2|2
340|0.536236047744751|0.1179515272378921|0.3458124697208404|0|2
341|0.4515308439731598|0.0367842316627502|0.5116849541664124|2|2
342|0.5363498330116272|0.1639951020479202|0.2996550500392914|0|2
343|0.4725388288497925|0.1078611984848976|0.4195999205112457|0|2
344|0.6321786642074585|0.0234308298677206|0.3443905711174011|0|2
345|0.4375742375850677|0.0232472717761993|0.5391784906387329|2|2
346|0.4633583426475525|0.0425985790789127|0.4940431118011474|2|2
347|0.5573123097419739|0.0224643889814615|0.4202232956886291|0|2
348|0.4462982714176178|0.02763825468719|0.5260634422302246|2|2
349|0.6564239263534546|0.0597851313650608|0.2837909460067749|0|0
350|0.5874761939048767|0.0233442224562168|0.3891795575618744|0|2
351|0.393061101436615|0.024574652314186|0.5823642015457153|2|2
352|0.3849143981933594|0.0537010431289672|0.5613845586776733|2|2
353|0.6769444346427917|0.0268685612827539|0.29618701338768|0|2
354|0.5812280178070068|0.0278990734368562|0.3908728957176208|0|2
355|0.7820010185241699|0.02282140776515|0.1951775699853897|0|2
356|0.5678737163543701|0.0248038657009601|0.4073224067687988|0|2
357|0.4634307622909546|0.1288873255252838|0.4076819121837616|0|2
358|0.3566084504127502|0.0523046217858791|0.5910869836807251|2|2
359|0.6247945427894592|0.0145093221217393|0.3606961369514465|0|2
360|0.5994976758956909|0.0222181659191846|0.378284215927124|0|0
361|0.4601421356201172|0.0563152283430099|0.4835427105426788|2|2
362|0.5969160795211792|0.0506311394274234|0.3524527847766876|0|0
363|0.5738296508789062|0.0283988192677497|0.3977715075016022|0|2
364|0.674185574054718|0.0868465229868888|0.238967940211296|0|0
365|0.6327482461929321|0.0382278449833393|0.3290239870548248|0|0
366|0.26109579205513|0.0616478510200977|0.6772563457489014|2|2
367|0.5681331753730774|0.0353894531726837|0.3964774012565613|0|2
368|0.3041380941867828|0.0401733703911304|0.6556885242462158|2|2
369|0.3265705406665802|0.0301427636295557|0.6432867050170898|2|2
370|0.5348418951034546|0.0838104411959648|0.3813476860523224|0|2
371|0.4755320847034454|0.0902952402830123|0.4341726899147033|0|0
372|0.4933280944824219|0.0329610407352447|0.473710834980011|0|2
373|0.5914914608001709|0.0205657817423343|0.3879427909851074|0|2
374|0.446861982345581|0.1144911050796508|0.438646912574768|0|2
375|0.0402060449123382|0.0379652567207813|0.9218286871910096|2|2
376|0.7204322814941406|0.0122569222003221|0.2673108279705047|0|0
377|0.2643136978149414|0.201241448521614|0.5344448089599609|2|2
378|0.5390755534172058|0.021642243489623|0.4392822384834289|0|2
379|0.4253531992435455|0.0352489948272705|0.5393978357315063|2|2
380|0.666502833366394|0.0426636822521686|0.2908334732055664|0|0
381|0.5096378922462463|0.0358572788536548|0.4545048773288727|0|2
382|0.2615411877632141|0.026835162192583|0.7116236686706543|2|2
383|0.5699508786201477|0.039784025400877|0.3902650773525238|0|2
384|0.5642399191856384|0.0569138117134571|0.3788462281227112|0|0
385|0.5504471063613892|0.0262224040925502|0.423330545425415|0|2
386|0.554827868938446|0.0296673979610204|0.4155047833919525|0|2
387|0.5977140665054321|0.0388195998966693|0.3634663224220276|0|2
388|0.5699130892753601|0.0454190298914909|0.3846678137779236|0|2
389|0.5029527544975281|0.0778737664222717|0.4191735088825226|0|0
390|0.3029342293739319|0.046135026961565|0.650930643081665|2|2
391|0.4944551885128021|0.0231859982013702|0.4823588132858276|0|2
392|0.7153039574623108|0.0478180609643459|0.2368779927492141|0|2
393|0.5864537954330444|0.1199107021093368|0.2936355769634247|0|2
394|0.5025041103363037|0.0312968343496322|0.4661990106105804|0|2
395|0.6461476683616638|0.0283010508865118|0.3255512714385986|0|0
396|0.3426065146923065|0.032648891210556|0.6247445940971375|2|2
397|0.5026302933692932|0.1933449953794479|0.3040246963500976|0|0
398|0.4164255261421203|0.0282858368009328|0.5552886724472046|2|2
399|0.4783266186714172|0.0424469448626041|0.4792264401912689|2|0
400|0.3980944156646728|0.0252612680196762|0.5766443014144897|2|2
401|0.6240437030792236|0.0289228036999702|0.3470335006713867|0|0
402|0.6372416615486145|0.0308591928333044|0.3318991065025329|0|0
403|0.4755427837371826|0.0582171492278575|0.4662400484085083|0|2
404|0.2852469086647033|0.048402763903141|0.6663503646850586|2|2
405|0.4862708151340484|0.0344418063759803|0.4792873859405517|0|2
406|0.6761675477027893|0.0531674176454544|0.2706650793552398|0|2
407|0.5164146423339844|0.067581407725811|0.4160039126873016|0|2
408|0.2310438156127929|0.0414272844791412|0.7275289297103882|2|2
409|0.8335991501808167|0.0938664004206657|0.0725344493985176|0|0
410|0.0523227527737617|0.0323864817619323|0.9152907729148864|2|2
411|0.159310445189476|0.0299048572778701|0.810784637928009|2|2
412|0.4479981660842895|0.0363697223365306|0.5156320929527283|2|0
413|0.7858079075813293|0.0233049690723419|0.1908870339393615|0|0
414|0.5863296389579773|0.0703860446810722|0.3432843089103699|0|0
415|0.5299391150474548|0.1081321462988853|0.3619287312030792|0|0
416|0.5831291675567627|0.0298290736973285|0.3870418071746826|0|2
417|0.4007808864116668|0.1253145784139633|0.4739045202732086|2|2
418|0.6961843967437744|0.0318568162620067|0.2719588279724121|0|0
419|0.5940152406692505|0.034133531153202|0.3718512058258056|0|0
420|0.4050174057483673|0.030422780662775|0.564559817314148|2|2
421|0.5127831697463989|0.0363242141902446|0.4508925974369049|0|2
422|0.5030086636543274|0.1225696504116058|0.3744217157363891|0|2
423|0.4865134358406067|0.0396546386182308|0.4738318920135498|0|2
424|0.455770343542099|0.1814804673194885|0.3627491593360901|0|2
425|0.5901898741722107|0.0214169174432754|0.3883932828903198|0|2
426|0.5779205560684204|0.0370223633944988|0.3850570917129516|0|2
427|0.3493051826953888|0.0659480094909668|0.584746778011322|2|2
428|0.5162745714187622|0.0935016646981239|0.3902237713336944|0|0
429|0.5636035799980164|0.0379998721182346|0.3983964920043945|0|2
430|0.3584524393081665|0.0553737394511699|0.5861738920211792|2|2
431|0.5985026359558105|0.0323850028216838|0.3691124022006988|0|2
432|0.5691488981246948|0.0277019422501325|0.4031491875648498|0|2
433|0.5301151275634766|0.0711950659751892|0.3986898064613342|0|0
434|0.5419072508811951|0.072227194905281|0.385865569114685|0|2
435|0.7516320943832397|0.0348120704293251|0.2135558128356933|0|0
436|0.348364919424057|0.0771272853016853|0.5745077729225159|2|2
437|0.4964106976985931|0.0514243952929973|0.4521649181842804|0|2
438|0.5994671583175659|0.0530692115426063|0.3474636971950531|0|2
439|0.518032431602478|0.0279802456498146|0.4539873301982879|0|2
440|0.3875389397144317|0.0317924916744232|0.580668568611145|2|2
441|0.6619284749031067|0.0410785265266895|0.2969930768013|0|2
442|0.4185276329517364|0.0674907863140106|0.5139815807342529|2|2
443|0.3675583600997925|0.0201248116791248|0.6123168468475342|2|2
444|0.5415267944335938|0.0218981467187404|0.4365750551223755|0|2
445|0.7255199551582336|0.040301252156496|0.2341788560152053|0|0
446|0.5827202796936035|0.0534030497074127|0.363876610994339|0|2
447|0.5639821290969849|0.2471532523632049|0.1888646185398101|0|0
448|0.5715810656547546|0.032702911645174|0.3957160413265228|0|2
449|0.042359922081232|0.0266859456896781|0.9309541583061218|2|2
450|0.338266521692276|0.1107595786452293|0.5509738922119141|2|2
451|0.5399414300918579|0.0404561758041381|0.4196023941040039|0|2
452|0.5619287490844727|0.1224105209112167|0.3156607449054718|0|2
453|0.554928719997406|0.0879852250218391|0.3570860028266907|0|2
454|0.370430052280426|0.0406470634043216|0.5889228582382202|2|2
455|0.6155619025230408|0.0933347418904304|0.291103333234787|0|0
456|0.3922550082206726|0.0570977069437503|0.5506472587585449|2|0
457|0.5021983981132507|0.0384448580443859|0.4593567550182342|0|0
458|0.5184593796730042|0.0370395109057426|0.4445011019706726|0|2
459|0.5198252201080322|0.0497752502560615|0.4303995668888092|0|2
460|0.6554017663002014|0.0357552357017993|0.308843046426773|0|2
461|0.1980201452970504|0.0384679660201072|0.7635118365287781|2|2
462|0.5417562127113342|0.0521443970501422|0.4060994982719421|0|2
463|0.5158806443214417|0.0247324630618095|0.4593868851661682|0|2
464|0.5386260747909546|0.0383693948388099|0.4230045676231384|0|2
465|0.4392251074314117|0.0230185519903898|0.5377563834190369|2|2
466|0.5709152221679688|0.1385441869497299|0.2905406057834625|0|0
467|0.3888924717903137|0.0682806074619293|0.5428269505500793|2|2
468|0.4046390056610107|0.1025198474526405|0.4928411245346069|2|2
469|0.6548694968223572|0.0199579428881406|0.3251725733280182|0|2
470|0.714163601398468|0.0325963608920574|0.2532399892807007|0|2
471|0.4902658760547638|0.0630265474319458|0.4467075765132904|0|2
472|0.5412448644638062|0.0565648786723613|0.402190238237381|0|2
473|0.44364795088768|0.1057257428765297|0.4506262838840484|2|2
474|0.4082419276237488|0.0247291438281536|0.5670288801193237|2|2
475|0.2458821833133697|0.0920635983347892|0.662054181098938|2|2
476|0.4735890924930572|0.0443031415343284|0.4821077883243561|2|2
477|0.5583086013793945|0.1607516258955001|0.2809397578239441|0|2
478|0.5244432687759399|0.0374473370611667|0.4381093978881836|0|2
479|0.5155882835388184|0.1965269297361374|0.2878848016262054|0|2
480|0.4250637590885162|0.1069417372345924|0.4679944813251495|2|2
481|0.6958987712860107|0.0416924580931663|0.2624087333679199|0|2
482|0.3713504672050476|0.1024217307567596|0.5262278318405151|2|2
483|0.4242877960205078|0.0301098115742206|0.5456024408340454|2|2
484|0.4364418089389801|0.1492120772600174|0.4143460988998413|0|2
485|0.6498609185218811|0.0199342705309391|0.3302048444747925|0|2
486|0.6221671104431152|0.0662449449300766|0.311587929725647|0|2
487|0.7209033966064453|0.047735545784235|0.2313610464334488|0|2
488|0.3783028125762939|0.0188630893826484|0.6028341054916382|2|2
489|0.5773436427116394|0.0630241781473159|0.3596322238445282|0|0
490|0.4813145697116852|0.1933142691850662|0.325371116399765|0|2
491|0.4886903464794159|0.0479649566113948|0.4633446931838989|0|2
492|0.7591366171836853|0.0366137735545635|0.204249620437622|0|0
493|0.5718691349029541|0.0416719540953636|0.3864589333534241|0|2
494|0.2820537984371185|0.0420947596430778|0.6758514046669006|2|2
495|0.6234488487243652|0.0704795494675636|0.3060715794563293|0|2
496|0.3737685680389404|0.0204450301826|0.6057864427566528|2|0
497|0.7067213654518127|0.0327779427170753|0.2605007290840149|0|2
498|0.5573492646217346|0.089352823793888|0.3532979786396026|0|2
499|0.521551787853241|0.092795506119728|0.3856527209281921|0|2
500|0.6926966309547424|0.0838356390595436|0.2234676927328109|0|2
501|0.4499410390853882|0.100242331624031|0.4498165845870971|0|2
502|0.4156401455402374|0.1202965155243873|0.4640633761882782|2|2
503|0.4060479998588562|0.1365100443363189|0.4574419260025024|2|2
504|0.5716990232467651|0.0986494943499565|0.3296515643596649|0|0
505|0.6789759397506714|0.0197787266224622|0.3012453019618988|0|0
506|0.4296897947788238|0.0372371152043342|0.5330730676651001|2|2
507|0.4227606058120727|0.0738290175795555|0.5034103393554688|2|2
508|0.4641144573688507|0.0418563522398471|0.4940292537212372|2|2
509|0.3500618040561676|0.0401266403496265|0.609811544418335|2|2
510|0.4141136109828949|0.0851638093590736|0.5007225871086121|2|2
511|0.3335537612438202|0.0604145862162113|0.6060316562652588|2|2
512|0.4220844805240631|0.1116332188248634|0.4662822186946869|2|2
513|0.5592626333236694|0.046210192143917|0.3945271968841553|0|2
514|0.6701208353042603|0.0462638586759567|0.2836153507232666|0|0
515|0.443352460861206|0.0158997625112533|0.5407477617263794|2|2
516|0.4406221508979797|0.0658624991774559|0.4935154020786285|2|2
517|0.5598452091217041|0.0457977876067161|0.3943570554256439|0|2
518|0.6023211479187012|0.0558369383215904|0.3418418765068054|0|2
519|0.6672751903533936|0.0871183201670646|0.2456065118312835|0|2
520|0.3736143410205841|0.0589903183281421|0.5673953294754028|2|2
521|0.3399860560894012|0.041293628513813|0.618720293045044|2|2
522|0.6314772367477417|0.1549767553806305|0.2135460376739502|0|0
523|0.3958352208137512|0.0383149050176143|0.5658499002456665|2|2
524|0.5424835085868835|0.0526519678533077|0.4048645198345184|0|0
525|0.4150866866111755|0.0349048338830471|0.5500084757804871|2|2
526|0.5744940638542175|0.0216857604682445|0.4038201868534088|0|2
527|0.5947508215904236|0.0315932668745517|0.3736558556556701|0|2
528|0.640052080154419|0.0765190348029136|0.2834289669990539|0|0
529|0.4152973592281341|0.02583515830338|0.5588675141334534|2|2
530|0.4831100404262543|0.1129370704293251|0.4039528965950012|0|2
531|0.4962551593780517|0.0252601597458124|0.4784846901893616|0|2
532|0.3852898180484772|0.057502806186676|0.5572073459625244|2|2
533|0.4470104575157165|0.0513611361384391|0.5016283988952637|2|2
534|0.5855265259742737|0.0442000217735767|0.3702734410762787|0|2
535|0.6687370538711548|0.0953625589609146|0.2359004467725753|0|0
536|0.3393259048461914|0.3552495837211609|0.3054245114326477|1|2
537|0.459256500005722|0.0337726809084415|0.5069708228111267|2|0
538|0.6054757833480835|0.0380402356386184|0.3564839959144592|0|0
539|0.2749151289463043|0.0392726361751556|0.6858122944831848|2|2
540|0.6414609551429749|0.0335141234099864|0.3250248730182647|0|2
541|0.6958573460578918|0.0483035519719123|0.2558391392230987|0|0
542|0.3646261990070343|0.0798111408948898|0.5555626153945923|2|2
543|0.5408968329429626|0.0281568393111228|0.4309463500976562|0|2
544|0.4860459864139557|0.0286845732480287|0.4852694869041443|0|2
545|0.5144169926643372|0.0315442085266113|0.4540387392044067|0|2
546|0.5269349813461304|0.083864077925682|0.389200896024704|0|2
547|0.7389896512031555|0.0274289101362228|0.2335814535617828|0|0
548|0.597674548625946|0.0518749505281448|0.3504505455493927|0|2
549|0.3558489382266998|0.0332487113773822|0.6109024286270142|2|2
550|0.3346888720989227|0.0308461319655179|0.6344649791717529|2|2
551|0.5407285094261169|0.0966256484389305|0.3626458644866943|0|2
552|0.5824720859527588|0.0577638745307922|0.359764039516449|0|2
553|0.4878600835800171|0.124968335032463|0.3871715664863586|0|2
554|0.5993528962135315|0.0386148728430271|0.3620322048664093|0|2
555|0.5497987270355225|0.0363861061632633|0.4138151705265045|0|2
556|0.4853754937648773|0.1335425078868866|0.3810819685459137|0|2
557|0.5004755854606628|0.0919275134801864|0.4075969159603119|0|2
558|0.3942852318286896|0.1216727271676063|0.4840419888496399|2|2
559|0.5383203625679016|0.0200728010386228|0.4416068196296692|0|2
560|0.3646653890609741|0.1433357149362564|0.4919989705085754|2|2
561|0.6292668581008911|0.0442758090794086|0.3264572620391845|0|2
562|0.6748961806297302|0.0709105506539344|0.2541932463645935|0|2
563|0.1971175521612167|0.0413510575890541|0.761531412601471|2|2
564|0.3864981234073639|0.0404854044318199|0.5730164647102356|2|2
565|0.4680863618850708|0.0928315445780754|0.4390820860862732|0|2
566|0.5042067766189575|0.0464250817894935|0.4493681192398071|0|2
567|0.6460304260253906|0.0544407218694686|0.2995288074016571|0|2
568|0.6470623016357422|0.0571074932813644|0.2958301901817322|0|0
569|0.375212699174881|0.1126988902688026|0.512088418006897|2|2
570|0.61285400390625|0.0312597379088401|0.3558862209320068|0|0
571|0.4640079736709595|0.0224101655185222|0.5135818719863892|2|2
572|0.6369787454605103|0.0584832653403282|0.3045380115509033|0|2
573|0.6086801290512085|0.0403719209134578|0.3509480059146881|0|0
574|0.3857592940330505|0.0484096482396125|0.5658310651779175|2|2
575|0.4776517450809479|0.1768655031919479|0.3454827666282654|0|2
576|0.493338406085968|0.1446385830640792|0.3620229959487915|0|2
577|0.5928321480751038|0.0483917035162448|0.3587761223316192|0|0
578|0.3640258610248565|0.0288782976567745|0.6070958971977234|2|2
579|0.6769107580184937|0.0354931503534317|0.2875961065292358|0|2
580|0.3458038866519928|0.0440735556185245|0.6101225018501282|2|2
581|0.5819276571273804|0.032906673848629|0.3851656317710876|0|2
582|0.4885065257549286|0.0300625097006559|0.4814309775829315|0|2
583|0.1995662599802017|0.0465499199926853|0.7538837790489197|2|2
584|0.6019588708877563|0.0703314319252967|0.3277097046375274|0|2
585|0.4474776983261108|0.0634706243872642|0.4890516996383667|2|2
586|0.6979637145996094|0.0404055155813694|0.2616307735443115|0|0
587|0.6049224138259888|0.1914035230875015|0.2036740332841873|0|0
588|0.6308004856109619|0.0577955842018127|0.3114038705825805|0|2
589|0.5419978499412537|0.0179794337600469|0.4400227665901184|0|0
590|0.4135682880878448|0.2208442240953445|0.365587443113327|0|2
591|0.3449206352233886|0.0240198355168104|0.6310595273971558|2|2
592|0.6871066093444824|0.0714418515563011|0.241451546549797|0|2
593|0.3140377998352051|0.0306998398154974|0.6552623510360718|2|2
594|0.3166232705116272|0.0315843969583511|0.6517922878265381|2|2
595|0.6126987934112549|0.0346320234239101|0.3526691794395447|0|2
596|0.5080394148826599|0.049995582550764|0.4419650733470917|0|2
597|0.6324097514152527|0.0222089253365993|0.3453812897205353|0|2
598|0.6117967963218689|0.0209391880780458|0.3672640323638916|0|2
599|0.5907829999923706|0.0509732216596603|0.3582437634468078|0|0
600|0.4349216520786285|0.041987519711256|0.5230908393859863|2|2
601|0.2841424942016601|0.225932091474533|0.4899253845214844|2|2
602|0.56463223695755|0.0245601665228605|0.4108076095581054|0|2
603|0.2694283723831177|0.0469866544008255|0.683584988117218|2|2
604|0.3789688646793365|0.0312561504542827|0.5897749662399292|2|2
605|0.7559987902641296|0.0185051653534173|0.2254961133003235|0|0
606|0.4328860342502594|0.0190906133502721|0.5480233430862427|2|2
607|0.5382331609725952|0.0327158756554126|0.4290509521961212|0|0
608|0.4661921560764313|0.0327757894992828|0.5010320544242859|2|2
609|0.59798663854599|0.0488415472209453|0.3531718552112579|0|2
610|0.4996556937694549|0.1073439344763755|0.3930003643035888|0|2
611|0.3851719498634338|0.1239147037267685|0.4909133315086365|2|2
612|0.544948160648346|0.2102274000644683|0.2448244094848632|0|2
613|0.4422477483749389|0.1268228739500045|0.4309293627738952|0|2
614|0.4336175620555877|0.0404653884470462|0.5259170532226562|2|0
615|0.5757567286491394|0.0449813418090343|0.3792619407176971|0|2
616|0.3741147816181183|0.0412128865718841|0.5846723318099976|2|2
617|0.4172937572002411|0.018855569884181|0.5638506412506104|2|2
618|0.609289824962616|0.024828415364027|0.3658817708492279|0|2
619|0.3250706493854522|0.0475861839950084|0.6273431777954102|2|2
620|0.502884566783905|0.0245373155921697|0.4725780785083771|0|2
621|0.5781293511390686|0.0280561130493879|0.3938144743442535|0|2
622|0.4052127301692962|0.061113566160202|0.5336737036705017|2|2
623|0.6066167950630188|0.0535406731069088|0.3398425281047821|0|2
624|0.5868637561798096|0.0687658637762069|0.344370424747467|0|2
625|0.7493025660514832|0.1331227868795395|0.1175745949149131|0|0
626|0.4566847383975982|0.079075738787651|0.4642395973205566|2|2
627|0.6505165696144104|0.0267916936427354|0.3226917386054992|0|0
628|0.382873386144638|0.1489177942276001|0.4682087898254394|2|2
629|0.5675184726715088|0.0281912889331579|0.4042901992797851|0|2
630|0.6253990530967712|0.0385448411107063|0.3360561430454254|0|0
631|0.6109079718589783|0.0501712746918201|0.3389207422733307|0|0
632|0.5493899583816528|0.1186481565237045|0.3319618701934814|0|2
633|0.6000990271568298|0.0350183770060539|0.364882618188858|0|2
634|0.4940928518772125|0.1143771037459373|0.3915300369262695|0|2
635|0.5093857049942017|0.0469297394156456|0.4436845779418945|0|0
636|0.4462034702301025|0.0340331681072711|0.5197633504867554|2|2
637|0.680924117565155|0.0384440757334232|0.280631810426712|0|2
638|0.4317763149738312|0.1608186364173889|0.4074050486087799|0|2
639|0.5539522767066956|0.0469553917646408|0.3990923166275024|0|2
640|0.1081859320402145|0.0126643320545554|0.8791497945785522|2|2
641|0.2693288922309875|0.0529434457421302|0.6777276992797852|2|2
642|0.6353774666786194|0.0266480892896652|0.337974488735199|0|0
643|0.4764686524868011|0.0488993115723133|0.4746321141719818|0|2
644|0.4191915988922119|0.0430594161152839|0.5377489924430847|2|2
645|0.5839444398880005|0.023423109203577|0.392632395029068|0|0
646|0.3706927299499511|0.035978153347969|0.5933291912078857|2|2
647|0.5469895005226135|0.0261434372514486|0.4268670678138733|0|0
648|0.3353856801986694|0.0279963295906782|0.6366179585456848|2|2
649|0.5402113795280457|0.0841890498995781|0.375599592924118|0|2
650|0.6109311580657959|0.0717725455760955|0.3172962963581085|0|2
651|0.4875694513320923|0.0647871941328048|0.4476433098316192|0|0
652|0.4177871644496918|0.0298599209636449|0.552353024482727|2|2
653|0.3722640872001648|0.0350298285484313|0.5927061438560486|2|2
654|0.6992398500442505|0.0298382937908172|0.2709219455718994|0|0
655|0.5876120328903198|0.0227111559361219|0.3896768391132355|0|2
656|0.4773459434509277|0.0462960340082645|0.4763580560684204|0|2
657|0.4430614113807678|0.2863457500934601|0.2705927789211273|0|2
658|0.5531953573226929|0.0257271416485309|0.4210775196552276|0|2
659|0.5643504858016968|0.0593398548662662|0.3763096034526825|0|2
660|0.3059446513652801|0.0986988842487335|0.5953564047813416|2|2
661|0.3303228318691253|0.0610368140041828|0.6086403131484985|2|2
662|0.4724205136299133|0.0204926952719688|0.5070868134498596|2|2
663|0.3118201494216919|0.0518898256123065|0.6362900733947754|2|2
664|0.5013177394866943|0.0360845364630222|0.4625977277755737|0|2
665|0.5156289935112|0.0327253676950931|0.4516456425189972|0|2
666|0.4525879621505737|0.05098856985569|0.4964234828948974|2|2
667|0.4575481414794922|0.0801634415984153|0.4622883796691894|2|2
668|0.5435982942581177|0.0792397558689117|0.3771619796752929|0|2
669|0.5268189311027527|0.0460831634700298|0.4270979166030884|0|2
670|0.5609106421470642|0.0548846125602722|0.3842047154903412|0|0
671|0.4603109359741211|0.0185589790344238|0.5211300849914551|2|2
672|0.7067658305168152|0.0243904311209917|0.2688437402248382|0|0
673|0.662489116191864|0.0355954989790916|0.3019153773784637|0|2
674|0.3552629351615906|0.0903118625283241|0.5544252395629883|2|2
675|0.392288476228714|0.034182108938694|0.5735294222831726|2|2
676|0.4380324482917785|0.0225047431886196|0.5394628047943115|2|2
677|0.1935019195079803|0.0438941270112991|0.7626039981842041|2|2
678|0.5835909843444824|0.0389757864177227|0.3774332404136657|0|2
679|0.602164089679718|0.0207006838172674|0.3771353363990783|0|2
680|0.326555848121643|0.0226431526243686|0.6508010029792786|2|0
681|0.3117460310459137|0.1291909515857696|0.5590630769729614|2|2
682|0.5007681250572205|0.0486752949655056|0.4505566656589508|0|2
683|0.4354442358016968|0.0461928434669971|0.5183628797531128|2|2
684|0.6927635669708252|0.0787661075592041|0.2284703552722931|0|0
685|0.7132436037063599|0.0647408813238143|0.2220155149698257|0|2
686|0.5392807722091675|0.0192332584410905|0.4414860010147095|0|0
687|0.5600093603134155|0.0374926663935184|0.4024980068206787|0|2
688|0.3487480580806732|0.033877357840538|0.61737459897995|2|2
689|0.5040230751037598|0.299748420715332|0.196228489279747|0|0
690|0.472275972366333|0.051689326763153|0.4760347306728363|2|2
691|0.4470742344856262|0.0448004305362701|0.508125364780426|2|2
692|0.5008295178413391|0.0909283086657524|0.4082421362400055|0|2
693|0.2878624498844147|0.0920011028647422|0.6201364994049072|2|2
694|0.6946978569030762|0.0333540849387645|0.2719480693340301|0|2
695|0.3785170316696167|0.1152203902602195|0.5062625408172607|2|2
696|0.316367894411087|0.0211588107049465|0.6624732613563538|2|2
697|0.5657985806465149|0.0383781045675277|0.3958232998847961|0|2
698|0.6071979403495789|0.1010745167732238|0.2917274534702301|0|2
699|0.3713696897029876|0.1034388542175293|0.5251914262771606|2|2
700|0.6356391906738281|0.0494812615215778|0.3148795962333679|0|2
701|0.6118593215942383|0.0669173151254654|0.3212233781814575|0|2
702|0.7763642072677612|0.0431712158024311|0.1804645955562591|0|0
703|0.5188823342323303|0.056615974754095|0.4245017468929291|0|2
704|0.3455307781696319|0.0637477040290832|0.5907215476036072|2|2
705|0.5707836747169495|0.0800076648592948|0.3492087125778198|0|0
706|0.4502975940704345|0.0469140112400054|0.5027883648872375|2|2
707|0.4556537270545959|0.0261483844369649|0.5181978940963745|2|2
708|0.5798910856246948|0.0233210828155279|0.3967878222465515|0|2
709|0.5119454860687256|0.0272883120924234|0.4607661962509155|0|2
710|0.4604791104793548|0.1184317246079444|0.4210891723632812|0|2
711|0.6011523008346558|0.0564172565937042|0.3424304127693176|0|0
712|0.3533258438110351|0.0571795515716075|0.5894945859909058|2|2
713|0.3210794925689697|0.1091175079345703|0.56980299949646|2|2
714|0.6526166200637817|0.0399960465729236|0.3073873221874237|0|2
715|0.3747262060642242|0.0505390353500843|0.5747347474098206|2|2
716|0.5750950574874878|0.055939570069313|0.3689654767513275|0|2
717|0.4976832270622253|0.0716396123170852|0.4306771755218506|0|0
718|0.4861170351505279|0.0275795087218284|0.486303448677063|2|2
719|0.4470259845256805|0.0345673225820064|0.5184066295623779|2|2
720|0.5232961177825928|0.1334861367940902|0.3432177007198334|0|2
721|0.0390440113842487|0.0369129218161106|0.92404305934906|2|2
722|0.6837272047996521|0.0342874974012374|0.2819852828979492|0|2
723|0.5103041529655457|0.1108504608273506|0.3788453638553619|0|1
724|0.5951797366142273|0.0582999289035797|0.3465202748775482|0|0
725|0.4140108227729797|0.0298240836709737|0.5561650991439819|2|2
726|0.551723062992096|0.0403378531336784|0.4079390466213226|0|0
727|0.6117093563079834|0.0516972541809082|0.3365934193134308|0|2
728|0.4791797995567322|0.0673765689134597|0.4534435868263244|0|0
729|0.4584574699401855|0.041297823190689|0.500244677066803|2|2
730|0.4868136346340179|0.0416723303496837|0.4715140461921692|0|2
731|0.2375287264585495|0.0698124542832374|0.6926588416099548|2|2
732|0.303464263677597|0.0586368106305599|0.6378989219665527|2|2
733|0.4633374214172363|0.0278998930007219|0.5087627172470093|2|2
734|0.3764223158359527|0.04218590259552|0.5813917517662048|2|2
735|0.5373358726501465|0.0194347370415925|0.4432293772697449|0|2
736|0.1870060265064239|0.0461797937750816|0.7668141722679138|2|2
737|0.6059081554412842|0.0345758572220802|0.3595160543918609|0|2
738|0.6315395832061768|0.0653290525078773|0.3031313717365265|0|2
739|0.3867909610271454|0.1387398540973663|0.4744692146778106|2|2
740|0.313877522945404|0.1610990762710571|0.5250234007835388|2|2
741|0.4645958542823791|0.0619433522224426|0.4734607934951782|2|0
742|0.4924845099449157|0.0556690320372581|0.4518464207649231|0|2
743|0.5005246996879578|0.033527947962284|0.4659473598003387|0|2
744|0.586205780506134|0.0472610369324684|0.3665331900119781|0|0
745|0.584258496761322|0.0967877805233001|0.3189537823200226|0|0
746|0.405889630317688|0.0279430337250232|0.5661673545837402|2|2
747|0.3039292693138122|0.0568945370614528|0.6391761898994446|2|0
748|0.4709930717945099|0.0238102115690708|0.5051966905593872|2|2
749|0.2214427888393402|0.0358508937060833|0.7427062392234802|2|2
750|0.4292271137237549|0.0390425249934196|0.5317303538322449|2|2
751|0.4992085695266723|0.0470633208751678|0.4537280797958374|0|2
752|0.5113153457641602|0.027279645204544|0.4614050388336181|0|0
753|0.5754905939102173|0.0741126239299774|0.3503968119621277|0|2
754|0.4186655879020691|0.0910238996148109|0.4903105199337005|2|2
755|0.4154572486877441|0.0314139872789382|0.5531287789344788|2|2
756|0.5896763205528259|0.0615792162716388|0.3487444519996643|0|2
757|0.4158788919448852|0.0413415096700191|0.5427795648574829|2|2
758|0.5618081092834473|0.0411397665739059|0.3970521092414856|0|2
759|0.5484718084335327|0.0208168011158704|0.4307113885879516|0|2
760|0.5892187356948853|0.1344091147184372|0.2763720750808716|0|0
761|0.75481778383255|0.0441911332309246|0.200991079211235|0|0
762|0.6563539505004883|0.0426860377192497|0.3009600639343261|0|0
763|0.7163028717041016|0.0739509239792823|0.2097462117671966|0|0
764|0.7055474519729614|0.0251607820391654|0.2692917883396148|0|0
765|0.4928214848041534|0.0372201651334762|0.4699583351612091|0|0
766|0.4406815469264984|0.0472113527357578|0.5121071338653564|2|2
767|0.4675844311714172|0.0338848307728767|0.4985307455062866|2|0
768|0.3989294469356537|0.1883571296930313|0.412713348865509|2|2
769|0.4152252078056335|0.0427086539566516|0.5420661568641663|2|2
770|0.4489942789077759|0.0513316951692104|0.499673992395401|2|2
771|0.3383776247501373|0.0660244897007942|0.5955978631973267|2|2
772|0.5955151319503784|0.0446327030658721|0.359852135181427|0|2
773|0.4095405638217926|0.0315966978669166|0.5588628053665161|2|2
774|0.472089022397995|0.0403524003922939|0.4875585436820984|2|2
775|0.3716277480125427|0.0696254074573516|0.5587468147277832|2|2
776|0.5251733660697937|0.0502367429435253|0.4245898723602295|0|2
777|0.5266844034194946|0.052887924015522|0.4204276502132416|0|2
778|0.6846473813056946|0.0584170073270797|0.2569355368614197|0|2
779|0.3918536007404327|0.0326965488493442|0.5754498839378357|2|2
780|0.4490469992160797|0.2117606997489929|0.3391923010349273|0|0
781|0.6147841215133667|0.0307166315615177|0.3544992506504059|0|2
782|0.5000864863395691|0.0565320923924446|0.4433813691139221|0|2
783|0.4024946987628937|0.4386172890663147|0.1588879972696304|1|0
784|0.4103835821151733|0.0638906210660934|0.525725781917572|2|2
785|0.4508307874202728|0.0682854056358337|0.4808838665485382|2|2
786|0.5595571398735046|0.0254291538149118|0.4150137305259704|0|2
787|0.5870238542556763|0.0806374698877334|0.3323386907577514|0|2
788|0.0426117926836013|0.02611387334764|0.9312742948532104|2|2
789|0.6141835451126099|0.0278486795723438|0.3579677641391754|0|0
790|0.420361191034317|0.1507481038570404|0.4288907051086426|2|2
791|0.3565756678581238|0.0582289882004261|0.5851953029632568|2|2
792|0.5158337354660034|0.0780478939414024|0.4061183929443359|0|2
793|0.3610032498836517|0.0291536878794431|0.6098430156707764|2|2
794|0.4650566577911377|0.0321445912122726|0.5027987957000732|2|0
795|0.4470135271549225|0.0460837483406066|0.5069026947021484|2|2
796|0.5435830950737|0.0547924898564815|0.4016244113445282|0|2
797|0.5300027132034302|0.0935183390974998|0.3764789402484894|0|2
798|0.6837764978408813|0.0350275300443172|0.2811959087848663|0|0
799|0.479359358549118|0.0271483436226844|0.4934923350811004|2|2
800|0.4816113114356994|0.0206638667732477|0.4977248311042785|2|2
801|0.3709087967872619|0.0423093475401401|0.5867818593978882|2|2
802|0.469753235578537|0.039123248308897|0.4911234974861145|2|2
803|0.5656306743621826|0.1031690239906311|0.3312003016471863|0|2
804|0.5570592284202576|0.0305389333516359|0.4124018549919128|0|2
805|0.3179124891757965|0.0355745591223239|0.6465129852294922|2|2
806|0.6073965430259705|0.1056728661060333|0.286930650472641|0|2
807|0.5493397116661072|0.0359355099499225|0.4147247970104217|0|0
808|0.4833719432353973|0.0820458382368087|0.4345822334289551|0|2
809|0.4223793447017669|0.0365832895040512|0.541037380695343|2|2
810|0.4210979342460632|0.0584156662225723|0.5204864144325256|2|2
811|0.4054518938064575|0.0229040775448083|0.5716440081596375|2|2
812|0.5234609246253967|0.0891054347157478|0.3874336779117584|0|0
813|0.3311108648777008|0.0335034467279911|0.6353856921195984|2|2
814|0.3694856166839599|0.0673812553286552|0.5631330609321594|2|2
815|0.5161871314048767|0.05685930326581|0.4269534945487976|0|2
816|0.4683089554309845|0.0667042061686515|0.4649868011474609|0|2
817|0.657247006893158|0.0314410179853439|0.3113120496273041|0|2
818|0.4393994212150574|0.1098110601305961|0.4507895708084106|2|2
819|0.5184805989265442|0.0456855632364749|0.4358338713645935|0|2
820|0.566059410572052|0.0579853281378746|0.3759552836418152|0|2
821|0.4898997843265533|0.0702892616391182|0.439810961484909|0|2
822|0.6990246176719666|0.0290585197508335|0.2719168663024902|0|2
823|0.6089604496955872|0.0873549580574035|0.3036845922470093|0|2
824|0.3865461051464081|0.0252502616494894|0.5882036685943604|2|2
825|0.5637785196304321|0.0301368180662393|0.4060846269130707|0|2
826|0.770930826663971|0.0180116556584835|0.2110574841499328|0|0
827|0.5833787322044373|0.0486917234957218|0.367929607629776|0|2
828|0.2513030767440796|0.049167226999998|0.6995297074317932|2|0
829|0.4772727191448211|0.0909009203314781|0.4318263232707977|0|0
830|0.5197729468345642|0.0421651266515255|0.4380619525909424|0|2
831|0.4528040587902069|0.0291492398828268|0.5180467367172241|2|2
832|0.5298746228218079|0.0668067708611488|0.4033186435699463|0|2
833|0.4666234850883484|0.0183537248522043|0.5150228142738342|2|2
834|0.6883180737495422|0.0145849306136369|0.2970970273017883|0|2
835|0.500269889831543|0.0247981306165456|0.4749319851398468|0|2
836|0.5757517218589783|0.0660963132977485|0.3581520020961761|0|2
837|0.0581343509256839|0.0147955873981118|0.9270700216293336|2|2
838|0.2295415848493576|0.0467738360166549|0.7236846089363098|2|2
839|0.4971500933170318|0.0353700667619705|0.4674798548221588|0|2
840|0.4008180797100067|0.0296529103070497|0.5695289969444275|2|2
841|0.4075315296649933|0.0990617051720619|0.493406742811203|2|0
842|0.4741320312023163|0.1683411300182342|0.3575268387794494|0|2
843|0.2811413407325744|0.0558699816465377|0.6629886627197266|2|2
844|0.6102803349494934|0.0638118758797645|0.3259077668190002|0|0
845|0.4512284994125366|0.0401679836213588|0.5086034536361694|2|2
846|0.4530377388000488|0.061982687562704|0.4849795997142792|2|2
847|0.3460682928562164|0.0501048266887664|0.6038268804550171|2|2
848|0.2614707052707672|0.1182686239480972|0.6202606558799744|2|2
849|0.3062370419502258|0.2160102128982544|0.4777527153491974|2|2
850|0.7619320154190063|0.0256419517099857|0.2124260663986206|0|0
851|0.6506878733634949|0.0418909527361393|0.3074211776256561|0|0
852|0.4342168867588043|0.1910459846258163|0.3747371733188629|0|2
853|0.5390690565109253|0.024357721209526|0.436573177576065|0|0
854|0.4694025814533233|0.0866980031132698|0.4438993334770202|0|2
855|0.5900095105171204|0.0234508365392684|0.3865396678447723|0|0
856|0.3785130381584167|0.0966149270534515|0.5248720049858093|2|0
857|0.5560224652290344|0.024915799498558|0.4190617501735687|0|2
858|0.4626571238040924|0.0592421479523181|0.4781006574630737|2|2
859|0.4619545936584472|0.0385994687676429|0.4994459152221679|2|2
860|0.3833656311035156|0.023700077086687|0.5929343104362488|2|2
861|0.3825283050537109|0.1841009706258773|0.4333707094192505|2|2
862|0.6177014708518982|0.0409231558442115|0.3413753807544708|0|2
863|0.4700884222984314|0.0413663461804389|0.4885452091693878|2|2
864|0.450731873512268|0.0208791866898536|0.5283889770507812|2|2
865|0.3670316636562347|0.0999466106295585|0.5330216884613037|2|0
866|0.528815746307373|0.0690555423498153|0.4021287858486175|0|0
867|0.5010592341423035|0.0463381223380565|0.4526026546955108|0|0
868|0.5848214626312256|0.2155295610427856|0.1996490061283111|0|1
869|0.4099984467029571|0.0254134591668844|0.5645881295204163|2|2
870|0.4353240430355072|0.0555991530418396|0.5090767741203308|2|2
871|0.6753052473068237|0.068175308406353|0.2565194368362427|0|0
872|0.5727910399436951|0.0915657356381416|0.3356432318687439|0|2
873|0.3784429728984833|0.0321698635816574|0.5893871784210205|2|2
874|0.6291382312774658|0.0377635732293129|0.3330982327461242|0|2
875|0.67335444688797|0.0254879742860794|0.3011576235294342|0|2
876|0.2806720435619354|0.0591682754456996|0.6601596474647522|2|2
877|0.6900798678398132|0.0409410409629344|0.2689790725708008|0|2
878|0.5902649760246277|0.0343773253262043|0.3753577470779419|0|2
879|0.4463224112987518|0.0511957332491874|0.5024818778038025|2|2
880|0.379494845867157|0.0249927081167697|0.5955124497413635|2|2
881|0.5638860464096069|0.0206363629549741|0.4154775440692901|0|2
882|0.5409181118011475|0.0379314720630645|0.4211504161357879|0|2
883|0.3199207186698913|0.0967501476407051|0.5833291411399841|2|2
884|0.6615598797798157|0.0552999898791313|0.2831400632858276|0|0
885|0.5352023243904114|0.0224135741591453|0.4423840939998626|0|2
886|0.5737713575363159|0.0320833511650562|0.3941453099250793|0|2
887|0.5207486748695374|0.0542676709592342|0.4249836504459381|0|2
888|0.5467769503593445|0.0362330414354801|0.4169900119304657|0|2
889|0.509492039680481|0.0298433378338813|0.460664689540863|0|2
890|0.560872495174408|0.0214151889085769|0.4177123010158539|0|2
891|0.5786764025688171|0.0316655971109867|0.389657974243164|0|2
892|0.58025062084198|0.1964529305696487|0.22329643368721|0|0
893|0.5978978276252747|0.0311632025986909|0.3709389865398407|0|2
894|0.6014218926429749|0.0339986458420753|0.3645794689655304|0|2
895|0.556713879108429|0.0319376215338707|0.4113484919071197|0|2
896|0.1532181799411773|0.0389256626367569|0.8078562021255493|2|2
897|0.4250368475914001|0.0301797222346067|0.5447834730148315|2|2
898|0.5071523785591125|0.0837291330099105|0.4091184735298157|0|2
899|0.6205659508705139|0.0403511971235275|0.3390828967094421|0|2
900|0.4741186797618866|0.0532158873975276|0.4726654291152954|0|2
901|0.3085229992866516|0.200976088643074|0.4905009269714355|2|2
902|0.6681638360023499|0.0302589684724807|0.3015772104263305|0|2
903|0.5063604712486267|0.0532769560813903|0.4403625726699829|0|2
904|0.4084178805351257|0.0193938203155994|0.5721882581710815|2|2
905|0.6977394223213196|0.0273300688713789|0.274930477142334|0|2
906|0.4995730817317962|0.0324870124459266|0.4679399132728576|0|2
907|0.565483033657074|0.0201519038528203|0.4143650531768799|0|2
908|0.3949709832668304|0.0948448404669761|0.5101841688156128|2|2
909|0.4366124272346496|0.0741281658411026|0.4892594218254089|2|2
910|0.5595395565032959|0.0322994776070117|0.4081609845161438|0|2
911|0.4415819644927978|0.0258428044617176|0.5325751900672913|2|0
912|0.5452393293380737|0.0303397141396999|0.4244209825992584|0|0
913|0.4161531329154968|0.0422538965940475|0.5415930151939392|2|2
914|0.488261878490448|0.0929485708475112|0.4187895357608795|0|2
915|0.6220243573188782|0.0272833779454231|0.3506921827793121|0|0
916|0.3174093663692474|0.0350221320986747|0.6475685238838196|2|2
917|0.4373791515827179|0.0220373068004846|0.5405835509300232|2|2
918|0.5887244939804077|0.0546167716383934|0.3566586673259735|0|2
919|0.5627875924110413|0.0311931371688842|0.4060193002223968|0|2
920|0.5342293977737427|0.0320947840809822|0.4336757957935333|0|2
921|0.4999048411846161|0.052693597972393|0.4474015831947326|0|2
922|0.2633373737335205|0.0750800371170044|0.6615826487541199|2|2
923|0.7234251499176025|0.0267270319163799|0.2498478144407272|0|0
924|0.6329848170280457|0.0501731522381305|0.3168420493602752|0|2
925|0.464638888835907|0.05440479144454|0.4809563457965851|2|2
926|0.4623107016086578|0.0272022727876901|0.5104870200157166|2|2
927|0.5734041929244995|0.0389994755387306|0.3875962793827057|0|2
928|0.3550417423248291|0.0493928492069244|0.5955654382705688|2|2
929|0.4638115167617798|0.0384846702218055|0.4977038204669952|2|2
930|0.373774766921997|0.0467130132019519|0.5795121788978577|2|2
931|0.420920729637146|0.0626964420080185|0.5163828730583191|2|2
932|0.4754636585712433|0.1502182781696319|0.3743180632591247|0|2
933|0.6076394319534302|0.051610205322504|0.3407503366470337|0|0
934|0.4239449501037597|0.0405036136507988|0.5355514287948608|2|2
935|0.3816271424293518|0.031323354691267|0.5870494842529297|2|2
936|0.6104441285133362|0.0661559402942657|0.323399931192398|0|2
937|0.4523940086364746|0.0516890063881874|0.4959169626235962|2|2
938|0.5379102230072021|0.0254302360117435|0.4366595149040222|0|2
939|0.6053400039672852|0.0354080721735954|0.3592519760131836|0|2
940|0.3828063309192657|0.0519287213683128|0.5652649402618408|2|0
941|0.5522662997245789|0.057225614786148|0.3905080258846283|0|2
942|0.3723392486572265|0.0233556702733039|0.60430508852005|2|2
943|0.4903319478034973|0.0562017560005188|0.4534662663936615|0|2
944|0.3029071092605591|0.0521570332348346|0.6449358463287354|2|2
945|0.3706997036933899|0.03572229295969|0.5935779809951782|2|2
946|0.5330935716629028|0.0548768304288387|0.4120296239852905|0|2
947|0.44925457239151|0.0459367856383323|0.5048086047172546|2|2
948|0.3865673840045929|0.1279467493295669|0.4854858517646789|2|1
949|0.4360010921955108|0.0341086126863956|0.5298902988433838|2|2
950|0.7055834531784058|0.1575652658939361|0.1368512958288192|0|0
951|0.7447027564048767|0.0316886864602565|0.2236086428165435|0|2
952|0.508877158164978|0.0214887242764234|0.469634085893631|0|2
953|0.4269511997699737|0.0217147506773471|0.551334023475647|2|2
954|0.7307609915733337|0.0235297977924346|0.2457092553377151|0|2
955|0.3401093780994415|0.0636564269661903|0.596234142780304|2|2
956|0.5963631868362427|0.0393485873937606|0.3642882108688354|0|0
957|0.5257561802864075|0.0478818342089653|0.4263619482517242|0|2
958|0.5328299403190613|0.0657970681786537|0.401373028755188|0|2
959|0.4538753628730774|0.0636458173394203|0.4824788570404053|2|2
960|0.5130107998847961|0.0222146958112716|0.4647745788097381|0|2
961|0.5609096884727478|0.0383776500821113|0.4007125794887543|0|2
962|0.3261231780052185|0.1597965955734253|0.5140801668167114|2|2
963|0.5419343709945679|0.0224932618439197|0.4355723261833191|0|2
964|0.403804063796997|0.0348643772304058|0.561331570148468|2|2
965|0.5907672643661499|0.0254520624876022|0.383780688047409|0|0
966|0.4785390794277191|0.054137147963047|0.4673237800598144|0|2
967|0.5759164094924927|0.0222133677452802|0.4018702507019043|0|2
968|0.4490931928157806|0.0468895062804222|0.5040172934532166|2|2
969|0.6773131489753723|0.0574993081390857|0.265187531709671|0|0
970|0.4853590428829193|0.1870230138301849|0.3276179432868957|0|2
971|0.2937526404857635|0.0311794131994247|0.6750679612159729|2|2
972|0.6102080345153809|0.070613257586956|0.3191787004470825|0|0
973|0.4500621259212494|0.0371057391166687|0.5128321051597595|2|2
974|0.5352268815040588|0.0340110249817371|0.4307621121406555|0|2
975|0.3306324779987335|0.02739167958498|0.6419758796691895|2|2
976|0.4264443814754486|0.0383066497743129|0.5352489948272705|2|2
977|0.3958646953105926|0.0234743673354387|0.5806609392166138|2|0
978|0.5222049951553345|0.04856413975358|0.4292308092117309|0|2
979|0.7553666234016418|0.0849294289946556|0.1597038954496383|0|0
980|0.5183635950088501|0.0305633842945098|0.4510730504989624|0|2
981|0.3465490937232971|0.0655864477157592|0.5878644585609436|2|2
982|0.6029367446899414|0.0770250633358955|0.3200381398200989|0|2
983|0.6235959529876709|0.1107994616031646|0.2656045854091644|0|2
984|0.1114794313907623|0.0128286499530076|0.8756918907165527|2|2
985|0.5335150361061096|0.0258909594267606|0.4405939877033233|0|2
986|0.5039868950843811|0.0386658161878585|0.4573472440242767|0|2
987|0.2611695528030395|0.0824583396315574|0.6563720703125|2|0
988|0.648452639579773|0.0316767767071723|0.3198705911636352|0|2
989|0.630889356136322|0.0633774846792221|0.3057330846786499|0|0
990|0.4152719676494598|0.0550738610327243|0.5296542048454285|2|2
991|0.5696420669555664|0.0413053929805755|0.3890525102615356|0|2
992|0.4385797679424286|0.0368735641241073|0.5245466232299805|2|2
993|0.4149180352687835|0.0242605917155742|0.5608213543891907|2|2
994|0.4904672801494598|0.0404463224112987|0.4690864384174347|0|2
995|0.4395956099033355|0.0503225922584533|0.5100818276405334|2|2
996|0.6374035477638245|0.0595859140157699|0.3030105233192444|0|0
997|0.3915746808052063|0.0268736314028501|0.5815516710281372|2|2
998|0.5767369270324707|0.0566191896796226|0.3666438460350036|0|0
999|0.485137939453125|0.050576277077198|0.4642858207225799|0|2
1000|0.6037725210189819|0.0288628973066806|0.3673644959926605|0|0
1001|0.4519070088863373|0.0210735443979501|0.5270194411277771|2|2
1002|0.5000044703483582|0.044304359704256|0.4556912183761596|0|2
1003|0.4078012704849243|0.0395175740122795|0.5526811480522156|2|2
1004|0.5510895252227783|0.0259256735444068|0.4229847490787506|0|2
1005|0.4886444211006164|0.2242104113101959|0.2871452271938324|0|0
1006|0.6622065305709839|0.0246155094355344|0.3131779134273529|0|2
1007|0.5047787427902222|0.0282993894070386|0.4669218957424164|0|2
1008|0.5263035297393799|0.0437484085559845|0.429948091506958|0|0
1009|0.4998322129249573|0.0537580475211143|0.4464097917079925|0|2
1010|0.412920206785202|0.0348633639514446|0.5522163510322571|2|2
1011|0.4261194467544555|0.0268688797950744|0.54701167345047|2|0
1012|0.5715371370315552|0.0517645068466663|0.37669837474823|0|2
1013|0.6487793326377869|0.026690300554037|0.3245303630828857|0|0
1014|0.517928421497345|0.0784454196691513|0.4036261737346649|0|0
1015|0.4215990006923675|0.0346937701106071|0.5437071919441223|2|2
1016|0.5285118222236633|0.0509683676064014|0.4205197989940643|0|2
1017|0.4305964410305023|0.0903272032737732|0.4790763556957245|2|2
1018|0.4590936005115509|0.0425660610198974|0.4983403384685516|2|2
1019|0.4259199500083923|0.0667840167880058|0.5072960257530212|2|0
1020|0.6698678135871887|0.0712803155183792|0.258851945400238|0|0
1021|0.5936540365219116|0.0307716820389032|0.3755742907524109|0|0
1022|0.1579687744379043|0.0376272685825824|0.8044039607048035|2|2
1023|0.4029925763607025|0.0270443353801965|0.5699630975723267|2|2
1024|0.6940494775772095|0.0443491376936435|0.2616013884544372|0|0
1025|0.5072988271713257|0.0409582145512104|0.451742947101593|0|2
1026|0.509600043296814|0.0276968479156494|0.4627031981945038|0|2
1027|0.5273889303207397|0.0394492894411087|0.4331618547439575|0|2
1028|0.4256080687046051|0.1597377061843872|0.4146542549133301|0|2
1029|0.4852957725524902|0.0475517995655536|0.4671524167060852|0|2
1030|0.2047943174839019|0.0402352288365364|0.7549704909324646|2|2
1031|0.6965811252593994|0.0236109886318445|0.2798078656196594|0|2
1032|0.567696213722229|0.0362408198416233|0.396062970161438|0|2
1033|0.5623579025268555|0.0459290295839309|0.3917130529880523|0|2
1034|0.4750809669494629|0.0200149547308683|0.5049040913581848|2|2
1035|0.4977700114250183|0.0743914172053337|0.4278385639190674|0|2
1036|0.5648568272590637|0.0574434772133827|0.3776996731758117|0|2
1037|0.4831511080265045|0.0388613305985927|0.4779875874519348|0|0
1038|0.3540293276309967|0.0242715142667293|0.6216990947723389|2|2
1039|0.6605643630027771|0.0321682021021842|0.3072674870491028|0|2
1040|0.5413718223571777|0.0872733071446418|0.3713548481464386|0|2
1041|0.7625986933708191|0.0707641914486885|0.1666371077299118|0|0
1042|0.4438164532184601|0.1507006734609604|0.4054828882217407|0|2
1043|0.7499869465827942|0.0479867756366729|0.202026292681694|0|0
1044|0.6271343231201172|0.0350894555449485|0.337776243686676|0|2
1045|0.6390219330787659|0.0615275353193283|0.2994504868984222|0|0
1046|0.4155705571174621|0.0664678066968917|0.5179616808891296|2|2
1047|0.687579333782196|0.0703249350190162|0.2420957535505294|0|0
1048|0.6176356673240662|0.0742037743330001|0.3081605732440948|0|2
1049|0.3391875624656677|0.0321758463978767|0.6286365985870361|2|2
1050|0.5243086814880371|0.117536224424839|0.3581550717353821|0|2
1051|0.6899202466011047|0.0365712232887744|0.2735085487365722|0|2
1052|0.725123405456543|0.0324642546474933|0.2424123287200927|0|0
1053|0.4131323397159576|0.0570697523653507|0.5297979116439819|2|2
1054|0.6223517656326294|0.1387716084718704|0.2388766705989837|0|0
1055|0.3542110323905945|0.0498108342289924|0.5959781408309937|2|2
1056|0.2589097023010254|0.0437913574278354|0.6972989439964294|2|2
1057|0.4862761795520782|0.1147690862417221|0.3989547789096832|0|2
1058|0.5407178997993469|0.0416476465761661|0.4176343977451324|0|2
1059|0.6450754404067993|0.0346040613949298|0.3203204274177551|0|0
1060|0.5676237940788269|0.0511569753289222|0.3812191784381866|0|2
1061|0.5157522559165955|0.0365548804402351|0.4476927816867828|0|2
1062|0.5695106983184814|0.0243188459426164|0.406170517206192|0|0
1063|0.4653598070144653|0.0621700063347816|0.4724701642990112|2|2
1064|0.7335258722305298|0.0667934790253639|0.1996805965900421|0|0
1065|0.3501278162002563|0.0856706127524375|0.5642015337944031|2|2
1066|0.4311159253120422|0.0363106243312358|0.5325734615325928|2|0
1067|0.6177728176116943|0.0335269197821617|0.3487002551555633|0|2
1068|0.5401535034179688|0.0226708836853504|0.4371755719184875|0|2
1069|0.3954576849937439|0.0509560890495777|0.5535862445831299|2|2
1070|0.5953013896942139|0.0920778214931488|0.3126208186149597|0|2
1071|0.6928592324256897|0.0316966623067855|0.2754441499710083|0|2
1072|0.4537968933582306|0.2157174497842788|0.3304856419563293|0|0
1073|0.473321259021759|0.0398021303117275|0.4868766367435455|2|2
1074|0.373559832572937|0.0444596000015735|0.5819805860519409|2|2
1075|0.6394408941268921|0.0476617999374866|0.3128973245620727|0|2
1076|0.6540135741233826|0.0313437841832637|0.3146426081657409|0|2
1077|0.6014533638954163|0.019289581105113|0.3792570531368255|0|0
1078|0.2864182591438293|0.0406051985919475|0.6729764938354492|2|2
1079|0.3628989458084106|0.0651811808347702|0.5719197988510132|2|2
1080|0.5893120169639587|0.05216920748353|0.3585187196731567|0|2
1081|0.4783731997013092|0.0759003162384033|0.4457264840602875|0|2
1082|0.3905756771564483|0.0524700917303562|0.5569543242454529|2|0
1083|0.6358308792114258|0.0256902165710926|0.3384789526462555|0|2
1084|0.3262259364128113|0.0363023206591606|0.6374717950820923|2|2
1085|0.5976597666740417|0.0483505129814147|0.3539897501468658|0|0
1086|0.3618289530277252|0.1208840012550354|0.5172870755195618|2|2
1087|0.6642731428146362|0.0692792907357215|0.2664476037025451|0|2
1088|0.7144668102264404|0.0645330250263214|0.2210002243518829|0|2
1089|0.5842171311378479|0.017887033522129|0.397895872592926|0|0
1090|0.4952675998210907|0.0408029928803443|0.4639293849468231|0|2
1091|0.6352687478065491|0.0278120916336774|0.3369191884994507|0|2
1092|0.3894161283969879|0.0281940288841724|0.5823898315429688|2|2
1093|0.5319770574569702|0.0315700732171535|0.4364528059959411|0|2
1094|0.3336186110973358|0.1490484625101089|0.517332911491394|2|2
1095|0.6009043455123901|0.0854639708995819|0.3136316537857055|0|0
1096|0.3261957168579101|0.1241969317197799|0.5496073365211487|2|2
1097|0.6648890376091003|0.0334856547415256|0.3016252815723419|0|2
1098|0.4708270132541656|0.064297929406166|0.4648750722408294|0|0
1099|0.3980776667594909|0.1591193526983261|0.4428029656410217|2|2
1100|0.4417089223861694|0.0412752702832222|0.5170157551765442|2|2
1101|0.4727976322174072|0.0284696165472269|0.4987327754497528|2|2
1102|0.6202967762947083|0.0293478593230247|0.3503553569316864|0|2
1103|0.6676016449928284|0.0309241097420454|0.3014743030071258|0|2
1104|0.5187146067619324|0.0243356153368949|0.4569497406482696|0|2
1105|0.4256502389907837|0.0366729162633419|0.5376768708229065|2|2
1106|0.5988389849662781|0.044731106609106|0.3564299046993255|0|0
1107|0.576955258846283|0.0330737940967083|0.3899709284305572|0|2
1108|0.3762993216514587|0.0232384894043207|0.6004621982574463|2|2
1109|0.306004136800766|0.0514876544475555|0.6425082087516785|2|2
1110|0.3390184938907623|0.0356978848576545|0.6252835988998413|2|2
1111|0.3651869297027588|0.0899082422256469|0.5449048280715942|2|2
1112|0.4403494894504547|0.0723368003964424|0.4873137474060058|2|2
1113|0.4240606725215912|0.0290138963609933|0.5469253659248352|2|2
1114|0.389142245054245|0.0739608108997345|0.5368969440460205|2|2
1115|0.3978921771049499|0.0808301791548729|0.521277666091919|2|2
1116|0.6848748326301575|0.0602987669408321|0.2548263072967529|0|2
1117|0.5843395590782166|0.0238971654325723|0.391763299703598|0|2
1118|0.5096437931060791|0.0334878638386726|0.4568683505058288|0|2
1119|0.7121022939682007|0.0797423124313354|0.2081553488969802|0|0
1120|0.6548488736152649|0.0591524578630924|0.2859987616539001|0|0
1121|0.7565020322799683|0.022302608937025|0.2211953103542328|0|0
1122|0.4650723338127136|0.0446444675326347|0.490283191204071|2|2
1123|0.4690949618816376|0.1671816557645797|0.3637233972549438|0|2
1124|0.6620197296142578|0.0437432304024696|0.2942370772361755|0|2
1125|0.4073001742362976|0.0671892911195755|0.5255104899406433|2|2
1126|0.3386724293231964|0.2735646665096283|0.38776296377182|2|2
1127|0.441900372505188|0.2038968503475189|0.3542028069496155|0|0
1128|0.3760370314121246|0.0403645299375057|0.5835984945297241|2|2
1129|0.5768238306045532|0.0262064039707183|0.3969697952270508|0|2
1130|0.5693326592445374|0.0306173246353864|0.4000500738620758|0|2
1131|0.5980501174926758|0.022036911919713|0.3799130022525787|0|2
1132|0.6306506395339966|0.0199750419706106|0.3493742644786834|0|2
1133|0.5921748280525208|0.0546413958072662|0.3531837463378906|0|2
1134|0.5001870393753052|0.0234988126903772|0.4763141274452209|0|2
1135|0.661954402923584|0.0611113309860229|0.276934266090393|0|0
1136|0.5150986313819885|0.0258064046502113|0.4590948820114136|0|2
1137|0.4137125611305237|0.05649234354496|0.5297951698303223|2|2
1138|0.6246146559715271|0.1221922039985656|0.2531930804252624|0|2
1139|0.4450134336948395|0.0358902141451835|0.5190963745117188|2|2
1140|0.5902396440505981|0.0296654533594846|0.3800949156284332|0|2
1141|0.4063063561916351|0.2097690105438232|0.3839246034622192|0|2
1142|0.5943410992622375|0.0266617145389318|0.3789971768856048|0|2
1143|0.6281092762947083|0.0536584369838237|0.3182322680950165|0|2
1144|0.3299662470817566|0.0628648921847343|0.6071688532829285|2|2
1145|0.4922134280204773|0.0665260627865791|0.4412605464458465|0|2
1146|0.4061355590820312|0.0267944131046533|0.5670700669288635|2|0
1147|0.5693486332893372|0.0966222956776619|0.3340290784835815|0|2
1148|0.7417471408843994|0.0273032709956169|0.2309495508670807|0|0
1149|0.4722067415714264|0.0457420647144317|0.4820511937141418|2|2
1150|0.563771665096283|0.0256326477974653|0.4105956256389618|0|2
1151|0.3628210723400116|0.0938351526856422|0.5433437824249268|2|2
1152|0.4232119619846344|0.1009156927466392|0.4758723378181457|2|2
1153|0.3466873168945312|0.0539380498230457|0.5993746519088745|2|2
1154|0.6537961959838867|0.0506874285638332|0.2955164015293121|0|0
1155|0.5127322673797607|0.0700864195823669|0.4171812832355499|0|2
1156|0.6881236433982849|0.0766142085194587|0.2352622300386428|0|2
1157|0.5092558860778809|0.0233653932809829|0.4673787355422973|0|2
1158|0.64061039686203|0.0713280439376831|0.2880615592002868|0|0
1159|0.4545980095863342|0.0251994580030441|0.5202024579048157|2|2
1160|0.7377463579177856|0.0258069969713687|0.2364466488361358|0|2
1161|0.6289019584655762|0.0632847249507904|0.3078133463859558|0|2
1162|0.3000386655330658|0.0926278010010719|0.6073334813117981|2|2
1163|0.3418651223182678|0.152862548828125|0.5052723288536072|2|2
1164|0.4753769636154175|0.0301172081381082|0.4945058822631836|2|0
1165|0.4135666787624359|0.047774039208889|0.5386593341827393|2|0
1166|0.380240648984909|0.0505965426564216|0.5691628456115723|2|2
1167|0.3172968924045563|0.0973381251096725|0.5853649377822876|2|2
1168|0.2265351265668869|0.0540443062782287|0.7194206118583679|2|2
1169|0.4668805003166199|0.0529837757349014|0.4801357090473175|2|2
1170|0.6475198268890381|0.0488275215029716|0.3036526143550873|0|0
1171|0.6695566773414612|0.0272440556436777|0.303199291229248|0|0
1172|0.5572749376296997|0.0624257735908031|0.3802992403507232|0|2
1173|0.3732463717460632|0.0322192907333374|0.5945342779159546|2|0
1174|0.0513748936355114|0.0164925251156091|0.932132601737976|2|2
1175|0.511433482170105|0.0766313299536705|0.4119351804256439|0|0
1176|0.2691007852554321|0.0534953102469444|0.6774039268493652|2|2
1177|0.6437086462974548|0.0517423897981643|0.3045489490032196|0|0
1178|0.3278932571411133|0.0737889409065246|0.5983178019523621|2|2
1179|0.6055871248245239|0.0534982606768608|0.3409145772457123|0|2
1180|0.2642466723918915|0.0567923635244369|0.6789609789848328|2|2
1181|0.4471023976802826|0.0730191692709922|0.4798784852027893|2|2
1182|0.5207550525665283|0.0549274310469627|0.4243175387382507|0|0
1183|0.5107201933860779|0.0333149507641792|0.4559648931026459|0|2
1184|0.5863563418388367|0.0271433033049106|0.3865003287792206|0|2
1185|0.403841495513916|0.0932372957468032|0.5029212236404419|2|1
1186|0.5119195580482483|0.0573986023664474|0.430681824684143|0|2
1187|0.4072909951210022|0.1424318253993988|0.450277179479599|2|2
1188|0.3409547805786133|0.0765899121761322|0.5824553370475769|2|2
1189|0.7035958766937256|0.0275114942342042|0.2688926458358764|0|2
1190|0.4735321998596191|0.0245085023343563|0.5019593834877014|2|2
1191|0.2848189771175384|0.0476480759680271|0.6675329804420471|2|2
1192|0.3416264653205871|0.0488886050879955|0.6094849705696106|2|0
1193|0.55190509557724|0.0278143472969532|0.4202805459499359|0|2
1194|0.5908387303352356|0.0236622430384159|0.385498970746994|0|2
1195|0.4974343776702881|0.0787836238741874|0.4237819910049438|0|2
1196|0.4764213860034942|0.0621236562728881|0.4614548981189728|0|2
1197|0.6606384515762329|0.0755699947476387|0.2637915015220642|0|0
1198|0.3402024805545807|0.034279178828001|0.6255183219909668|2|2
1199|0.6392613649368286|0.0322108753025531|0.3285277187824249|0|2
1200|0.58128422498703|0.031035816296935|0.3876798748970032|0|2
1201|0.1791587471961975|0.0422332286834716|0.778607964515686|2|2
1202|0.4884480834007263|0.0632252544164657|0.4483266472816467|0|2
1203|0.4119488298892975|0.0360504053533077|0.5520007014274597|2|2
1204|0.24393031001091|0.0204612109810113|0.7356084585189819|2|2
1205|0.47615647315979|0.0276308674365282|0.4962126314640045|2|2
1206|0.056162767112255|0.015129460953176|0.9287077784538268|2|2
1207|0.3417555093765259|0.0350958928465843|0.6231485605239868|2|2
1208|0.2164545208215713|0.1283951848745346|0.655150294303894|2|2
1209|0.4338498413562774|0.0248137358576059|0.5413364171981812|2|2
1210|0.3138900399208069|0.0209352262318134|0.6651747226715088|2|2
1211|0.5666517615318298|0.0337515957653522|0.399596631526947|0|0
1212|0.6408374905586243|0.0242333803325891|0.3349291682243347|0|2
1213|0.3402554392814636|0.2622914910316467|0.3974530696868896|2|2
1214|0.6446765661239624|0.1105361729860305|0.244787260890007|0|0
1215|0.4223810136318207|0.0453930906951427|0.5322259068489075|2|2
1216|0.4294127821922302|0.0371677502989769|0.5334194898605347|2|2
1217|0.3696751892566681|0.0355468019843101|0.5947780013084412|2|2
1218|0.6506580710411072|0.0617307163774967|0.2876112163066864|0|0
1219|0.6022129058837891|0.0509290434420108|0.3468580543994903|0|2
1220|0.4708102941513061|0.026514621451497|0.5026751160621643|2|2
1221|0.3747228682041168|0.0404639616608619|0.584813117980957|2|2
1222|0.3320771157741546|0.0320641286671161|0.6358587741851807|2|2
1223|0.6597838997840881|0.0628738105297088|0.2773423194885254|0|0
1224|0.4991277754306793|0.0284576173871755|0.4724146127700805|0|2
1225|0.6891658902168274|0.05015804246068|0.2606760859489441|0|2
1226|0.523645281791687|0.1202174499630928|0.3561372756958008|0|2
1227|0.5809178948402405|0.0267194174230098|0.3923626542091369|0|2
1228|0.3062746226787567|0.0601938925683498|0.6335315108299255|2|2
1229|0.6412009596824646|0.037719253450632|0.3210797905921936|0|0
1230|0.3868348896503448|0.1192270740866661|0.4939380288124084|2|0
1231|0.4841125309467315|0.0186846572905778|0.4972027540206909|2|2
1232|0.5613061785697937|0.0282692443579435|0.4104245603084564|0|2
1233|0.5038576126098633|0.0314395911991596|0.4647027552127838|0|2
1234|0.5390735864639282|0.0186059866100549|0.4423204362392425|0|2
1235|0.5130879282951355|0.0608748011291027|0.4260372519493103|0|2
1236|0.6390495896339417|0.024695161730051|0.3362552523612976|0|2
1237|0.51432865858078|0.0234111659228801|0.4622602164745331|0|2
1238|0.7484533190727234|0.0267860181629657|0.2247606217861175|0|0
1239|0.47587451338768|0.1079300418496131|0.4161954522132873|0|2
1240|0.6691325306892395|0.0220680404454469|0.3087994158267975|0|2
1241|0.3513114750385284|0.0627850219607353|0.585903525352478|2|2
1242|0.2985149025917053|0.0339788496494293|0.667506217956543|2|2
1243|0.6839044690132141|0.0275667179375886|0.2885287702083587|0|0
1244|0.4822492003440857|0.0415618158876895|0.4761890172958374|0|0
1245|0.2781744599342346|0.0273622442036867|0.694463312625885|2|2
1246|0.3112903535366058|0.0394868478178978|0.6492227911949158|2|2
1247|0.4814408421516418|0.0507650263607502|0.4677941799163818|0|2
1248|0.4733183085918426|0.0366482846438884|0.4900334179401397|2|2
1249|0.5507021546363831|0.0415051504969596|0.4077927470207214|0|2
1250|0.0283077899366617|0.0340505465865135|0.9376416206359864|2|2
1251|0.2106448709964752|0.0526826828718185|0.7366724014282227|2|2
1252|0.5236707329750061|0.0375236086547374|0.4388056993484497|0|2
1253|0.3049958050251007|0.0342662669718265|0.660737931728363|2|2
1254|0.5362834930419922|0.1412778198719024|0.3224387168884277|0|2
1255|0.5362992882728577|0.0213093310594558|0.4423913955688476|0|2
1256|0.6235600709915161|0.0656656324863433|0.3107742965221405|0|2
1257|0.7785872220993042|0.0351382680237293|0.1862744837999344|0|2
1258|0.4735077917575836|0.0683382824063301|0.4581539332866668|0|2
1259|0.395173043012619|0.0775176584720611|0.5273093581199646|2|0
1260|0.3802627027034759|0.0454849116504192|0.5742524266242981|2|2
1261|0.6827828884124756|0.0312344226986169|0.2859827578067779|0|0
1262|0.4641474485397339|0.0265015661716461|0.5093509554862976|2|2
1263|0.3999824523925781|0.0424339435994625|0.5575835704803467|2|2
1264|0.4655149281024933|0.0435897335410118|0.4908953309059143|2|2
1265|0.4113694727420807|0.0539817549288272|0.5346487760543823|2|2
1266|0.0298773869872093|0.0274013746529817|0.9427212476730348|2|2
1267|0.601809024810791|0.0290895458310842|0.3691014349460602|0|2
1268|0.032736662775278|0.061346136033535|0.9059171676635742|2|2
1269|0.5770066380500793|0.0831017345190048|0.3398916721343994|0|2
1270|0.608880341053009|0.0373176075518131|0.3538020849227905|0|0
1271|0.543062150478363|0.0308460406959056|0.4260917603969574|0|2
1272|0.6188551187515259|0.1338857114315033|0.2472591549158096|0|0
1273|0.3597643971443176|0.0454357899725437|0.594799816608429|2|0
1274|0.6721458435058594|0.0247013326734304|0.3031528890132904|0|2
1275|0.4880805313587188|0.0447477661073207|0.4671717584133148|0|2
1276|0.5134239792823792|0.046897143125534|0.439678817987442|0|2
1277|0.0937057361006736|0.0239001810550689|0.8823940753936768|2|2
1278|0.5870530009269714|0.0981476381421089|0.3147993683815002|0|0
1279|0.5961266756057739|0.0383668392896652|0.365506500005722|0|0
1280|0.6140608191490173|0.0210674703121185|0.3648717105388641|0|2
1281|0.6448378562927246|0.0442278571426868|0.3109342455863952|0|2
1282|0.5455219745635986|0.0872167646884918|0.3672612607479095|0|2
1283|0.5777297019958496|0.0741646364331245|0.348105639219284|0|2
1284|0.3989745378494262|0.0414199456572532|0.5596054792404175|2|0
1285|0.0495462007820606|0.0291607696563005|0.9212930202484132|2|2
1286|0.4048356413841247|0.0636451169848442|0.5315192341804504|2|2
1287|0.2445144057273864|0.0229748785495758|0.7325106859207153|2|2
1288|0.6803365349769592|0.0206148456782102|0.2990485727787018|0|2
1289|0.5515650510787964|0.0245732981711626|0.4238616526126861|0|2
1290|0.4642430245876312|0.0281133707612752|0.5076435804367065|2|2
1291|0.3363633453845978|0.0362144894897937|0.6274221539497375|2|2
1292|0.354048490524292|0.1772527694702148|0.4686987400054931|2|2
1293|0.0914741531014442|0.0119018610566854|0.8966240286827087|2|2
1294|0.3519109785556793|0.0656591951847076|0.5824297666549683|2|2
1295|0.2772423326969147|0.0259985029697418|0.6967592239379883|2|2
1296|0.316298633813858|0.0274590291082859|0.6562423706054688|2|2
1297|0.6370423436164856|0.0441237576305866|0.3188339173793793|0|2
1298|0.2387843281030655|0.0355995334684848|0.7256161570549011|2|2
1299|0.5940771698951721|0.0795593038201332|0.3263635337352752|0|2
1300|0.4928554892539978|0.0340273082256317|0.4731171727180481|0|2
1301|0.5771496295928955|0.0587264224886894|0.3641239404678345|0|2
1302|0.4523996412754059|0.0262337774038314|0.5213665962219238|2|2
1303|0.4861005246639251|0.0356086008250713|0.4782908856868744|0|0
1304|0.6973367929458618|0.0652503222227096|0.2374128997325897|0|0
1305|0.4310281574726105|0.0329612754285335|0.5360106229782104|2|0
1306|0.5219922661781311|0.0321995764970779|0.4458082020282745|0|2
1307|0.4450754821300506|0.0312965661287307|0.5236279964447021|2|2
1308|0.1574067771434784|0.1172741502523422|0.7253190279006958|2|2
1309|0.0389023385941982|0.0212173927575349|0.9398802518844604|2|2
1310|0.493476539850235|0.0520417280495166|0.454481691122055|0|2
1311|0.4685904383659363|0.1081877946853637|0.4232218265533447|0|2
1312|0.5773149132728577|0.0762918889522552|0.3463931977748871|0|2
1313|0.4588679671287536|0.0392823331058025|0.5018497109413147|2|2
1314|0.4553541541099548|0.191085860133171|0.3535600006580353|0|2
1315|0.5774557590484619|0.0519882179796695|0.3705560266971588|0|0
1316|0.3033978343009949|0.0874364525079727|0.6091657280921936|2|2
1317|0.4290803968906402|0.220426857471466|0.3504927158355713|0|2
1318|0.5789295434951782|0.0296497233211994|0.3914207816123962|0|0
1319|0.516866147518158|0.0350208505988121|0.4481130242347717|0|2
1320|0.43916717171669|0.0205319859087467|0.5403008460998535|2|2
1321|0.4042895436286926|0.0192337706685066|0.5764766931533813|2|2
1322|0.5837427973747253|0.0255183652043342|0.3907388746738434|0|2
1323|0.5813891887664795|0.060830969363451|0.3577798902988434|0|0
1324|0.4870269298553467|0.0449994169175624|0.4679736196994781|0|2
1325|0.3496779799461365|0.0790212005376815|0.571300745010376|2|2
1326|0.1525212973356247|0.0590288303792476|0.7884498238563538|2|2
1327|0.5616202354431152|0.0176438838243484|0.4207358360290527|0|2
1328|0.4092587530612945|0.090628795325756|0.5001124739646912|2|2
1329|0.6414722800254822|0.0666055083274841|0.2919222116470337|0|0
1330|0.5592944025993347|0.0343389473855495|0.4063666462898254|0|2
1331|0.6257225871086121|0.0545217618346214|0.3197556436061859|0|2
1332|0.5467372536659241|0.0267685409635305|0.4264942407608032|0|2
1333|0.4977374672889709|0.1248065084218978|0.3774560391902923|0|2
1334|0.5691955089569092|0.0342273190617561|0.3965772092342376|0|2
1335|0.4795311987400055|0.0905960500240325|0.4298727810382843|0|2
1336|0.6082523465156555|0.0367137975990772|0.3550338745117187|0|2
1337|0.7226684093475342|0.0721164569258689|0.2052151411771774|0|0
1338|0.4904865324497223|0.0508720874786376|0.45864138007164|0|0
1339|0.4587821066379547|0.1099655851721763|0.4312523007392883|0|2
1340|0.3618400692939758|0.0483574494719505|0.5898024439811707|2|2
1341|0.6751139163970947|0.0283171776682138|0.2965688407421112|0|2
1342|0.4819729924201965|0.0653056427836418|0.4527213275432586|0|2
1343|0.4984593689441681|0.0262475777417421|0.4752930104732513|0|2
1344|0.3369836211204529|0.0365107953548431|0.6265056133270264|2|2
1345|0.3752194941043854|0.0577580407261848|0.567022442817688|2|2
1346|0.5839923620223999|0.0200261734426021|0.3959814310073852|0|2
1347|0.5161380767822266|0.031777374446392|0.4520845413208008|0|2
1348|0.5179771184921265|0.06563101708889|0.4163918495178222|0|2
1349|0.3788357973098755|0.0288700088858604|0.5922942161560059|2|2
1350|0.4893246591091156|0.0352567620575428|0.4754185676574707|0|2
1351|0.6316788196563721|0.0651794075965881|0.3031417429447174|0|0
1352|0.5871616005897522|0.0596734471619129|0.353164941072464|0|0
1353|0.4948371350765228|0.0672541558742523|0.4379087388515472|0|2
1354|0.5364438891410828|0.0409565009176731|0.422599583864212|0|2
1355|0.5550506114959717|0.0736782774329185|0.3712710440158844|0|2
1356|0.518541693687439|0.0782857835292816|0.4031725227832794|0|0
1357|0.6566535234451294|0.0668370723724365|0.2765094041824341|0|0
1358|0.4114783704280853|0.0859133750200271|0.5026082396507263|2|2
1359|0.6334592700004578|0.0291332267224788|0.3374075293540954|0|2
1360|0.4369233548641205|0.0478650107979774|0.5152116417884827|2|0
1361|0.4529857039451599|0.0408701710402965|0.506144106388092|2|0
1362|0.3707150518894195|0.0484859123826026|0.5807990431785583|2|2
1363|0.3018258213996887|0.104380115866661|0.5937939882278442|2|2
1364|0.4928873479366302|0.0336272716522216|0.473485380411148|0|0
1365|0.5645040273666382|0.067166730761528|0.3683292269706726|0|2
1366|0.6438888907432556|0.0346877947449684|0.3214233517646789|0|0
1367|0.3279844522476196|0.266759306192398|0.4052561521530151|2|2
1368|0.5779549479484558|0.0275016669183969|0.3945434093475342|0|2
1369|0.3382610976696014|0.0470548681914806|0.6146840453147888|2|2
1370|0.6523606181144714|0.0274459905922412|0.3201933801174164|0|2
1371|0.2588953375816345|0.0202725268900394|0.720832109451294|2|2
1372|0.5848455429077148|0.1205795779824256|0.29457488656044|0|2
1373|0.503879189491272|0.0290518533438444|0.4670689702033996|0|2
1374|0.6368165612220764|0.0406734570860862|0.3225100040435791|0|2
1375|0.4952551424503326|0.1137847453355789|0.390960156917572|0|2
1376|0.60013347864151|0.0365072824060916|0.3633592128753662|0|2
1377|0.5964800715446472|0.0452736429870128|0.3582462966442108|0|2
1378|0.5450244545936584|0.091865174472332|0.3631103932857513|0|2
1379|0.4802726209163666|0.0245946235954761|0.4951327443122864|2|2
1380|0.6193363666534424|0.0339456796646118|0.3467179536819458|0|2
1381|0.4182304739952087|0.097192108631134|0.4845774471759796|2|2
1382|0.6005009412765503|0.1051847040653228|0.2943143546581268|0|2
1383|0.5594061613082886|0.0308653246611356|0.4097285568714142|0|2
1384|0.5032221078872681|0.0584453828632831|0.4383324682712555|0|2
1385|0.6014556884765625|0.0600156858563423|0.3385286927223205|0|2
1386|0.5777169466018677|0.1094380989670753|0.3128449618816376|0|0
1387|0.4677977561950683|0.195372462272644|0.3368297815322876|0|0
1388|0.3896463513374328|0.0459674000740051|0.564386248588562|2|2
1389|0.5639522075653076|0.0290055703371763|0.4070422351360321|0|2
1390|0.4910809695720672|0.0372507572174072|0.4716682434082031|0|2
1391|0.6848099231719971|0.032638069242239|0.2825520634651184|0|2
1392|0.3934769034385681|0.0684734731912612|0.538049578666687|2|2
1393|0.7705278396606445|0.0260935686528682|0.2033785432577133|0|0
1394|0.6285321116447449|0.0583070516586303|0.3131608068943023|0|2
1395|0.2852184176445007|0.0752410218119621|0.6395405530929565|2|2
1396|0.4971997141838074|0.0301218349486589|0.4726784229278564|0|2
1397|0.5908792614936829|0.1663866341114044|0.2427341192960739|0|2
1398|0.2782740294933319|0.0428740233182907|0.6788519620895386|2|2
1399|0.4917743802070617|0.021603550761938|0.4866220951080322|0|0
1400|0.3862877786159515|0.1397657543420791|0.4739464521408081|2|2
1401|0.4454043507575989|0.064830869436264|0.4897647798061371|2|2
1402|0.6428672075271606|0.0243141110986471|0.3328186571598053|0|2
1403|0.635307252407074|0.0528313741087913|0.3118613660335541|0|0
1404|0.5683591365814209|0.018486576154828|0.4131543040275574|0|2
1405|0.409107357263565|0.0358253307640552|0.5550673007965088|2|2
1406|0.4949880540370941|0.055711805820465|0.4493001699447632|0|2
1407|0.3166684508323669|0.0634412690997123|0.6198902726173401|2|2
1408|0.5772217512130737|0.0279493480920791|0.3948288857936859|0|2
1409|0.4426440298557281|0.0362004004418849|0.5211555361747742|2|2
1410|0.5306371450424194|0.0344979539513587|0.4348649084568023|0|2
1411|0.4467986822128296|0.0580290108919143|0.4951722919940948|2|2
1412|0.5331234931945801|0.0573404319584369|0.409536063671112|0|2
1413|0.2414400726556778|0.2222189605236053|0.5363410115242004|2|2
1414|0.3810567557811737|0.0404695905745029|0.5784736275672913|2|2
1415|0.4259371161460876|0.0424309857189655|0.5316319465637207|2|2
1416|0.5292017459869385|0.0731511041522026|0.3976471424102783|0|2
1417|0.5098380446434021|0.0580507293343544|0.4321112632751465|0|2
1418|0.529020369052887|0.0330943502485752|0.4378852844238281|0|2
1419|0.5388787984848022|0.1097541451454162|0.3513670861721039|0|2
1420|0.3818173706531524|0.1087270081043243|0.5094555616378784|2|2
1421|0.4664239883422851|0.0725409984588623|0.4610349833965301|0|2
1422|0.4770387709140777|0.0439661107957363|0.478995144367218|2|2
1423|0.6003934741020203|0.0421388112008571|0.3574677109718323|0|0
1424|0.4223162233829498|0.0260990764945745|0.5515846610069275|2|2
1425|0.7227835655212402|0.0391378849744796|0.2380784898996353|0|0
1426|0.6573602557182312|0.0306252930313348|0.3120144307613373|0|2
1427|0.5832517743110657|0.0362736284732818|0.3804745972156524|0|2
1428|0.4911387264728546|0.0184200163930654|0.4904412031173706|0|2
1429|0.4271558821201324|0.0310737267136573|0.541770339012146|2|2
1430|0.4195801317691803|0.0252353940159082|0.5551844239234924|2|2
1431|0.5960214734077454|0.0915090665221214|0.3124693930149078|0|0
1432|0.51076340675354|0.0360395871102809|0.453197032213211|0|2
1433|0.4875179827213287|0.0764042809605598|0.4360777139663696|0|2
1434|0.4244101345539093|0.108869731426239|0.4667201638221741|2|2
1435|0.5999605655670166|0.0453671254217624|0.3546722829341888|0|0
1436|0.4934328496456146|0.0530314929783344|0.45353564620018|0|2
1437|0.2218143939971923|0.0324128940701484|0.745772659778595|2|2
1438|0.5642370581626892|0.0341243930160999|0.4016385674476623|0|2
1439|0.3496893942356109|0.0613907091319561|0.5889199376106262|2|2
1440|0.6322778463363647|0.0246569942682981|0.343065083026886|0|2
1441|0.568813145160675|0.0446658171713352|0.3865210711956024|0|0
1442|0.4281411170959472|0.109013520181179|0.4628454148769378|2|2
1443|0.5366910696029663|0.0805382803082466|0.3827706277370453|0|2
1444|0.6870872974395752|0.0207840520888566|0.2921286523342132|0|2
1445|0.5475439429283142|0.0212240871042013|0.4312319457530975|0|2
1446|0.7349071502685547|0.0225141681730747|0.2425786852836609|0|0
1447|0.2807042002677917|0.0611410662531852|0.6581547856330872|2|2
1448|0.5523272752761841|0.031790729612112|0.4158819317817688|0|2
1449|0.5181238055229187|0.0385551117360591|0.4433211386203766|0|2
1450|0.3170695602893829|0.042194664478302|0.6407356858253479|2|2
1451|0.6545761227607727|0.0712563395500183|0.274167537689209|0|0
1452|0.5209084749221802|0.0647029876708984|0.4143885374069214|0|2
1453|0.382671058177948|0.1158001348376274|0.501528799533844|2|2
1454|0.5203307271003723|0.0549638047814369|0.4247055053710937|0|2
1455|0.5217803120613098|0.0434309914708137|0.4347887635231018|0|2
1456|0.4984089434146881|0.0592029653489589|0.4423880875110626|0|2
1457|0.4069008529186249|0.0482057519257068|0.5448934435844421|2|2
1458|0.3264438509941101|0.0878740698099136|0.5856820940971375|2|2
1459|0.461336612701416|0.0400766655802726|0.4985868036746979|2|0
1460|0.4195941090583801|0.1057822406291961|0.4746236801147461|2|2
1461|0.5248452425003052|0.0222496557980775|0.4529051184654236|0|0
1462|0.4278175830841064|0.0217109695076942|0.5504714846611023|2|0
1463|0.5182551145553589|0.0217367578297853|0.4600081145763397|0|2
1464|0.4355419278144836|0.0944276005029678|0.4700304865837097|2|2
1465|0.5028892755508423|0.0224677398800849|0.4746429920196533|0|0
1466|0.4848242700099945|0.0529538393020629|0.4622219204902649|0|2
1467|0.6104328632354736|0.0250868238508701|0.3644803166389465|0|0
1468|0.6335498094558716|0.0491230227053165|0.3173271715641022|0|0
1469|0.550082802772522|0.0715336352586746|0.3783835470676422|0|2
1470|0.3994565308094024|0.039585705846548|0.5609577298164368|2|2
1471|0.2600234746932983|0.0534916408360004|0.6864848732948303|2|2
1472|0.4352772533893585|0.0750970914959907|0.4896256625652313|2|2
1473|0.6363980174064636|0.0384402908384799|0.3251616656780243|0|2
1474|0.5072809457778931|0.0640308111906051|0.428688108921051|0|2
1475|0.3074072003364563|0.0786117687821388|0.6139810085296631|2|2
1476|0.5878387093544006|0.0627903640270233|0.3493708670139313|0|2
1477|0.5315601229667664|0.0294878929853439|0.4389519095420837|0|2
1478|0.1958896070718765|0.1424969136714935|0.6616135239601135|2|2
1479|0.4140231013298034|0.0325057469308376|0.5534711480140686|2|2
1480|0.3108362853527069|0.0444606095552444|0.6447030901908875|2|2
1481|0.3115279674530029|0.0416536107659339|0.6468184590339661|2|2
1482|0.4531898498535156|0.0202317256480455|0.5265783667564392|2|2
1483|0.6547097563743591|0.0532103367149829|0.292079895734787|0|2
1484|0.161021739244461|0.0319859534502029|0.8069923520088196|2|2
1485|0.5218533873558044|0.0280762296169996|0.4500703811645508|0|2
1486|0.4703166782855987|0.0710761919617652|0.4586070477962494|0|2
1487|0.6021952629089355|0.0374784730374813|0.3603262901306152|0|2
1488|0.4402545392513275|0.0459359027445316|0.5138095021247864|2|2
1489|0.480504035949707|0.0318036079406738|0.4876923561096191|2|0
1490|0.4603588879108429|0.0277359280735254|0.5119051933288574|2|2
1491|0.6000874042510986|0.0346169136464595|0.3652957379817962|0|2
1492|0.4363893270492553|0.033938318490982|0.529672384262085|2|2
1493|0.5866154432296753|0.0325281284749507|0.380856454372406|0|2
1494|0.6792153120040894|0.0262086745351552|0.2945760190486908|0|2
1495|0.4922488033771515|0.05169378221035|0.4560574293136596|0|2
1496|0.4387973546981811|0.1290983408689499|0.4321043193340301|0|2
1497|0.5805460810661316|0.0332520231604576|0.3862018883228302|0|2
1498|0.5703974962234497|0.0197557006031274|0.4098467826843261|0|2
1499|0.536032497882843|0.0573964118957519|0.4065711200237274|0|2
1500|0.6255767345428467|0.0667146071791648|0.3077086508274078|0|2
1501|0.4304622113704681|0.1013527810573577|0.4681850075721741|2|2
1502|0.5039752721786499|0.0691342651844024|0.4268904626369476|0|2
1503|0.2651565968990326|0.0321092344820499|0.7027341723442078|2|2
1504|0.5313964486122131|0.1088898181915283|0.3597137331962585|0|2
1505|0.1181667149066925|0.0247720815241336|0.8570612668991089|2|2
1506|0.53050696849823|0.0519505366683006|0.4175425171852112|0|2
1507|0.6215771436691284|0.1227358505129814|0.2556870281696319|0|0
1508|0.4798699617385864|0.0267573744058609|0.4933726489543915|2|0
1509|0.6542353630065918|0.0313624031841754|0.3144022226333618|0|2
1510|0.3427358269691467|0.041393008083105|0.6158711910247803|2|2
1511|0.6084195971488953|0.0438530854880809|0.3477272987365722|0|0
1512|0.5938876271247864|0.046939380466938|0.3591729998588562|0|2
1513|0.6918841004371643|0.0426166504621505|0.2654992341995239|0|0
1514|0.5180478096008301|0.041954331099987|0.4399978518486023|0|0
1515|0.4505137801170349|0.0371657535433769|0.5123203992843628|2|0
1516|0.2792850732803345|0.0363725423812866|0.6843423843383789|2|2
1517|0.6806139945983887|0.0327271707355976|0.2866588532924652|0|2
1518|0.537286102771759|0.0597003884613513|0.4030134975910187|0|2
1519|0.6820002794265747|0.0502146147191524|0.2677850723266601|0|0
1520|0.3747356235980987|0.2081561684608459|0.4171081781387329|2|2
1521|0.631608784198761|0.0472913049161434|0.3210999369621277|0|2
1522|0.5210036635398865|0.0417172275483608|0.4372791349887848|0|2
1523|0.4748862683773041|0.058863740414381|0.4662500619888305|0|2
1524|0.4638870656490326|0.0643888115882873|0.47172412276268|2|2
1525|0.6032980680465698|0.0445483438670635|0.3521535992622375|0|2
1526|0.3379032611846924|0.0352923572063446|0.6268044114112854|2|2
1527|0.6363540291786194|0.0527502782642841|0.310895711183548|0|2
1528|0.4576735198497772|0.0392054691910743|0.503121018409729|2|2
1529|0.6051216125488281|0.0515535064041614|0.3433249294757843|0|0
1530|0.5657980442047119|0.0296398475766181|0.4045622050762176|0|2
1531|0.4758979976177215|0.0395765416324138|0.4845255315303802|2|2
1532|0.5312034487724304|0.056608360260725|0.4121882021427154|0|2
1533|0.4261833429336548|0.1332571655511856|0.4405595064163208|2|2
1534|0.5227444171905518|0.0695029348134994|0.4077526330947876|0|2
1535|0.6777403354644775|0.0229892265051603|0.2992703914642334|0|2
1536|0.3516987860202789|0.0738644152879715|0.5744367837905884|2|2
1537|0.615060567855835|0.0271414164453744|0.3577980101108551|0|2
1538|0.6157990097999573|0.0526729673147201|0.3315280377864837|0|2
1539|0.6212207674980164|0.0390269346535205|0.3397523164749145|0|0
1540|0.6229907870292664|0.0304111018776893|0.3465981483459472|0|2
1541|0.4397810995578766|0.1685559451580047|0.3916629254817962|0|0
1542|0.4753246605396271|0.0692357197403907|0.4554395973682403|0|2
1543|0.2762149274349212|0.0480941385030746|0.6756909489631653|2|2
1544|0.6173778772354126|0.0382724441587924|0.3443496227264404|0|2
1545|0.5137485265731812|0.0229907222092151|0.4632607400417328|0|2
1546|0.4113603830337524|0.1305517554283142|0.4580878019332886|2|2
1547|0.7686980366706848|0.0675941929221153|0.1637076735496521|0|0
1548|0.4731790125370025|0.0489117503166198|0.4779092669486999|2|2
1549|0.4483824670314789|0.0344520732760429|0.51716548204422|2|2
1550|0.5656126141548157|0.0399214960634708|0.3944658637046814|0|2
1551|0.6292060613632202|0.0758805945515632|0.2949133217334747|0|2
1552|0.496708869934082|0.0381251722574234|0.4651659727096557|0|2
1553|0.4436576068401336|0.1094722226262092|0.4468701481819153|2|0
1554|0.6149704456329346|0.029436144977808|0.3555933833122253|0|2
1555|0.572401225566864|0.1256462931632995|0.301952451467514|0|2
1556|0.3841115236282348|0.0555591061711311|0.5603293776512146|2|2
1557|0.4749108552932739|0.0507369823753833|0.4743522107601166|0|2
1558|0.4081878662109375|0.0740506201982498|0.5177614688873291|2|2
1559|0.4619930982589721|0.0418975502252578|0.4961093366146087|2|2
1560|0.4395211935043335|0.1230895817279815|0.4373892247676849|0|2
1561|0.3783495128154754|0.044474259018898|0.5771762132644653|2|2
1562|0.3634788691997528|0.0604124814271926|0.5761086940765381|2|2
1563|0.4831897318363189|0.0242101810872554|0.4926001131534576|2|0
1564|0.4511285424232483|0.0879256501793861|0.4609457850456238|2|2
1565|0.5720339417457581|0.0276323556900024|0.4003336727619171|0|2
1566|0.4710384607315063|0.0307956468313932|0.498165875673294|2|2
1567|0.2658261358737945|0.0754420831799507|0.6587317585945129|2|0
1568|0.3186343610286712|0.0435505546629428|0.6378151178359985|2|2
1569|0.4208896160125732|0.0646300613880157|0.5144802927970886|2|0
1570|0.5155786871910095|0.0280023347586393|0.4564189910888672|0|2
1571|0.5165269374847412|0.056748304516077|0.4267247915267944|0|2
1572|0.8426793217658997|0.0395793579518795|0.1177413240075111|0|0
1573|0.4614509344100952|0.0281493850052356|0.5103997588157654|2|2
1574|0.6103324294090271|0.0395586937665939|0.3501088321208954|0|0
1575|0.290406197309494|0.0758335590362548|0.6337602138519287|2|2
1576|0.3432360589504242|0.0885513499379158|0.568212628364563|2|2
1577|0.396473228931427|0.045639120042324|0.5578876733779907|2|2
1578|0.4602727890014648|0.1343991309404373|0.405328094959259|0|2
1579|0.300083190202713|0.0481293946504592|0.6517874598503113|2|2
1580|0.3110218644142151|0.0376309007406234|0.651347279548645|2|2
1581|0.4977060258388519|0.0477065481245517|0.4545874297618866|0|2
1582|0.4889824986457824|0.0629684478044509|0.4480490684509277|0|2
1583|0.6299419403076172|0.0604117736220359|0.3096461892127991|0|2
1584|0.4679427146911621|0.0579479075968265|0.4741093516349792|2|2
1585|0.5884321331977844|0.062189694494009|0.3493781983852386|0|0
1586|0.4478552937507629|0.0265983194112777|0.5255464315414429|2|2
1587|0.2767150402069092|0.0957556441426277|0.6275293231010437|2|2
1588|0.5862259864807129|0.0210820250213146|0.3926919102668762|0|2
1589|0.3936666250228882|0.0576852783560752|0.5486481189727783|2|2
1590|0.598505973815918|0.0360773429274559|0.3654166758060455|0|2
1591|0.3970363736152649|0.058395754545927|0.544567883014679|2|2
1592|0.5614399909973145|0.0814754664897918|0.3570845425128937|0|2
1593|0.4739110171794891|0.0298600383102893|0.4962289035320282|2|2
1594|0.3920925557613373|0.0371223352849483|0.5707850456237793|2|2
1595|0.7169733047485352|0.0779888182878494|0.2050378620624542|0|0
1596|0.4869552552700043|0.0918561890721321|0.4211885929107666|0|0
1597|0.6818969249725342|0.0351563952863216|0.2829466462135315|0|2
1598|0.6606603860855103|0.0271334052085876|0.3122062683105469|0|2
1599|0.7660391926765442|0.0324053242802619|0.2015555202960968|0|0
1600|0.4234000742435455|0.0365658365190029|0.5400341153144836|2|2
1601|0.5824671983718872|0.0398612804710865|0.377671480178833|0|2
1602|0.6173885464668274|0.0276203118264675|0.3549911975860595|0|2
1603|0.2301568835973739|0.0353127978742122|0.7345303297042847|2|2
1604|0.4320226013660431|0.2524262070655823|0.3155512511730194|0|2
1605|0.50900799036026|0.0203529335558414|0.4706391096115112|0|2
1606|0.3472358286380768|0.0849428325891494|0.5678213834762573|2|2
1607|0.4154164493083954|0.0555418916046619|0.5290417075157166|2|2
1608|0.4217914938926697|0.0560542717576026|0.5221542119979858|2|2
1609|0.4772602021694183|0.0892749428749084|0.4334648847579956|0|0
1610|0.4351066350936889|0.0235136896371841|0.5413796901702881|2|2
1611|0.4650498330593109|0.120451807975769|0.4144983291625976|0|2
1612|0.4698815941810608|0.0395888835191726|0.4905294775962829|2|2
1613|0.331400454044342|0.0470582693815231|0.6215412616729736|2|2
1614|0.4407747685909271|0.0429322496056556|0.5162929892539978|2|0
1615|0.5295262932777405|0.0790351629257202|0.3914385139942169|0|2
1616|0.471005231142044|0.0360157415270805|0.4929789900779724|2|2
1617|0.5334389209747314|0.048896312713623|0.4176646769046783|0|0
1618|0.6299760341644287|0.0288932230323553|0.3411307632923126|0|2
1619|0.5485582947731018|0.0365819074213504|0.414859801530838|0|2
1620|0.5401625633239746|0.0306169725954532|0.4292204678058624|0|0
1621|0.6391009092330933|0.0314583405852317|0.3294408023357391|0|0
1622|0.5587256550788879|0.029456228017807|0.4118180871009826|0|2
1623|0.4042342603206634|0.022924818098545|0.5728409290313721|2|2
1624|0.5024083852767944|0.0868542417883873|0.41073739528656|0|2
1625|0.5961551666259766|0.0336965657770633|0.3701483011245727|0|0
1626|0.6600120663642883|0.0477532036602497|0.2922347784042358|0|0
1627|0.5188776850700378|0.0358990430831909|0.4452231526374817|0|2
1628|0.3994858562946319|0.0303362999111413|0.5701777935028076|2|0
1629|0.4482434689998626|0.0229687988758087|0.5287877917289734|2|2
1630|0.0478747934103012|0.0180055014789104|0.934119701385498|2|2
1631|0.5836443901062012|0.0489406920969486|0.3674148917198181|0|2
1632|0.3131636083126068|0.0814937427639961|0.6053426265716553|2|2
1633|0.0315548069775104|0.0296858139336109|0.9387593269348145|2|2
1634|0.3550238013267517|0.0407622829079628|0.6042138934135437|2|2
1635|0.5223895907402039|0.119072325527668|0.3585381209850311|0|0
1636|0.4946607947349548|0.0490125343203544|0.4563266634941101|0|2
1637|0.4964567720890045|0.0420944616198539|0.4614488184452057|0|2
1638|0.4351476430892944|0.1043012142181396|0.4605510830879211|2|2
1639|0.4482288062572479|0.0217588692903518|0.5300123691558838|2|0
1640|0.412904143333435|0.1340413689613342|0.4530544877052307|2|2
1641|0.5839031934738159|0.0246826577931642|0.3914141356945038|0|2
1642|0.3757038712501526|0.0592560991644859|0.5650399923324585|2|2
1643|0.6840606927871704|0.0342924036085605|0.2816468179225921|0|2
1644|0.3798172175884247|0.0390114448964595|0.5811713933944702|2|2
1645|0.3575278520584106|0.0708236917853355|0.5716484785079956|2|0
1646|0.530357837677002|0.1250010728836059|0.3446411490440368|0|2
1647|0.5070536732673645|0.0259351897984743|0.4670110642910003|0|0
1648|0.8224925398826599|0.0518247745931148|0.1256827861070633|0|0
1649|0.5222673416137695|0.0398926362395286|0.4378400444984436|0|2
1650|0.3609397709369659|0.0545456707477569|0.5845145583152771|2|2
1651|0.2111404985189438|0.0379460267722606|0.7509135007858276|2|2
1652|0.6541895866394043|0.1289052963256836|0.216905191540718|0|0
1653|0.5314710140228271|0.0546836145222187|0.4138453304767608|0|2
1654|0.3610066175460815|0.1139013245701789|0.5250920057296753|2|2
1655|0.6002298593521118|0.0242653954774141|0.3755047917366028|0|0
1656|0.5327720642089844|0.0347926504909992|0.4324352741241455|0|2
1657|0.431680679321289|0.0391675010323524|0.5291518568992615|2|2
1658|0.2990758121013641|0.030517790466547|0.6704064011573792|2|2
1659|0.5402716994285583|0.0365926288068294|0.4231356978416443|0|2
1660|0.259380966424942|0.0535352081060409|0.687083899974823|2|2
1661|0.3357136249542236|0.0471147969365119|0.6171716451644897|2|2
1662|0.6640632748603821|0.0462776534259319|0.2896590828895569|0|2
1663|0.7143976092338562|0.0568730123341083|0.2287293374538421|0|0
1664|0.6588507294654846|0.0280821919441223|0.3130670487880707|0|2
1665|0.5375828742980957|0.0803569555282592|0.3820601403713226|0|2
1666|0.4213174283504486|0.0498537421226501|0.5288287997245789|2|2
1667|0.4700287878513336|0.0226342231035232|0.5073370337486267|2|2
1668|0.2834832668304443|0.171543538570404|0.5449731945991516|2|2
1669|0.4348267018795013|0.0381774194538593|0.526995837688446|2|2
1670|0.2789865136146545|0.0790098458528518|0.64200359582901|2|2
1671|0.8459884524345398|0.019945403560996|0.1340661644935608|0|0
1672|0.4480961263179779|0.0668734908103942|0.4850304126739502|2|2
1673|0.4515440762042999|0.042618453502655|0.5058374404907227|2|2
1674|0.6387853622436523|0.0400515124201774|0.3211631774902344|0|0
1675|0.4828734397888183|0.0753093585371971|0.4418171942234039|0|0
1676|0.5195761322975159|0.0250187572091817|0.4554051160812378|0|2
1677|0.299641877412796|0.0948524251580238|0.6055057644844055|2|2
1678|0.3984813988208771|0.1429027765989303|0.4586158096790313|2|2
1679|0.2145781815052032|0.0315285250544548|0.753893256187439|2|2
1680|0.3537519872188568|0.1215783432126045|0.5246697068214417|2|2
1681|0.4581738710403442|0.0508526004850864|0.4909735918045044|2|2
1682|0.4395114481449127|0.0310019496828317|0.5294865965843201|2|2
1683|0.5741152763366699|0.0295276902616024|0.3963570296764374|0|2
1684|0.5499113202095032|0.0499951541423797|0.4000934660434723|0|2
1685|0.6903994679450989|0.046450387686491|0.2631500661373138|0|2
1686|0.4241804182529449|0.1221948936581611|0.4536246955394745|2|2
1687|0.4044111669063568|0.0631175115704536|0.5324713587760925|2|2
1688|0.2339582741260528|0.0625122413039207|0.7035294771194458|2|2
1689|0.6261429190635681|0.0730687528848648|0.300788402557373|0|0
1690|0.2871795296669006|0.125321090221405|0.5874993801116943|2|2
1691|0.6240860819816589|0.0537283904850482|0.3221855461597442|0|0
1692|0.6111336350440979|0.0259960126131773|0.362870305776596|0|2
1693|0.7025117874145508|0.0522879585623741|0.2452002465724945|0|0
1694|0.365149587392807|0.1360986083745956|0.4987518489360809|2|2
1695|0.2852480709552765|0.0450922101736068|0.6696597337722778|2|0
1696|0.492492139339447|0.0293626096099615|0.4781451821327209|0|0
1697|0.4324845671653747|0.073458656668663|0.494056761264801|2|2
1698|0.62251877784729|0.0386851876974105|0.3387960195541382|0|2
1699|0.4559777975082397|0.0232650693506002|0.5207571387290955|2|2
1700|0.4501329958438873|0.0596979595720768|0.4901690483093261|2|0
1701|0.4261324107646942|0.0294339563697576|0.5444336533546448|2|2
1702|0.3108857870101928|0.0478237904608249|0.6412904262542725|2|2
1703|0.56842440366745|0.0357663221657276|0.3958092629909515|0|2
1704|0.2940305769443512|0.1062201559543609|0.5997492671012878|2|2
1705|0.7165684700012207|0.0282789915800094|0.2551525831222534|0|0
1706|0.3187151253223419|0.1235605925321579|0.5577242970466614|2|2
1707|0.3261142075061798|0.1466817110776901|0.5272040963172913|2|2
1708|0.4430272579193115|0.0193374659866094|0.5376352667808533|2|2
1709|0.4383476078510284|0.0246093664318323|0.537043035030365|2|2
1710|0.4599105715751648|0.0195818673819303|0.5205075740814209|2|2
1711|0.4839228391647339|0.0715937614440918|0.4444833397865295|0|2
1712|0.5815442800521851|0.0614325664937496|0.3570231795310974|0|2
1713|0.2375810593366623|0.0362872965633869|0.7261316776275635|2|2
1714|0.1641207635402679|0.0335870645940303|0.8022921681404114|2|2
1715|0.4471192955970764|0.0598064288496971|0.4930742383003235|2|2
1716|0.5129881501197815|0.0458888001739978|0.4411230087280273|0|2
1717|0.5775191783905029|0.088163360953331|0.3343174159526825|0|2
1718|0.4119724035263061|0.0292071569710969|0.5588204860687256|2|2
1719|0.6398819088935852|0.0424136482179164|0.3177045285701751|0|0
1720|0.5299409031867981|0.0689387023448944|0.4011204242706299|0|2
1721|0.5841783881187439|0.0258983857929706|0.3899232447147369|0|2
1722|0.5505374670028687|0.026450490579009|0.4230120778083801|0|2
1723|0.8276956081390381|0.0206607542932033|0.1516437083482742|0|0
1724|0.6278791427612305|0.1126217693090438|0.2594991326332092|0|2
1725|0.3092490434646606|0.0610210634768009|0.6297299265861511|2|2
1726|0.380603164434433|0.0323509871959686|0.5870457887649536|2|2
1727|0.511881411075592|0.035661730915308|0.4524568021297455|0|2
1728|0.707221508026123|0.097856231033802|0.1949222832918167|0|0
1729|0.6305171847343445|0.0322213694453239|0.3372614085674286|0|2
1730|0.4687657654285431|0.0296689327806234|0.5015653371810913|2|0
1731|0.381633996963501|0.0330820307135582|0.5852839350700378|2|2
1732|0.4259801506996155|0.0573760159313678|0.5166438817977905|2|0
1733|0.3100657761096954|0.1887334436178207|0.5012008547782898|2|2
1734|0.4717329144477844|0.0602330714464187|0.4680339992046356|0|2
1735|0.6375024318695068|0.023258376866579|0.3392392098903656|0|2
1736|0.3125939071178436|0.0287431981414556|0.6586629748344421|2|2
1737|0.4774625599384308|0.0363831557333469|0.4861543476581573|2|2
1738|0.5354423522949219|0.022509953007102|0.4420476853847503|0|2
1739|0.4478019177913666|0.0310225710272789|0.5211755037307739|2|2
1740|0.4141037166118622|0.1171105280518531|0.4687857329845428|2|2
1741|0.5921319723129272|0.1191989034414291|0.2886691689491272|0|2
1742|0.4321344792842865|0.0466267950832843|0.5212387442588806|2|2
1743|0.3295769095420837|0.0365861691534519|0.6338368654251099|2|2
1744|0.5461344122886658|0.0560969784855842|0.3977686464786529|0|2
1745|0.3998674154281616|0.0179853066802024|0.5821472406387329|2|2
1746|0.3131186366081238|0.0503066033124923|0.6365748047828674|2|2
1747|0.3437317311763763|0.0229269079864025|0.633341372013092|2|2
1748|0.44415283203125|0.0851378142833709|0.470709353685379|2|2
1749|0.260332316160202|0.0430977381765842|0.6965699791908264|2|2
1750|0.5097167491912842|0.0379099771380424|0.4523732960224151|0|2
1751|0.5636428594589233|0.0692885220050811|0.3670686185359955|0|2
1752|0.5881027579307556|0.0307483673095703|0.3811488151550293|0|0
1753|0.4363898038864136|0.0297667514532804|0.533843457698822|2|2
1754|0.7168288230895996|0.0546428821980953|0.2285283058881759|0|0
1755|0.650790810585022|0.038708359003067|0.3105008602142334|0|2
1756|0.6916118264198303|0.0757683590054512|0.2326197475194931|0|0
1757|0.5422988533973694|0.0266212224960327|0.4310798645019531|0|2
1758|0.7222651839256287|0.0384143479168415|0.2393204867839813|0|0
1759|0.5776289105415344|0.2212724834680557|0.2010986804962158|0|0
1760|0.4928712844848633|0.035664327442646|0.4714643657207489|0|2
1761|0.4203527271747589|0.0772472620010376|0.5023999810218811|2|2
1762|0.6608873605728149|0.0251806192100048|0.3139320015907287|0|0
1763|0.5713258385658264|0.0558523498475551|0.3728218376636505|0|2
1764|0.5290782451629639|0.0315729267895221|0.4393488466739654|0|2
1765|0.4708516001701355|0.0397209599614143|0.4894274175167084|2|2
1766|0.5747355222702026|0.1168493255972862|0.3084152042865753|0|0
1767|0.4976051151752472|0.0263718590140342|0.4760230481624603|0|2
1768|0.5280104279518127|0.0801469683647155|0.3918426632881164|0|1
1769|0.4807729721069336|0.04925631731748581|0.469970703125|0|2
1770|0.6848347187042236|0.027382077649235725|0.2877832353115082|0|0
1771|0.5341975688934326|0.024275848641991615|0.44152653217315674|0|0
1772|0.6265020966529846|0.023438604548573494|0.3500593304634094|0|2
1773|0.588324248790741|0.03148035332560539|0.38019537925720215|0|2
1774|0.7107462882995605|0.021065933629870415|0.2681877911090851|0|2
1775|0.5842466354370117|0.02479558065533638|0.3909578025341034|0|2
1776|0.5385863184928894|0.051184672862291336|0.41022899746894836|0|2
1777|0.3200182616710663|0.034108150750398636|0.6458736062049866|2|2
1778|0.546480119228363|0.037891894578933716|0.41562798619270325|0|2
1779|0.5697687864303589|0.06578133255243301|0.3644498884677887|0|0
1780|0.3790878653526306|0.028460320085287094|0.5924518704414368|2|2
1781|0.43483632802963257|0.0568690150976181|0.5082946419715881|2|2
1782|0.5783490538597107|0.06818148493766785|0.3534694314002991|0|2
1783|0.5175718665122986|0.03349769487977028|0.44893044233322144|0|2
1784|0.6868277788162231|0.06996937096118927|0.24320286512374878|0|0
1785|0.5847779512405396|0.04530085623264313|0.3699212372303009|0|0
1786|0.4275142550468445|0.13520605862140656|0.43727967143058777|2|2
1787|0.38147202134132385|0.5060977339744568|0.11243023723363876|1|1
1788|0.5363604426383972|0.022849246859550476|0.4407903254032135|0|2
1789|0.3471595346927643|0.02285430021584034|0.6299861669540405|2|2
1790|0.5073304772377014|0.08802640438079834|0.40464308857917786|0|2
1791|0.5182568430900574|0.039649900048971176|0.44209322333335876|0|2
1792|0.36938145756721497|0.022641880437731743|0.6079766750335693|2|2
1793|0.3715862035751343|0.05241180211305618|0.5760020017623901|2|2
1794|0.6068748235702515|0.025764403864741325|0.36736077070236206|0|0
1795|0.345684289932251|0.0393025167286396|0.6150131821632385|2|2
1796|0.41463109850883484|0.03746374696493149|0.5479051470756531|2|2
1797|0.6965723633766174|0.043329011648893356|0.2600986063480377|0|0
1798|0.6172307729721069|0.042123038321733475|0.3406462073326111|0|0
1799|0.5296791195869446|0.07439011335372925|0.39593076705932617|0|2
1800|0.44022178649902344|0.0595734529197216|0.5002047419548035|2|2
1801|0.5839820504188538|0.035276543349027634|0.3807413578033447|0|0
1802|0.4677133560180664|0.024661315605044365|0.50762540102005|2|2
1803|0.4485929310321808|0.022841062396764755|0.5285660028457642|2|2
1804|0.5349228978157043|0.0629868358373642|0.40209025144577026|0|2
1805|0.3706534206867218|0.038201432675123215|0.5911451578140259|2|2
1806|0.7013773322105408|0.02477608434855938|0.2738465964794159|0|0
1807|0.37616100907325745|0.06865958124399185|0.5551794171333313|2|2
1808|0.6343197226524353|0.05891568213701248|0.3067645728588104|0|2
1809|0.5240445137023926|0.028214765712618828|0.44774070382118225|0|2
1810|0.5848246216773987|0.04674887657165527|0.3684265613555908|0|2
1811|0.6773791909217834|0.14789843559265137|0.17472237348556519|0|0
1812|0.507515013217926|0.1011078879237175|0.3913770616054535|0|2
1813|0.40728959441185|0.033975813537836075|0.5587345957756042|2|2
1814|0.6127431988716125|0.022304384037852287|0.36495241522789|0|0
1815|0.5090568661689758|0.030544761568307877|0.460398405790329|0|2
1816|0.6176603436470032|0.08393784612417221|0.298401802778244|0|2
1817|0.6105546951293945|0.031568270176649094|0.35787707567214966|0|2
1818|0.39353451132774353|0.1064220443367958|0.5000434517860413|2|2
1819|0.6315051913261414|0.05461200699210167|0.31388282775878906|0|2
1820|0.46111392974853516|0.07419057190418243|0.4646955132484436|2|2
1821|0.41093912720680237|0.053568921983242035|0.535491943359375|2|2
1822|0.5266086459159851|0.04548834636807442|0.42790305614471436|0|0
1823|0.5815438032150269|0.07347370684146881|0.3449825346469879|0|2
1824|0.4764891564846039|0.07910318672657013|0.4444076716899872|0|2
1825|0.7648705244064331|0.03107934258878231|0.20405013859272003|0|2
1826|0.6915985345840454|0.06396471709012985|0.24443669617176056|0|2
1827|0.3534490466117859|0.029872316867113113|0.6166787147521973|2|2
1828|0.29040083289146423|0.02837713621556759|0.6812220215797424|2|2
1829|0.4234005808830261|0.024388618767261505|0.552210807800293|2|2
1830|0.511979877948761|0.05081678926944733|0.4372033476829529|0|2
1831|0.5940362811088562|0.06494108587503433|0.34102264046669006|0|0
1832|0.5866423845291138|0.03303760662674904|0.3803200423717499|0|2
1833|0.4913525879383087|0.033697400242090225|0.47495001554489136|0|2
1834|0.48701420426368713|0.03188006952404976|0.4811057448387146|0|2
1835|0.3689831793308258|0.19399873912334442|0.43701809644699097|2|0
1836|0.46463650465011597|0.023756083101034164|0.5116074681282043|2|2
1837|0.420229434967041|0.0674872025847435|0.5122833251953125|2|2
1838|0.39540934562683105|0.0339372344315052|0.5706534385681152|2|2
1839|0.5689599514007568|0.08083071559667587|0.35020938515663147|0|2
1840|0.5682789087295532|0.05793246254324913|0.37378862500190735|0|2
1841|0.41304731369018555|0.06989441066980362|0.5170581936836243|2|2
1842|0.45757347345352173|0.044091757386922836|0.4983348250389099|2|2
1843|0.6515803933143616|0.06719076633453369|0.28122884035110474|0|2
1844|0.5312070250511169|0.05558888986706734|0.4132041037082672|0|0
1845|0.3711051344871521|0.03836757317185402|0.590527355670929|2|2
1846|0.7128121256828308|0.05057337135076523|0.23661449551582336|0|0
1847|0.7461843490600586|0.03535597026348114|0.21845969557762146|0|2
1848|0.5075805187225342|0.05193383991718292|0.4404856860637665|0|2
1849|0.6832214593887329|0.02838013879954815|0.28839847445487976|0|0
1850|0.39662057161331177|0.08899235725402832|0.5143870711326599|2|2
1851|0.32460522651672363|0.04394941031932831|0.6314454078674316|2|2
1852|0.4615240693092346|0.11089329421520233|0.42758265137672424|0|2
1853|0.6459082365036011|0.048133485019207|0.3059583008289337|0|2
1854|0.6145086288452148|0.027806386351585388|0.3576849102973938|0|2
1855|0.42843392491340637|0.05582988262176514|0.5157361626625061|2|2
1856|0.42702969908714294|0.03435834124684334|0.5386120080947876|2|2
1857|0.5154979228973389|0.18501868844032288|0.29948344826698303|0|0
1858|0.668961226940155|0.09196390956640244|0.23907490074634552|0|0
1859|0.3818241059780121|0.024327360093593597|0.593848466873169|2|0
1860|0.42090076208114624|0.05658358335494995|0.5225156545639038|2|2
1861|0.5526766180992126|0.03313591331243515|0.414187490940094|0|2
1862|0.44408199191093445|0.06519915908575058|0.4907188415527344|2|2
1863|0.5374412536621094|0.019813373684883118|0.4427454471588135|0|2
1864|0.4072452485561371|0.1459387093782425|0.446816086769104|2|2
1865|0.45432886481285095|0.03235326707363129|0.5133178234100342|2|2
1866|0.3742290735244751|0.037570662796497345|0.5882002711296082|2|2
1867|0.25555524230003357|0.03314286842942238|0.711301863193512|2|2
1868|0.5002927780151367|0.09464170783758163|0.4050654470920563|0|2
1869|0.6275942325592041|0.030959801748394966|0.3414459228515625|0|0
1870|0.5773256421089172|0.11865579336881638|0.3040185868740082|0|0
1871|0.6505370736122131|0.03118419274687767|0.3182787299156189|0|2
1872|0.606023371219635|0.06307166814804077|0.33090490102767944|0|2
1873|0.6440993547439575|0.03839004039764404|0.3175106346607208|0|2
1874|0.5782954096794128|0.045648764818906784|0.3760558068752289|0|2
1875|0.426967978477478|0.049031637609004974|0.5240004062652588|2|2
1876|0.21178321540355682|0.07817087322473526|0.7100458741188049|2|2
1877|0.7039627432823181|0.03838286176323891|0.25765442848205566|0|2
1878|0.47248712182044983|0.04658856615424156|0.4809242784976959|2|2
1879|0.4834880530834198|0.02977103553712368|0.48674097657203674|2|2
1880|0.3613051772117615|0.10994772613048553|0.5287470817565918|2|2
1881|0.5677719116210938|0.021496450528502464|0.41073164343833923|0|2
1882|0.5477587580680847|0.03314793109893799|0.4190933108329773|0|2
1883|0.4336616098880768|0.03407570347189903|0.5322625637054443|2|2
1884|0.3452325761318207|0.13466644287109375|0.5201009511947632|2|0
1885|0.5654823184013367|0.0635184794664383|0.37099915742874146|0|2
1886|0.37601587176322937|0.041909582912921906|0.5820745229721069|2|2
1887|0.513031005859375|0.1714194267988205|0.3155495524406433|0|0
1888|0.2783648669719696|0.2173571139574051|0.5042780041694641|2|2
1889|0.3913382887840271|0.03425462171435356|0.5744071006774902|2|2
1890|0.49236470460891724|0.0520005002617836|0.4556347727775574|0|2
1891|0.38214120268821716|0.04384710639715195|0.5740117430686951|2|2
1892|0.47221556305885315|0.0598607063293457|0.46792373061180115|0|2
1893|0.6573765873908997|0.06650876253843307|0.27611464262008667|0|2
1894|0.4332493841648102|0.028017409145832062|0.5387331247329712|2|2
1895|0.296468585729599|0.04302835091948509|0.6605030298233032|2|2
1896|0.2577076852321625|0.03609948605298996|0.7061928510665894|2|2
1897|0.33993807435035706|0.16824524104595184|0.4918166697025299|2|2
1898|0.3391418755054474|0.04478495940566063|0.6160731315612793|2|2
1899|0.5421535968780518|0.06313112378120422|0.394715279340744|0|2
1900|0.2645925283432007|0.07815324515104294|0.657254159450531|2|2
1901|0.5734848380088806|0.02877899631857872|0.39773622155189514|0|2
1902|0.35194987058639526|0.08469145745038986|0.5633586645126343|2|2
1903|0.48725324869155884|0.052605319768190384|0.46014150977134705|0|2
1904|0.42464184761047363|0.03174826502799988|0.5436098575592041|2|2
1905|0.541563868522644|0.05094633251428604|0.4074898362159729|0|2
1906|0.2977522909641266|0.045472707599401474|0.6567749381065369|2|2
1907|0.5182206630706787|0.04297646880149841|0.43880289793014526|0|2
1908|0.4853583872318268|0.06609492748975754|0.4485466778278351|0|2
1909|0.48434096574783325|0.04093536362051964|0.4747236967086792|0|0
1910|0.48082998394966125|0.02503040060400963|0.4941396117210388|2|2
1911|0.4997287690639496|0.04138816520571709|0.45888304710388184|0|2
1912|0.6295146346092224|0.06435024738311768|0.3061351776123047|0|2
1913|0.48889225721359253|0.14807140827178955|0.3630363345146179|0|0
1914|0.7041385769844055|0.026187483221292496|0.2696739733219147|0|0
1915|0.15330538153648376|0.06181682273745537|0.7848777770996094|2|2
1916|0.28030475974082947|0.06433849781751633|0.6553567051887512|2|2
1917|0.587453305721283|0.08386477082967758|0.3286818861961365|0|2
1918|0.48011836409568787|0.053671687841415405|0.46620994806289673|0|2
1919|0.4998549222946167|0.12658387422561646|0.37356117367744446|0|2
1920|0.40207862854003906|0.07480225712060928|0.5231191515922546|2|2
1921|0.5764349699020386|0.030498581007122993|0.39306649565696716|0|2
1922|0.28055429458618164|0.02859354391694069|0.690852165222168|2|2
1923|0.5943058133125305|0.026401417329907417|0.379292756319046|0|2
1924|0.24075952172279358|0.05423756316304207|0.7050029039382935|2|2
1925|0.6199496388435364|0.02981961891055107|0.35023072361946106|0|2
1926|0.5128052234649658|0.09666933119297028|0.3905254602432251|0|2
1927|0.4938047230243683|0.03013845719397068|0.47605687379837036|0|2
1928|0.5657752752304077|0.0488581545650959|0.3853665292263031|0|2
1929|0.6252116560935974|0.07168543338775635|0.30310291051864624|0|2
1930|0.47343647480010986|0.06068207323551178|0.46588146686553955|0|2
1931|0.46413156390190125|0.021490871906280518|0.5143775343894958|2|2
1932|0.4493408203125|0.04990626499056816|0.5007529854774475|2|2
1933|0.22525666654109955|0.034846946597099304|0.7398964762687683|2|2
1934|0.6129357814788818|0.02978833205997944|0.35727593302726746|0|2
1935|0.3647116422653198|0.10564107447862625|0.5296472907066345|2|2
1936|0.38794395327568054|0.054810505360364914|0.5572455525398254|2|2
1937|0.6118575930595398|0.02003900520503521|0.36810341477394104|0|2
1938|0.4666503071784973|0.04015934839844704|0.49319037795066833|2|0
1939|0.524151623249054|0.1186889186501503|0.3571593761444092|0|0
1940|0.42704060673713684|0.11666649580001831|0.45629286766052246|2|2
1941|0.5280661582946777|0.04868759214878082|0.42324623465538025|0|2
1942|0.540202260017395|0.04842742532491684|0.41137033700942993|0|2
1943|0.6187484860420227|0.049561768770217896|0.3316897749900818|0|0
1944|0.6219468712806702|0.022275784984230995|0.3557773530483246|0|2
1945|0.4307188093662262|0.03732619434595108|0.5319550037384033|2|2
1946|0.3782421946525574|0.12806501984596252|0.4936927855014801|2|2
1947|0.3047274947166443|0.07065871357917786|0.6246138215065002|2|2
1948|0.3714812099933624|0.05944797396659851|0.5690708160400391|2|2
1949|0.6932665109634399|0.03321690112352371|0.27351659536361694|0|0
1950|0.6016305685043335|0.0418224036693573|0.3565469980239868|0|2
1951|0.536978542804718|0.02430723048746586|0.4387141764163971|0|2
1952|0.28756794333457947|0.06947419047355652|0.6429579257965088|2|2
1953|0.5585643649101257|0.27802160382270813|0.16341407597064972|0|0
1954|0.5801464915275574|0.026712195947766304|0.39314132928848267|0|0
1955|0.4882068932056427|0.06456277519464493|0.44723033905029297|0|0
1956|0.6050922870635986|0.11659733951091766|0.2783103585243225|0|0
1957|0.7470664381980896|0.027095304802060127|0.22583825886249542|0|2
1958|0.3889005780220032|0.05922311544418335|0.5518763065338135|2|2
1959|0.4443556070327759|0.031733110547065735|0.5239112377166748|2|2
1960|0.5540392994880676|0.03694476932287216|0.4090159237384796|0|0
1961|0.4695642590522766|0.290434330701828|0.24000141024589539|0|0
1962|0.44247499108314514|0.10617528855800629|0.45134973526000977|2|2
1963|0.6452189683914185|0.041328299790620804|0.3134527802467346|0|0
1964|0.4203995168209076|0.05080825090408325|0.5287922620773315|2|2
1965|0.37062522768974304|0.029439859092235565|0.5999348759651184|2|2
1966|0.5738072991371155|0.05047235265374184|0.37572038173675537|0|2
1967|0.25878316164016724|0.17994481325149536|0.5612720251083374|2|2
1968|0.7732139825820923|0.02261023037135601|0.20417581498622894|0|2
1969|0.6728067994117737|0.026480959728360176|0.3007122576236725|0|2
1970|0.640099823474884|0.03661620244383812|0.3232840299606323|0|2
1971|0.5277595520019531|0.029517043381929398|0.44272342324256897|0|2
1972|0.42794981598854065|0.04877210780978203|0.5232780575752258|2|2
1973|0.599308431148529|0.019762171432375908|0.3809294104576111|0|2
1974|0.7294606566429138|0.037750717252492905|0.23278865218162537|0|0
1975|0.4974563717842102|0.048371173441410065|0.4541724622249603|0|2
1976|0.6005672812461853|0.04425793141126633|0.3551747798919678|0|0
1977|0.26616984605789185|0.2585203945636749|0.47530972957611084|2|2
1978|0.5096537470817566|0.11085345596075058|0.37949275970458984|0|2
1979|0.4357543885707855|0.02500278316438198|0.5392428040504456|2|2
1980|0.5890929698944092|0.021567445248365402|0.38933950662612915|0|2
1981|0.3423942029476166|0.05139616131782532|0.6062096357345581|2|2
1982|0.3877028226852417|0.04325614869594574|0.5690410137176514|2|2
1983|0.47410649061203003|0.03559762239456177|0.4902958571910858|2|2
1984|0.48386478424072266|0.10023290663957596|0.415902316570282|0|2
1985|0.3613762855529785|0.025854026898741722|0.6127697229385376|2|2
1986|0.28513407707214355|0.07671801745891571|0.6381478309631348|2|2
1987|0.6463552713394165|0.059426020830869675|0.2942187488079071|0|2
1988|0.6712960004806519|0.029785623773932457|0.29891836643218994|0|2
1989|0.45849111676216125|0.04131828993558884|0.5001906156539917|2|2
1990|0.4648195505142212|0.07380787283182144|0.46137258410453796|0|2
1991|0.47262662649154663|0.02094574272632599|0.5064276456832886|2|2
1992|0.5651099681854248|0.03028620034456253|0.4046038091182709|0|2
1993|0.5376209020614624|0.03510722517967224|0.42727184295654297|0|0
1994|0.6149850487709045|0.024580487981438637|0.36043447256088257|0|2
1995|0.36810505390167236|0.04963250830769539|0.582262396812439|2|2
1996|0.44224056601524353|0.04124286770820618|0.5165165662765503|2|0
1997|0.5192455053329468|0.02174517512321472|0.4590093791484833|0|2
1998|0.3627220690250397|0.07114852964878082|0.5661293864250183|2|0
1999|0.47589385509490967|0.040387850254774094|0.48371830582618713|2|2
2000|0.32799482345581055|0.03805031254887581|0.6339548826217651|2|2
2001|0.5483205318450928|0.02704542875289917|0.42463406920433044|0|0
2002|0.6002773642539978|0.05907375365495682|0.340648889541626|0|0
2003|0.6389315724372864|0.03683534637093544|0.3242330253124237|0|0
2004|0.6073636412620544|0.1367529332637787|0.25588345527648926|0|2
2005|0.5842750072479248|0.03631618991494179|0.3794087767601013|0|0
2006|0.32451871037483215|0.05224347114562988|0.6232378482818604|2|2
2007|0.3792268931865692|0.13443498313426971|0.48633813858032227|2|2
2008|0.6306299567222595|0.09250374883413315|0.2768663167953491|0|2
2009|0.4355282485485077|0.0821366086602211|0.4823351800441742|2|2
2010|0.6627938747406006|0.08358429372310638|0.25362181663513184|0|0
2011|0.45154207944869995|0.15613466501235962|0.39232319593429565|0|2
2012|0.47659435868263245|0.03443200886249542|0.4889736771583557|2|2
2013|0.6306228637695312|0.02524508535861969|0.3441319763660431|0|2
2014|0.5269438624382019|0.026502184569835663|0.4465539753437042|0|2
2015|0.45531222224235535|0.03148102015256882|0.5132067203521729|2|2
2016|0.7577788233757019|0.042003732174634933|0.20021739602088928|0|0
2017|0.6127399206161499|0.04063119739294052|0.34662890434265137|0|2
2018|0.41894838213920593|0.17074760794639587|0.4103039801120758|0|2
2019|0.2801564335823059|0.09651930630207062|0.6233242750167847|2|2
2020|0.36610549688339233|0.18939703702926636|0.4444974362850189|2|2
2021|0.45664694905281067|0.03453861549496651|0.5088143944740295|2|2
2022|0.7146446108818054|0.035325318574905396|0.2500300705432892|0|0
2023|0.5340107679367065|0.02943064272403717|0.4365586042404175|0|2
2024|0.6547876596450806|0.1191132664680481|0.22609910368919373|0|2
2025|0.6918074488639832|0.02510693669319153|0.2830856442451477|0|2
2026|0.4365547001361847|0.019318994134664536|0.5441263318061829|2|2
2027|0.5231332182884216|0.025913070887327194|0.45095375180244446|0|2
2028|0.6221517324447632|0.029898352921009064|0.34794992208480835|0|2
2029|0.4763171970844269|0.05894574895501137|0.46473702788352966|0|0
2030|0.4915611445903778|0.03343794494867325|0.47500094771385193|0|2
2031|0.376831591129303|0.08173850923776627|0.541429877281189|2|2
2032|0.8537027835845947|0.048110704869031906|0.09818652272224426|0|0
2033|0.5650312900543213|0.017250392585992813|0.4177182912826538|0|2
2034|0.5959522724151611|0.09521924704313278|0.3088284730911255|0|2
2035|0.7243396639823914|0.020921126008033752|0.25473925471305847|0|0
2036|0.611712634563446|0.02474643662571907|0.3635409474372864|0|2
2037|0.4527343213558197|0.072046659886837|0.4752190113067627|2|2
2038|0.6240586638450623|0.0700240209698677|0.30591732263565063|0|0
2039|0.5178167819976807|0.0319337323307991|0.45024946331977844|0|2
2040|0.6219617128372192|0.06455997377634048|0.3134782612323761|0|0
2041|0.5417677164077759|0.041072096675634384|0.4171602129936218|0|2
2042|0.3677124083042145|0.11008875072002411|0.5221988558769226|2|2
2043|0.5235437750816345|0.058531537652015686|0.4179246723651886|0|2
2044|0.4699636399745941|0.07028093934059143|0.45975542068481445|0|2
2045|0.4431043267250061|0.08629120886325836|0.47060447931289673|2|2
2046|0.2595546245574951|0.120417520403862|0.6200278997421265|2|0
2047|0.5340259671211243|0.019210150465369225|0.44676387310028076|0|2
2048|0.6791142821311951|0.03537626564502716|0.28550946712493896|0|0
2049|0.41332826018333435|0.024930575862526894|0.5617411732673645|2|2
2050|0.2881803512573242|0.18431590497493744|0.5275037884712219|2|2
2051|0.2158743441104889|0.017478080466389656|0.7666475772857666|2|2
2052|0.63819819688797|0.09533097594976425|0.2664708197116852|0|2
2053|0.6242809295654297|0.03827769309282303|0.33744144439697266|0|2
2054|0.4090808033943176|0.11692008376121521|0.47399911284446716|2|2
2055|0.49525752663612366|0.029330112040042877|0.4754123091697693|0|2
2056|0.537536084651947|0.07681263238191605|0.3856513202190399|0|2
2057|0.6394667625427246|0.06968532502651215|0.2908479571342468|0|2
2058|0.41849416494369507|0.032324906438589096|0.5491809248924255|2|2
2059|0.5905516743659973|0.03334442153573036|0.3761039078235626|0|2
2060|0.41417405009269714|0.02568671852350235|0.5601392388343811|2|2
2061|0.4636496603488922|0.11376293748617172|0.4225873649120331|0|2
2062|0.6436876058578491|0.03865905851125717|0.3176533281803131|0|0
2063|0.44561967253685|0.03529953956604004|0.5190806984901428|2|2
2064|0.4324420988559723|0.028830979019403458|0.5387269258499146|2|2
2065|0.33039695024490356|0.03125647455453873|0.6383466124534607|2|2
2066|0.16230057179927826|0.2998451292514801|0.5378543138504028|2|2
2067|0.4202834665775299|0.052411358803510666|0.5273051857948303|2|2
2068|0.5192926526069641|0.03418443724513054|0.44652292132377625|0|2
2069|0.631566047668457|0.047210488468408585|0.3212234377861023|0|2
2070|0.7141408324241638|0.02306242845952511|0.2627968192100525|0|2
2071|0.3462965488433838|0.0318775400519371|0.6218259334564209|2|2
2072|0.39049530029296875|0.06683008372783661|0.5426746010780334|2|2
2073|0.5489991903305054|0.02820475399494171|0.4227960705757141|0|0
2074|0.7449707984924316|0.06315013766288757|0.19187909364700317|0|2
2075|0.7936787605285645|0.032785844057798386|0.17353543639183044|0|0
2076|0.32915398478507996|0.05754461884498596|0.6133013963699341|2|2
2077|0.4873921871185303|0.042891815304756165|0.46971601247787476|0|2
2078|0.4114726483821869|0.06262912601232529|0.5258982181549072|2|2
2079|0.5015081763267517|0.08158699423074722|0.41690483689308167|0|2
2080|0.8621149063110352|0.023786289617419243|0.11409880220890045|0|0
2081|0.3709287941455841|0.101162850856781|0.527908444404602|2|2
2082|0.48497626185417175|0.039880234748125076|0.4751434922218323|0|2
2083|0.6190068125724792|0.06520651280879974|0.3157866597175598|0|2
2084|0.455344557762146|0.07113717496395111|0.4735182523727417|2|0
2085|0.4238518476486206|0.057241618633270264|0.5189065337181091|2|2
2086|0.4492657482624054|0.061480000615119934|0.48925429582595825|2|2
2087|0.6014018058776855|0.02564280666410923|0.3729553818702698|0|2
2088|0.5195440649986267|0.03874724358320236|0.44170862436294556|0|0
2089|0.3389753997325897|0.02784297987818718|0.6331815719604492|2|2
2090|0.5181145071983337|0.15936173498630524|0.32252368330955505|0|2
2091|0.6262099146842957|0.035995494574308395|0.3377946615219116|0|2
2092|0.330661803483963|0.18770521879196167|0.4816329777240753|2|2
2093|0.401329904794693|0.024907248094677925|0.573762834072113|2|2
2094|0.2565874755382538|0.03683444485068321|0.7065780758857727|2|2
2095|0.641238808631897|0.0332145169377327|0.3255466818809509|0|2
2096|0.6559577584266663|0.023957885801792145|0.3200843334197998|0|0
2097|0.502247154712677|0.036668550223112106|0.4610842764377594|0|2
2098|0.5158560276031494|0.03420885279774666|0.44993510842323303|0|0
2099|0.5580828785896301|0.029212431982159615|0.4127046763896942|0|2
2100|0.5085800290107727|0.0219569131731987|0.4694630205631256|0|2
2101|0.5251240134239197|0.13381917774677277|0.34105682373046875|0|0
2102|0.47721558809280396|0.03246303275227547|0.4903213381767273|2|2
2103|0.3457026779651642|0.02732965350151062|0.6269676685333252|2|2
2104|0.14692065119743347|0.013475799933075905|0.8396034836769104|2|2
2105|0.5400515794754028|0.03318379074335098|0.4267646074295044|0|2
2106|0.7628395557403564|0.0808650478720665|0.15629538893699646|0|0
2107|0.2465362697839737|0.0375104583799839|0.7159532904624939|2|2
2108|0.5644365549087524|0.022550731897354126|0.4130127429962158|0|2
2109|0.4159930944442749|0.054280757904052734|0.5297261476516724|2|2
2110|0.5755934119224548|0.04528016969561577|0.3791264295578003|0|2
2111|0.3143589496612549|0.14281189441680908|0.542829155921936|2|2
2112|0.556318461894989|0.02337515354156494|0.42030641436576843|0|2
2113|0.3195948302745819|0.06701592355966568|0.613389253616333|2|2
2114|0.6706263422966003|0.06650123745203018|0.2628724277019501|0|0
2115|0.3640555441379547|0.12121476233005524|0.5147296786308289|2|2
2116|0.6437853574752808|0.03555579483509064|0.3206588923931122|0|2
2117|0.4828997552394867|0.08998752385377884|0.4271126985549927|0|2
2118|0.2838056981563568|0.025766009464859962|0.6904282569885254|2|2
2119|0.4422602355480194|0.01763114519417286|0.5401086807250977|2|2
2120|0.29927146434783936|0.09986967593431473|0.6008588671684265|2|2
2121|0.5036095380783081|0.10222579538822174|0.39416468143463135|0|0
2122|0.5080387592315674|0.03478453308343887|0.45717665553092957|0|2
2123|0.4920523762702942|0.029260464012622833|0.4786871671676636|0|2
2124|0.6027946472167969|0.0362224318087101|0.3609829246997833|0|2
2125|0.4912773072719574|0.057166725397109985|0.4515560269355774|0|2
2126|0.7495360374450684|0.02738255262374878|0.22308145463466644|0|0
2127|0.5387402176856995|0.03731724992394447|0.4239424765110016|0|2
2128|0.43880411982536316|0.07133415341377258|0.4898616671562195|2|2
2129|0.33195632696151733|0.02071565017104149|0.6473280191421509|2|2
2130|0.6275817155838013|0.029238415881991386|0.3431797921657562|0|2
2131|0.41708171367645264|0.03825165331363678|0.544666588306427|2|2
2132|0.5734775066375732|0.07207121700048447|0.3544512689113617|0|2
2133|0.574161946773529|0.02849389798939228|0.397344172000885|0|2
2134|0.5635376572608948|0.05916449427604675|0.37729787826538086|0|2
2135|0.34144720435142517|0.06922214478254318|0.5893306732177734|2|2
2136|0.4674207866191864|0.047232601791620255|0.48534661531448364|2|2
2137|0.4308636486530304|0.06842920184135437|0.5007070899009705|2|2
2138|0.6297837495803833|0.037269316613674164|0.33294689655303955|0|2
2139|0.40470781922340393|0.03587717562913895|0.5594149827957153|2|2
2140|0.5248386263847351|0.08183079212903976|0.39333057403564453|0|2
2141|0.590567409992218|0.0329790934920311|0.37645354866981506|0|2
2142|0.44856444001197815|0.07891207933425903|0.4725235104560852|2|2
2143|0.5440403819084167|0.03724071756005287|0.4187189042568207|0|0
2144|0.39531052112579346|0.038093145936727524|0.5665963292121887|2|2
2145|0.5703563094139099|0.026900004595518112|0.40274369716644287|0|0
2146|0.5703458189964294|0.029442133381962776|0.4002120792865753|0|0
2147|0.5616273880004883|0.16899068653583527|0.26938194036483765|0|2
2148|0.41523218154907227|0.08270780742168427|0.5020599961280823|2|0
2149|0.5209614634513855|0.03321167454123497|0.44582685828208923|0|2
2150|0.57936030626297|0.015590200200676918|0.40504950284957886|0|0
2151|0.43442410230636597|0.07020287960767746|0.4953729510307312|2|2
2152|0.4761751890182495|0.02376607619225979|0.5000587701797485|2|2
2153|0.5801352858543396|0.032570451498031616|0.38729429244995117|0|2
2154|0.5614480972290039|0.06499896198511124|0.37355291843414307|0|2
2155|0.38208261132240295|0.038523316383361816|0.5793940424919128|2|2
2156|0.5187762975692749|0.1272939145565033|0.353929728269577|0|2
2157|0.40058591961860657|0.055968280881643295|0.5434458255767822|2|2
2158|0.3195270299911499|0.17167364060878754|0.5087993741035461|2|2
2159|0.44078731536865234|0.04784325510263443|0.5113694667816162|2|2
2160|0.38567784428596497|0.02776976488530636|0.5865524411201477|2|2
2161|0.5417448878288269|0.19882623851299286|0.25942888855934143|0|2
2162|0.43645066022872925|0.08639746159315109|0.47715187072753906|2|2
2163|0.707139253616333|0.035116102546453476|0.25774461030960083|0|0
2164|0.5153314471244812|0.06331545859575272|0.4213531017303467|0|2
2165|0.7323794364929199|0.03310162574052811|0.23451894521713257|0|0
2166|0.3643738925457001|0.026679564267396927|0.6089466214179993|2|2
2167|0.5681027173995972|0.10711417347192764|0.3247831165790558|0|0
2168|0.7037090063095093|0.09940064698457718|0.19689036905765533|0|0
2169|0.4103904068470001|0.14858698844909668|0.4410225749015808|2|2
2170|0.35167938470840454|0.04226795956492424|0.6060526371002197|2|2
2171|0.11713242530822754|0.03991597145795822|0.8429515957832336|2|2
2172|0.4498567581176758|0.025172652676701546|0.5249705910682678|2|2
2173|0.4564661979675293|0.10460635274648666|0.43892741203308105|0|2
2174|0.5528440475463867|0.08770637214183807|0.3594495952129364|0|2
2175|0.6440976858139038|0.03612903878092766|0.3197733461856842|0|0
2176|0.651186466217041|0.03420179337263107|0.3146117925643921|0|2
2177|0.5870836973190308|0.04017709195613861|0.3727392852306366|0|2
2178|0.5020313858985901|0.026362955570220947|0.4716055989265442|0|2
2179|0.5586838722229004|0.057403549551963806|0.383912593126297|0|2
2180|0.6095951795578003|0.07684125751256943|0.3135635256767273|0|2
2181|0.6248361468315125|0.018757864832878113|0.35640597343444824|0|2
2182|0.5280612707138062|0.08312992006540298|0.3888087868690491|0|2
2183|0.710403561592102|0.05625243857502937|0.23334404826164246|0|0
2184|0.41938427090644836|0.04436134919524193|0.536254346370697|2|2
2185|0.38753801584243774|0.031924884766340256|0.5805370807647705|2|2
2186|0.5698847770690918|0.01912928931415081|0.41098594665527344|0|0
2187|0.2981431186199188|0.026676002889871597|0.6751809120178223|2|2
2188|0.4048636555671692|0.19684487581253052|0.3982914686203003|0|2
2189|0.587845504283905|0.0472116693854332|0.36494287848472595|0|2
2190|0.738396406173706|0.03902565315365791|0.22257795929908752|0|0
2191|0.6528908014297485|0.07332096993923187|0.2737882733345032|0|0
2192|0.054653607308864594|0.015573372133076191|0.9297729730606079|2|2
2193|0.25080567598342896|0.03318903222680092|0.7160053253173828|2|2
2194|0.18262818455696106|0.035864803940057755|0.7815070748329163|2|2
2195|0.480627179145813|0.02262016199529171|0.49675267934799194|2|2
2196|0.4777432382106781|0.19759957492351532|0.3246571719646454|0|2
2197|0.5413721203804016|0.026092249900102615|0.43253570795059204|0|2
2198|0.19405275583267212|0.0425175242125988|0.7634297013282776|2|2
2199|0.3251381814479828|0.02643318846821785|0.6484286189079285|2|2
2200|0.40939685702323914|0.1379755437374115|0.45262759923934937|2|2
2201|0.4854464530944824|0.0219457745552063|0.4926077723503113|2|2
2202|0.5932261347770691|0.030056597664952278|0.3767172396183014|0|0
2203|0.6698302030563354|0.033528752624988556|0.2966410517692566|0|2
2204|0.37080544233322144|0.06950236111879349|0.5596922039985657|2|0
2205|0.7145223617553711|0.03223683685064316|0.2532409131526947|0|0
2206|0.2800079882144928|0.04667576029896736|0.673316240310669|2|2
2207|0.4574052095413208|0.01980912871658802|0.5227857232093811|2|2
2208|0.4291382133960724|0.026271304115653038|0.544590413570404|2|2
2209|0.5393507480621338|0.02481221966445446|0.4358369708061218|0|2
2210|0.4145664870738983|0.059263844043016434|0.5261697173118591|2|0
2211|0.22187861800193787|0.04324585571885109|0.7348755598068237|2|2
2212|0.5585745573043823|0.14654259383678436|0.2948828339576721|0|2
2213|0.3640676438808441|0.034629710018634796|0.6013026237487793|2|2
2214|0.41114431619644165|0.04389355704188347|0.5449621081352234|2|2
2215|0.43316468596458435|0.06805223226547241|0.4987831115722656|2|2
2216|0.42620253562927246|0.05655047297477722|0.5172470211982727|2|2
2217|0.5728470087051392|0.02267228253185749|0.4044806957244873|0|2
2218|0.5611540675163269|0.20145869255065918|0.23738722503185272|0|2
2219|0.5642682909965515|0.03478552773594856|0.40094617009162903|0|2
2220|0.37632521986961365|0.05733882263302803|0.5663359761238098|2|2
2221|0.5611876845359802|0.061238858848810196|0.3775734305381775|0|2
2222|0.6936598420143127|0.020913060754537582|0.285427063703537|0|2
2223|0.7591554522514343|0.022608930245041847|0.21823559701442719|0|0
2224|0.45200061798095703|0.03466978669166565|0.5133296251296997|2|2
2225|0.24433498084545135|0.22532834112644196|0.5303366780281067|2|2
2226|0.40174052119255066|0.02814236842095852|0.5701171159744263|2|2
2227|0.7418254017829895|0.025392107665538788|0.23278245329856873|0|2
2228|0.47020429372787476|0.10066793113946915|0.4291277825832367|0|2
2229|0.316211998462677|0.20970547199249268|0.4740826189517975|2|2
2230|0.46446698904037476|0.11628391593694687|0.41924914717674255|0|2
2231|0.6999971270561218|0.023216795176267624|0.27678608894348145|0|2
2232|0.4476379156112671|0.04842299222946167|0.5039390921592712|2|2
2233|0.31598958373069763|0.028840338811278343|0.6551700830459595|2|2
2234|0.5043945908546448|0.026146085932850838|0.46945932507514954|0|2
2235|0.5053208470344543|0.03980236500501633|0.45487678050994873|0|2
2236|0.41961395740509033|0.10748659819364548|0.47289949655532837|2|2
2237|0.6120423078536987|0.1396947205066681|0.24826295673847198|0|0
2238|0.4795737862586975|0.039497409015893936|0.48092880845069885|2|2
2239|0.669520914554596|0.030962113291025162|0.2995170056819916|0|2
2240|0.7076775431632996|0.03383750095963478|0.25848492980003357|0|2
2241|0.27867308259010315|0.02327716164290905|0.698049783706665|2|2
2242|0.3622885048389435|0.0650114044547081|0.5727000832557678|2|2
2243|0.5777506232261658|0.04119197651743889|0.38105735182762146|0|2
2244|0.526772677898407|0.032554760575294495|0.4406725764274597|0|2
2245|0.42404237389564514|0.04461386799812317|0.5313436985015869|2|2
2246|0.40824049711227417|0.06249990314245224|0.5292595624923706|2|2
2247|0.6160916090011597|0.03736075758934021|0.3465476632118225|0|0
2248|0.6497955322265625|0.08279179781675339|0.2674126625061035|0|2
2249|0.7123314142227173|0.026364827528595924|0.26130375266075134|0|0
2250|0.47807297110557556|0.05235530436038971|0.46957170963287354|0|2
2251|0.49582403898239136|0.07654766738414764|0.4276282489299774|0|0
2252|0.4134359359741211|0.05854684114456177|0.5280172228813171|2|2
2253|0.7850812673568726|0.033125024288892746|0.18179377913475037|0|0
2254|0.5482168793678284|0.03534135967493057|0.41644176840782166|0|2
2255|0.38266852498054504|0.023628365248441696|0.5937031507492065|2|2
2256|0.38130617141723633|0.03966937214136124|0.5790244340896606|2|2
2257|0.4205154776573181|0.19494523108005524|0.38453933596611023|0|2
2258|0.5135296583175659|0.05004247650504112|0.43642786145210266|0|2
2259|0.49890732765197754|0.05174104496836662|0.4493516683578491|0|0
2260|0.5407053232192993|0.035679303109645844|0.42361533641815186|0|2
2261|0.5928176045417786|0.02454490400850773|0.38263747096061707|0|2
2262|0.582931637763977|0.08746153861284256|0.3296068608760834|0|2
2263|0.6439387798309326|0.02994559146463871|0.32611560821533203|0|2
2264|0.605836033821106|0.03726702183485031|0.35689693689346313|0|2
2265|0.5890852808952332|0.0650196298956871|0.34589505195617676|0|2
2266|0.44550031423568726|0.12144351005554199|0.43305614590644836|0|2
2267|0.6258631944656372|0.0727301836013794|0.3014066815376282|0|0
2268|0.5155363082885742|0.03618825227022171|0.44827547669410706|0|2
2269|0.3502551317214966|0.027595458552241325|0.6221493482589722|2|2
2270|0.2906235456466675|0.21908211708068848|0.49029433727264404|2|2
2271|0.5088488459587097|0.037244945764541626|0.45390623807907104|0|2
2272|0.38148877024650574|0.04623626545071602|0.5722749829292297|2|2
2273|0.42634373903274536|0.05559919402003288|0.5180570483207703|2|2
2274|0.036030758172273636|0.037786658853292465|0.9261825680732727|2|2
2275|0.37615281343460083|0.02539273165166378|0.598454475402832|2|2
2276|0.6771486401557922|0.03701098635792732|0.28584033250808716|0|2
2277|0.34534865617752075|0.04950752109289169|0.6051439046859741|2|2
2278|0.6897940039634705|0.03749118372797966|0.27271485328674316|0|2
2279|0.55585777759552|0.02486872486770153|0.4192735254764557|0|2
2280|0.5658358335494995|0.041975703090429306|0.39218848943710327|0|2
2281|0.4842505156993866|0.03945436701178551|0.47629514336586|0|2
2282|0.4799174666404724|0.028465431183576584|0.4916171133518219|2|2
2283|0.5695658922195435|0.08707661181688309|0.34335753321647644|0|0
2284|0.46997421979904175|0.0327167771756649|0.49730902910232544|2|2
2285|0.27731916308403015|0.029927747324109077|0.6927530765533447|2|2
2286|0.5302073955535889|0.043984007090330124|0.42580854892730713|0|2
2287|0.3057224154472351|0.026663850992918015|0.667613685131073|2|2
2288|0.5317744612693787|0.08201882243156433|0.38620665669441223|0|2
2289|0.683318555355072|0.05037015676498413|0.26631125807762146|0|0
2290|0.04271544888615608|0.021602734923362732|0.9356817603111267|2|2
2291|0.3422175347805023|0.19534073770046234|0.46244168281555176|2|2
2292|0.34202417731285095|0.02799401618540287|0.6299818158149719|2|2
2293|0.3490622341632843|0.033488571643829346|0.617449164390564|2|2
2294|0.30008628964424133|0.04586762562394142|0.6540460586547852|2|2
2295|0.38819801807403564|0.0600249245762825|0.5517770648002625|2|2
2296|0.56696617603302|0.15780951082706451|0.27522435784339905|0|2
2297|0.41347306966781616|0.0550919771194458|0.531434953212738|2|2
2298|0.44779685139656067|0.042394258081912994|0.5098088979721069|2|2
2299|0.53415846824646|0.024454057216644287|0.44138747453689575|0|0
2300|0.5802955031394958|0.03633062541484833|0.3833739161491394|0|2
2301|0.4751025140285492|0.04228503629565239|0.4826124608516693|2|2
2302|0.4755989611148834|0.06957521289587021|0.45482581853866577|0|2
2303|0.47914743423461914|0.06303584575653076|0.4578166604042053|0|2
2304|0.4897918999195099|0.026172246783971786|0.4840358793735504|0|2
2305|0.2424500286579132|0.03862025588750839|0.7189297676086426|2|2
2306|0.7379089593887329|0.0208432637155056|0.24124778807163239|0|0
2307|0.7161775827407837|0.049044445157051086|0.23477803170681|0|0
2308|0.6413027048110962|0.10547248274087906|0.25322479009628296|0|2
2309|0.4845181703567505|0.055490892380476|0.459990918636322|0|2
2310|0.40484869480133057|0.03633221611380577|0.5588191151618958|2|2
2311|0.4433731138706207|0.03399544209241867|0.5226314663887024|2|2
2312|0.566493809223175|0.023470938205718994|0.41003528237342834|0|0
2313|0.4749002456665039|0.02821297012269497|0.49688684940338135|2|2
2314|0.5182797908782959|0.06274997442960739|0.4189702272415161|0|2
2315|0.5195143222808838|0.04106304049491882|0.4394226372241974|0|2
2316|0.4489809572696686|0.06250214576721191|0.4885169267654419|2|2
2317|0.569126546382904|0.044321272522211075|0.38655221462249756|0|0
2318|0.6612902879714966|0.04878942668437958|0.28992024064064026|0|2
2319|0.6921437978744507|0.029544595628976822|0.2783116102218628|0|0
2320|0.7440392374992371|0.02745416760444641|0.22850655019283295|0|2
2321|0.5921885967254639|0.046030011028051376|0.36178135871887207|0|0
2322|0.3951881229877472|0.10090500116348267|0.5039069652557373|2|2
2323|0.6017659902572632|0.0472247339785099|0.351009339094162|0|2
2324|0.6531714200973511|0.035915955901145935|0.3109126687049866|0|0
2325|0.3524582087993622|0.19646281003952026|0.45107901096343994|2|2
2326|0.4617606997489929|0.03507265821099281|0.503166675567627|2|2
2327|0.5417345762252808|0.020927077159285545|0.4373382329940796|0|2
2328|0.5688037276268005|0.022440504282712936|0.4087557792663574|0|2
2329|0.4391441345214844|0.08142795413732529|0.47942784428596497|2|2
2330|0.777143657207489|0.03558310493826866|0.18727321922779083|0|0
2331|0.4694328308105469|0.03620923310518265|0.4943579137325287|2|2
2332|0.3394433557987213|0.10710738599300385|0.553449273109436|2|2
2333|0.580441415309906|0.029207339510321617|0.39035123586654663|0|0
2334|0.3560947775840759|0.15760599076747894|0.4862992465496063|2|2
2335|0.6141667366027832|0.09824439883232117|0.28758886456489563|0|2
2336|0.5706071257591248|0.05302657186985016|0.3763662874698639|0|0
2337|0.43416061997413635|0.22104987502098083|0.3447895050048828|0|0
2338|0.4529131352901459|0.06561750173568726|0.48146936297416687|2|0
2339|0.639573872089386|0.049918755888938904|0.31050747632980347|0|2
2340|0.5888280272483826|0.02535892277956009|0.38581305742263794|0|2
2341|0.5537148118019104|0.028658127412199974|0.4176270365715027|0|2
2342|0.7074778079986572|0.09250016510486603|0.20002205669879913|0|0
2343|0.5390995144844055|0.03062119521200657|0.43027928471565247|0|2
2344|0.6625055074691772|0.029098954051733017|0.3083955645561218|0|0
2345|0.39295539259910583|0.1149258017539978|0.49211883544921875|2|0
2346|0.7406373023986816|0.08074285835027695|0.17861981689929962|0|0
2347|0.5784436464309692|0.17221301794052124|0.24934333562850952|0|2
2348|0.406992107629776|0.05029718577861786|0.5427107214927673|2|2
2349|0.4769595265388489|0.08350325375795364|0.4395371973514557|0|2
2350|0.6062734723091125|0.041186872869729996|0.35253971815109253|0|2
2351|0.33175504207611084|0.030216224491596222|0.6380288004875183|2|2
2352|0.6264708042144775|0.05712215229868889|0.31640708446502686|0|2
2353|0.5197218656539917|0.044662024825811386|0.4356161057949066|0|2
2354|0.3701351583003998|0.03916994854807854|0.5906949043273926|2|2
2355|0.24340735375881195|0.025100581347942352|0.7314921021461487|2|2
2356|0.42262622714042664|0.022324364632368088|0.5550493597984314|2|2
2357|0.3246058523654938|0.032983846962451935|0.6424103379249573|2|2
2358|0.5686189532279968|0.020219383761286736|0.4111616313457489|0|0
2359|0.6382406949996948|0.032505232840776443|0.32925406098365784|0|2
2360|0.4122821092605591|0.031100289896130562|0.5566176176071167|2|2
2361|0.6141437292098999|0.10617022216320038|0.27968600392341614|0|2
2362|0.5265527367591858|0.031135089695453644|0.44231218099594116|0|2
2363|0.24454256892204285|0.18531739711761475|0.5701400637626648|2|2
2364|0.4666679799556732|0.03018674999475479|0.5031452775001526|2|0
2365|0.5449966788291931|0.0502304844558239|0.40477290749549866|0|2
2366|0.5993146896362305|0.03612935170531273|0.36455589532852173|0|2
2367|0.558472752571106|0.03269769623875618|0.4088295102119446|0|0
2368|0.47805386781692505|0.0439678393304348|0.47797828912734985|0|2
2369|0.611234188079834|0.02798566222190857|0.36078017950057983|0|2
2370|0.6878378391265869|0.033207960426807404|0.27895426750183105|0|2
2371|0.49892139434814453|0.11459918320178986|0.3864794075489044|0|0
2372|0.41483190655708313|0.06365813314914703|0.5215099453926086|2|2
2373|0.29605042934417725|0.08789797127246857|0.6160516142845154|2|2
2374|0.46978431940078735|0.0436747707426548|0.48654088377952576|2|2
2375|0.7674676179885864|0.02796320617198944|0.20456929504871368|0|0
2376|0.554010272026062|0.22679713368415833|0.21919260919094086|0|2
2377|0.6298423409461975|0.058392297476530075|0.3117653727531433|0|2
2378|0.4428463876247406|0.05246753990650177|0.5046861171722412|2|2
2379|0.6044835448265076|0.04534413293004036|0.35017234086990356|0|2
2380|0.48243409395217896|0.021099001169204712|0.49646690487861633|2|0
2381|0.3535812199115753|0.02711181715130806|0.6193069815635681|2|2
2382|0.6588401198387146|0.022268544882535934|0.318891316652298|0|0
2383|0.6380770206451416|0.02649126946926117|0.33543169498443604|0|0
2384|0.6149935126304626|0.024553606286644936|0.36045289039611816|0|2
2385|0.5181373953819275|0.13512137532234192|0.3467411696910858|0|2
2386|0.5469198226928711|0.027696970850229263|0.42538323998451233|0|2
2387|0.602279782295227|0.05071305111050606|0.34700727462768555|0|2
2388|0.5805278420448303|0.039945486932992935|0.37952661514282227|0|0
2389|0.3604685962200165|0.04518602415919304|0.5943452715873718|2|2
2390|0.5049347877502441|0.02435939945280552|0.47070586681365967|0|2
2391|0.5930245518684387|0.04089649021625519|0.3660789728164673|0|2
2392|0.3793761730194092|0.05965137109160423|0.5609724521636963|2|2
2393|0.5233327746391296|0.08525444567203522|0.39141273498535156|0|2
2394|0.5504957437515259|0.026087848469614983|0.4234164357185364|0|2
2395|0.5235040783882141|0.09310709685087204|0.38338878750801086|0|2
2396|0.3675057888031006|0.05074223875999451|0.5817520022392273|2|0
2397|0.5076289176940918|0.03945139795541763|0.4529196619987488|0|2
2398|0.6065922975540161|0.07611602544784546|0.3172917366027832|0|2
2399|0.518868625164032|0.057221271097660065|0.42391008138656616|0|2
2400|0.37542635202407837|0.044705964624881744|0.5798676609992981|2|2
2401|0.3759840130805969|0.09561464190483093|0.5284013748168945|2|2
2402|0.39474809169769287|0.030452709645032883|0.5747992396354675|2|2
2403|0.599341630935669|0.019440075382590294|0.3812183439731598|0|2
2404|0.3230399787425995|0.24521592259407043|0.4317440986633301|2|2
2405|0.26840680837631226|0.0403074249625206|0.6912857890129089|2|2
2406|0.5109305381774902|0.06287818402051926|0.4261913001537323|0|2
2407|0.657381534576416|0.026423197239637375|0.3161952495574951|0|2
2408|0.6476852893829346|0.026489274576306343|0.32582539319992065|0|2
2409|0.5231527090072632|0.020903807133436203|0.4559434652328491|0|0
2410|0.40806150436401367|0.0700637549161911|0.5218747854232788|2|0
2411|0.4658159017562866|0.028761710971593857|0.5054223537445068|2|2
2412|0.48381486535072327|0.08452580869197845|0.4316593110561371|0|2
2413|0.39071670174598694|0.10668202489614487|0.5026013255119324|2|2
2414|0.3898167908191681|0.03610684722661972|0.5740763545036316|2|2
2415|0.13292624056339264|0.5252600312232971|0.3418137729167938|1|2
2416|0.4109577238559723|0.16246487200260162|0.4265773892402649|2|0
2417|0.6663532257080078|0.024460507556796074|0.30918627977371216|0|2
2418|0.6845402121543884|0.04295196384191513|0.27250784635543823|0|0
2419|0.372982919216156|0.043155789375305176|0.5838612914085388|2|2
2420|0.4076879322528839|0.039403319358825684|0.5529087781906128|2|2
2421|0.5037425756454468|0.029257047921419144|0.46700039505958557|0|2
2422|0.5011731386184692|0.030369216576218605|0.4684576094150543|0|2
2423|0.6274176836013794|0.033435653895139694|0.3391466438770294|0|0
2424|0.566992461681366|0.08594568818807602|0.3470618426799774|0|0
2425|0.5878025889396667|0.03203849866986275|0.38015884160995483|0|0
2426|0.28286024928092957|0.03673441708087921|0.6804053783416748|2|2
2427|0.5151522755622864|0.03336232900619507|0.45148539543151855|0|0
2428|0.41875624656677246|0.03350461646914482|0.5477391481399536|2|2
2429|0.5735152959823608|0.037135057151317596|0.3893495500087738|0|2
2430|0.5776367783546448|0.058157846331596375|0.36420536041259766|0|2
2431|0.24263429641723633|0.14882290363311768|0.6085427403450012|2|2
2432|0.41185393929481506|0.04798208922147751|0.5401639938354492|2|2
2433|0.4795307517051697|0.03610077127814293|0.4843684434890747|2|2
2434|0.6312655210494995|0.02720530331134796|0.3415292501449585|0|2
2435|0.26987722516059875|0.08784675598144531|0.6422759890556335|2|0
2436|0.4542117118835449|0.03568388894200325|0.5101044178009033|2|2
2437|0.6089587211608887|0.04935726523399353|0.3416840136051178|0|2
2438|0.4141007661819458|0.0201952513307333|0.5657040476799011|2|2
2439|0.6090337038040161|0.07160397619009018|0.3193623125553131|0|2
2440|0.3985741138458252|0.021490922197699547|0.5799349546432495|2|2
2441|0.30668905377388|0.06005479767918587|0.6332561373710632|2|2
2442|0.4324427843093872|0.09004178643226624|0.4775153696537018|2|2
2443|0.448725163936615|0.046791672706604004|0.5044831037521362|2|2
2444|0.5323700308799744|0.02304624579846859|0.4445836842060089|0|0
2445|0.5646629929542542|0.03879735246300697|0.39653971791267395|0|2
2446|0.3502684533596039|0.025648711249232292|0.6240828633308411|2|2
2447|0.11641433089971542|0.038326896727085114|0.8452588319778442|2|2
2448|0.4709548354148865|0.033220406621694565|0.4958247244358063|2|2
2449|0.45985379815101624|0.037972964346408844|0.5021732449531555|2|2
2450|0.5249958634376526|0.024138376116752625|0.45086583495140076|0|2
2451|0.510572075843811|0.11682263761758804|0.3726053237915039|0|0
2452|0.6227560639381409|0.03028990887105465|0.34695398807525635|0|0
2453|0.5137224197387695|0.04368026554584503|0.44259727001190186|0|2
2454|0.5598873496055603|0.10353489220142365|0.33657777309417725|0|2
2455|0.7088729739189148|0.130204975605011|0.1609220653772354|0|0
2456|0.4642059803009033|0.032341137528419495|0.5034528970718384|2|2
2457|0.3983021080493927|0.03755570948123932|0.5641421675682068|2|2
2458|0.7040550112724304|0.03536497801542282|0.26058003306388855|0|0
2459|0.4614900052547455|0.03682684898376465|0.5016831755638123|2|2
2460|0.42015203833580017|0.15796704590320587|0.42188096046447754|2|2
2461|0.44827598333358765|0.027898075059056282|0.5238258838653564|2|0
2462|0.44467708468437195|0.12674914300441742|0.42857375741004944|0|2
2463|0.5022521615028381|0.03818818926811218|0.4595595896244049|0|2
2464|0.3058270812034607|0.04483981803059578|0.649333119392395|2|2
2465|0.6397510766983032|0.04525487497448921|0.3149940073490143|0|2
2466|0.47254931926727295|0.055420756340026855|0.4720299243927002|0|0
2467|0.4074762761592865|0.029989594593644142|0.5625342130661011|2|2
2468|0.5560523271560669|0.03533729165792465|0.40861034393310547|0|2
2469|0.5733652114868164|0.042977333068847656|0.38365739583969116|0|2
2470|0.5498835444450378|0.03859689459204674|0.4115195572376251|0|0
2471|0.3453123867511749|0.13178321719169617|0.5229043960571289|2|2
2472|0.38145965337753296|0.02394641563296318|0.5945939421653748|2|2
2473|0.6446380615234375|0.01844177395105362|0.33692020177841187|0|2
2474|0.5802463889122009|0.038673948496580124|0.38107967376708984|0|2
2475|0.6261398196220398|0.044785454869270325|0.3290747404098511|0|2
2476|0.5220659375190735|0.04761027544736862|0.4303238093852997|0|2
2477|0.25831305980682373|0.051734209060668945|0.6899527311325073|2|0
2478|0.18011000752449036|0.38670188188552856|0.4331881105899811|2|2
2479|0.20438380539417267|0.10095277428627014|0.6946634650230408|2|2
2480|0.4388938546180725|0.03288036584854126|0.5282257795333862|2|2
2481|0.3604058027267456|0.1506451815366745|0.4889490008354187|2|2
2482|0.3161536753177643|0.03365423157811165|0.6501920819282532|2|2
2483|0.516082763671875|0.02230791188776493|0.4616093039512634|0|0
2484|0.3312923312187195|0.06961401551961899|0.5990936756134033|2|2
2485|0.5964893102645874|0.027684079483151436|0.3758265972137451|0|2
2486|0.4337993264198303|0.06057674437761307|0.5056239366531372|2|0
2487|0.6604737043380737|0.031048977747559547|0.3084772825241089|0|2
2488|0.4586363732814789|0.1371256709098816|0.4042380154132843|0|2
2489|0.5514609813690186|0.14425165951251984|0.3042874038219452|0|0
2490|0.6194427609443665|0.027153488248586655|0.353403776884079|0|2
2491|0.6778071522712708|0.01861892081797123|0.30357393622398376|0|0
2492|0.5736284852027893|0.050352685153484344|0.37601882219314575|0|2
2493|0.5389750599861145|0.02784779481589794|0.43317708373069763|0|0
2494|0.5664589405059814|0.02130480483174324|0.4122362434864044|0|2
2495|0.4999210834503174|0.05814026668667793|0.4419386386871338|0|2
2496|0.5259897112846375|0.028069403022527695|0.44594085216522217|0|2
2497|0.36782577633857727|0.0706966370344162|0.5614776015281677|2|2
2498|0.4476299285888672|0.19195321202278137|0.36041682958602905|0|2
2499|0.6473371982574463|0.03195929527282715|0.3207034468650818|0|2
2500|0.26047345995903015|0.027150945737957954|0.7123756408691406|2|2
2501|0.3626329004764557|0.08087965101003647|0.5564874410629272|2|2
2502|0.5569357872009277|0.04261830449104309|0.4004458785057068|0|2
2503|0.3868515193462372|0.10241169482469559|0.5107367634773254|2|2
2504|0.42712172865867615|0.14432494342327118|0.42855337262153625|2|1
2505|0.5536463856697083|0.07489453256130219|0.371459037065506|0|2
2506|0.37692368030548096|0.04410018026828766|0.5789761543273926|2|0
2507|0.5802732110023499|0.03819187358021736|0.3815349340438843|0|2
2508|0.6846541166305542|0.09554891288280487|0.2197970151901245|0|0
2509|0.5414010882377625|0.021822158247232437|0.43677669763565063|0|2
2510|0.30201512575149536|0.25321096181869507|0.44477391242980957|2|1
2511|0.4738749563694|0.03938186168670654|0.48674315214157104|2|2
2512|0.48358848690986633|0.060862794518470764|0.4555486738681793|0|2
2513|0.46782565116882324|0.08719997853040695|0.444974422454834|0|2
2514|0.48848554491996765|0.10651252418756485|0.4050019383430481|0|2
2515|0.5492430925369263|0.04114885255694389|0.4096081256866455|0|2
2516|0.6023368835449219|0.09017852693796158|0.30748462677001953|0|2
2517|0.5565125346183777|0.02821514569222927|0.4152723252773285|0|2
2518|0.5494710803031921|0.02954879216849804|0.4209800958633423|0|2
2519|0.6654829382896423|0.027830220758914948|0.3066868782043457|0|2
2520|0.3392803966999054|0.06302757561206818|0.59769207239151|2|2
2521|0.47580355405807495|0.035483382642269135|0.4887130856513977|2|2
2522|0.7179604768753052|0.05052708834409714|0.23151251673698425|0|0
2523|0.6353145241737366|0.025393029674887657|0.33929237723350525|0|0
2524|0.3393535017967224|0.08518965542316437|0.5754567980766296|2|2
2525|0.4665082097053528|0.025005856528878212|0.5084859132766724|2|2
2526|0.37400782108306885|0.34169137477874756|0.2843007743358612|0|0
2527|0.5126535892486572|0.06975558400154114|0.4175908863544464|0|2
2528|0.5795159935951233|0.026369312778115273|0.3941147029399872|0|2
2529|0.7173207402229309|0.03742365166544914|0.24525561928749084|0|2
2530|0.04016028344631195|0.027881501242518425|0.9319581985473633|2|2
2531|0.4264141023159027|0.06543901562690735|0.5081468224525452|2|2
2532|0.35046249628067017|0.06260785460472107|0.5869296789169312|2|2
2533|0.6323366761207581|0.041882432997226715|0.3257809281349182|0|2
2534|0.4322022795677185|0.08176769316196442|0.48603004217147827|2|2
2535|0.5937361121177673|0.08860984444618225|0.317654013633728|0|2
2536|0.7522429823875427|0.04957454651594162|0.19818244874477386|0|0
2537|0.7327528595924377|0.030015427619218826|0.23723168671131134|0|0
2538|0.4427487254142761|0.030038226395845413|0.5272130966186523|2|2
2539|0.5828427672386169|0.0689006820321083|0.34825655817985535|0|2
2540|0.4987390339374542|0.20519447326660156|0.2960664927959442|0|2
2541|0.37119436264038086|0.04586153104901314|0.5829440951347351|2|2
2542|0.5836378335952759|0.0247120913118124|0.39165011048316956|0|2
2543|0.5759448409080505|0.05861252173781395|0.3654426038265228|0|2
2544|0.6584158539772034|0.09321165084838867|0.24837251007556915|0|2
2545|0.5299974083900452|0.09196992963552475|0.3780326545238495|0|2
2546|0.49036934971809387|0.0630507543683052|0.4465799033641815|0|2
2547|0.5220014452934265|0.04289805516600609|0.4351005256175995|0|2
2548|0.5507234334945679|0.07586933672428131|0.37340718507766724|0|2
2549|0.470450222492218|0.06669207662343979|0.46285775303840637|0|2
2550|0.474824994802475|0.12943477928638458|0.39574024081230164|0|2
2551|0.2709316611289978|0.04887049272656441|0.6801978349685669|2|2
2552|0.6702327728271484|0.026503166183829308|0.3032640516757965|0|0
2553|0.26385509967803955|0.05233564227819443|0.6838092803955078|2|2
2554|0.5311934351921082|0.03592737019062042|0.4328792095184326|0|2
2555|0.6182395815849304|0.08207964152097702|0.29968076944351196|0|0
2556|0.36329635977745056|0.030712217092514038|0.6059914231300354|2|2
2557|0.4958709478378296|0.05011243373155594|0.4540165960788727|0|2
2558|0.5008897185325623|0.2055041640996933|0.29360610246658325|0|0
2559|0.6541449427604675|0.09727777540683746|0.2485772967338562|0|0
2560|0.2928880751132965|0.06601997464895248|0.6410919427871704|2|2
2561|0.39627203345298767|0.029346128925681114|0.5743818879127502|2|2
2562|0.3226551115512848|0.021903838962316513|0.6554410457611084|2|2
2563|0.5262084007263184|0.05789072811603546|0.4159008860588074|0|2
2564|0.4008563458919525|0.027534713968634605|0.5716089606285095|2|2
2565|0.5179678201675415|0.030266588553786278|0.45176559686660767|0|2
2566|0.29006147384643555|0.096030592918396|0.6139079332351685|2|2
2567|0.4221913814544678|0.042202673852443695|0.5356060266494751|2|2
2568|0.5012468695640564|0.04074294492602348|0.458010196685791|0|2
2569|0.32892492413520813|0.03616371750831604|0.634911298751831|2|2
2570|0.5619435906410217|0.04224340617656708|0.3958130180835724|0|2
2571|0.4373035728931427|0.04047195240855217|0.5222244262695312|2|2
2572|0.4933144450187683|0.0411418117582798|0.4655436873435974|0|2
2573|0.4059096872806549|0.07696892321109772|0.5171213746070862|2|2
2574|0.4643544554710388|0.06142229959368706|0.47422322630882263|2|2
2575|0.5223387479782104|0.049251556396484375|0.42840972542762756|0|2
2576|0.6589727401733398|0.04748734459280968|0.2935398519039154|0|0
2577|0.5143764615058899|0.26790371537208557|0.21771979331970215|0|0
2578|0.6246699690818787|0.03578535467386246|0.3395446836948395|0|2
2579|0.41697946190834045|0.0431712381541729|0.5398493409156799|2|2
2580|0.5433440208435059|0.09169384837150574|0.364962100982666|0|2
2581|0.5957794785499573|0.06992287933826447|0.33429762721061707|0|0
2582|0.19363124668598175|0.16460919380187988|0.6417595744132996|2|2
2583|0.6291844844818115|0.04196732118725777|0.3288481831550598|0|0
2584|0.6132775545120239|0.03563280031085014|0.35108962655067444|0|2
2585|0.3965591788291931|0.07973432540893555|0.5237064957618713|2|2
2586|0.6570891737937927|0.053473904728889465|0.2894369959831238|0|0
2587|0.49460822343826294|0.22502708435058594|0.2803646922111511|0|2
2588|0.34280315041542053|0.020722728222608566|0.6364741921424866|2|2
2589|0.43980979919433594|0.027167832478880882|0.5330223441123962|2|2
2590|0.4211333990097046|0.0679929107427597|0.5108736753463745|2|2
2591|0.379708468914032|0.04634058102965355|0.5739508867263794|2|2
2592|0.7289970517158508|0.036446426063776016|0.23455651104450226|0|2
2593|0.4178517758846283|0.056276243180036545|0.525871992111206|2|2
2594|0.14620842039585114|0.031780827790498734|0.8220106959342957|2|2
2595|0.6231580972671509|0.04436755180358887|0.33247435092926025|0|0
2596|0.671941876411438|0.05404002219438553|0.2740181088447571|0|0
2597|0.6288667321205139|0.049195319414138794|0.3219379782676697|0|0
2598|0.2651160955429077|0.023752283304929733|0.7111315727233887|2|2
2599|0.4534416198730469|0.048093706369400024|0.4984646439552307|2|2
2600|0.4813639521598816|0.07176902145147324|0.4468670189380646|0|2
2601|0.6579973697662354|0.04963447526097298|0.2923681437969208|0|2
2602|0.42029669880867004|0.05478367954492569|0.5249196887016296|2|2
2603|0.615411639213562|0.03340893238782883|0.35117945075035095|0|2
2604|0.7077271342277527|0.03162665292620659|0.2606462240219116|0|2
2605|0.46873006224632263|0.04091930761933327|0.4903506636619568|2|2
2606|0.4638611078262329|0.036285869777202606|0.4998530149459839|2|2
2607|0.637176513671875|0.03600290045142174|0.32682064175605774|0|2
2608|0.6151044964790344|0.05452980846166611|0.33036571741104126|0|2
2609|0.586033046245575|0.03340901806950569|0.3805578649044037|0|2
2610|0.6857845187187195|0.04943746328353882|0.2647780776023865|0|0
2611|0.5910617113113403|0.02729843370616436|0.3816398084163666|0|2
2612|0.35612165927886963|0.040131598711013794|0.6037467122077942|2|2
2613|0.36928674578666687|0.03629145398736|0.5944218039512634|2|2
2614|0.5301739573478699|0.16800278425216675|0.301823228597641|0|2
2615|0.3310256898403168|0.03720712289214134|0.631767213344574|2|2
2616|0.3471573293209076|0.028140362352132797|0.6247022747993469|2|2
2617|0.29421037435531616|0.0806165263056755|0.6251731514930725|2|2
2618|0.6257564425468445|0.03998879715800285|0.3342547118663788|0|2
2619|0.6247511506080627|0.11917474120855331|0.25607407093048096|0|2
2620|0.5975116491317749|0.032642241567373276|0.36984607577323914|0|2
2621|0.4189264476299286|0.035443492233753204|0.5456300973892212|2|2
2622|0.41068509221076965|0.03967425972223282|0.5496406555175781|2|2
2623|0.3718434274196625|0.030834181234240532|0.597322404384613|2|2
2624|0.5333240628242493|0.03815758228302002|0.4285183250904083|0|2
2625|0.5228987336158752|0.07787813991308212|0.39922308921813965|0|2
2626|0.382608562707901|0.15249361097812653|0.46489784121513367|2|2
2627|0.36464962363243103|0.031145960092544556|0.6042044162750244|2|2
2628|0.5770527720451355|0.03165324404835701|0.391294002532959|0|0
2629|0.2770597040653229|0.032126374542713165|0.6908138990402222|2|2
2630|0.6557019948959351|0.023960737511515617|0.3203372657299042|0|2
2631|0.47945278882980347|0.05399973690509796|0.46654748916625977|0|2
2632|0.6382307410240173|0.02932342141866684|0.33244583010673523|0|0
2633|0.5388265252113342|0.039513323456048965|0.4216601252555847|0|2
2634|0.48707979917526245|0.090303935110569|0.42261624336242676|0|2
2635|0.6441041231155396|0.04968756064772606|0.30620819330215454|0|2
2636|0.5777652263641357|0.10174210369586945|0.32049262523651123|0|0
2637|0.4898473620414734|0.06133304908871651|0.448819637298584|0|2
2638|0.5841147303581238|0.12209633737802505|0.2937889099121094|0|2
2639|0.5255980491638184|0.0213506780564785|0.45305126905441284|0|2
2640|0.6751778721809387|0.041594650596380234|0.2832275331020355|0|2
2641|0.49897822737693787|0.02539612352848053|0.475625604391098|0|2
2642|0.03927258029580116|0.020352335646748543|0.940375030040741|2|2
2643|0.6034165024757385|0.0835072249174118|0.3130762279033661|0|0
2644|0.6424731016159058|0.024816127493977547|0.33271074295043945|0|2
2645|0.3680585026741028|0.046680521219968796|0.5852609872817993|2|2
2646|0.5112828612327576|0.06744255125522614|0.4212746024131775|0|2
2647|0.44831156730651855|0.021473241969943047|0.5302152037620544|2|2
2648|0.46528810262680054|0.049663569778203964|0.4850483536720276|2|2
2649|0.40026429295539856|0.029556840658187866|0.5701788663864136|2|2
2650|0.2983340919017792|0.03094874881207943|0.670717179775238|2|2
2651|0.38772210478782654|0.06137145683169365|0.5509064197540283|2|2
2652|0.5725710988044739|0.031497083604335785|0.3959318697452545|0|2
2653|0.694366455078125|0.031983938068151474|0.2736496925354004|0|2
2654|0.6049801707267761|0.030882438644766808|0.36413735151290894|0|0
2655|0.027850734069943428|0.0673939436674118|0.9047552943229675|2|2
2656|0.5110257863998413|0.09131648391485214|0.39765769243240356|0|0
2657|0.5982186198234558|0.023804912343621254|0.3779764473438263|0|2
2658|0.3425646722316742|0.04236439988017082|0.6150709986686707|2|2
2659|0.6394948363304138|0.022791439667344093|0.33771368861198425|0|2
2660|0.4700929820537567|0.02217859774827957|0.5077283978462219|2|2
2661|0.5970941781997681|0.021028421819210052|0.3818773925304413|0|2
2662|0.5844013690948486|0.03805838152766228|0.37754026055336|0|0
2663|0.7225961685180664|0.035490360110998154|0.24191348254680634|0|2
2664|0.5197579860687256|0.15612484514713287|0.32411709427833557|0|0
2665|0.43833404779434204|0.10358486324548721|0.45808106660842896|2|2
2666|0.5063767433166504|0.08549628406763077|0.40812698006629944|0|2
2667|0.36820873618125916|0.08866586536169052|0.5431253910064697|2|2
2668|0.6181789040565491|0.029056070372462273|0.3527650535106659|0|0
2669|0.4265616536140442|0.07144997268915176|0.501988410949707|2|2
2670|0.6258648633956909|0.026194706559181213|0.3479403853416443|0|2
2671|0.5339871048927307|0.11578388512134552|0.3502289056777954|0|2
2672|0.029957136139273643|0.025119440630078316|0.944923460483551|2|2
2673|0.5746022462844849|0.03943468630313873|0.3859630823135376|0|2
2674|0.4057064354419708|0.03162729740142822|0.5626662969589233|2|2
2675|0.5556313991546631|0.09009476751089096|0.35427385568618774|0|2
2676|0.5227795839309692|0.03498703986406326|0.4422334134578705|0|2
2677|0.46359971165657043|0.05314827337861061|0.48325198888778687|2|2
2678|0.5070551037788391|0.048574794083833694|0.4443700909614563|0|2
2679|0.29216352105140686|0.05136745050549507|0.6564690470695496|2|2
2680|0.37543436884880066|0.025894373655319214|0.5986712574958801|2|2
2681|0.503106415271759|0.06833965331315994|0.4285539388656616|0|0
2682|0.444082647562027|0.11326877772808075|0.44264858961105347|0|2
2683|0.31576666235923767|0.04746111109852791|0.6367721557617188|2|2
2684|0.4762692451477051|0.039295751601457596|0.48443499207496643|2|2
2685|0.03280376270413399|0.024370888248085976|0.9428253769874573|2|2
2686|0.6484590172767639|0.01937432959675789|0.33216673135757446|0|2
2687|0.5650289058685303|0.07074417173862457|0.36422696709632874|0|0
2688|0.5612902045249939|0.024138687178492546|0.4145711362361908|0|0
2689|0.3384985029697418|0.031118711456656456|0.630382776260376|2|2
2690|0.6601981520652771|0.03210297226905823|0.30769893527030945|0|0
2691|0.5286715030670166|0.027340060099959373|0.4439884126186371|0|2
2692|0.5808092355728149|0.02750794216990471|0.39168280363082886|0|2
2693|0.5455261468887329|0.02946227416396141|0.4250115752220154|0|2
2694|0.49577999114990234|0.12681341171264648|0.3774065375328064|0|2
2695|0.3895072042942047|0.10421506315469742|0.5062777400016785|2|2
2696|0.7478727698326111|0.024711623787879944|0.22741560637950897|0|2
2697|0.3588026165962219|0.047074053436517715|0.5941233038902283|2|2
2698|0.41037794947624207|0.05653152987360954|0.5330905318260193|2|2
2699|0.5062460899353027|0.030606118962168694|0.4631478488445282|0|2
2700|0.4990311563014984|0.06912260502576828|0.4318462908267975|0|2
2701|0.6461753249168396|0.03594600781798363|0.3178786635398865|0|2
2702|0.33054184913635254|0.0757124200463295|0.593745768070221|2|2
2703|0.5157080888748169|0.08054451644420624|0.4037473797798157|0|2
2704|0.7106261849403381|0.03565732389688492|0.25371652841567993|0|0
2705|0.33728212118148804|0.05294698476791382|0.6097709536552429|2|2
2706|0.5571988224983215|0.06196685507893562|0.38083434104919434|0|2
2707|0.578568160533905|0.10471118986606598|0.3167206346988678|0|2
2708|0.6194981932640076|0.023755518719553947|0.35674625635147095|0|2
2709|0.443251371383667|0.025631805881857872|0.531116783618927|2|2
2710|0.592846691608429|0.02318400703370571|0.383969247341156|0|2
2711|0.5443506836891174|0.07524935156106949|0.3803999423980713|0|2
2712|0.37089142203330994|0.02755294181406498|0.6015556454658508|2|2
2713|0.508482813835144|0.05674780160188675|0.4347694218158722|0|2
2714|0.3338790833950043|0.032656412571668625|0.6334645748138428|2|2
2715|0.48279857635498047|0.020793814212083817|0.4964076280593872|2|2
2716|0.5860418081283569|0.02511117421090603|0.3888469934463501|0|0
2717|0.278546541929245|0.021588928997516632|0.6998645067214966|2|2
2718|0.6982846260070801|0.048704054206609726|0.2530113756656647|0|0
2719|0.3876078426837921|0.13288788497447968|0.4795043170452118|2|2
2720|0.5331841707229614|0.04835078865289688|0.4184650182723999|0|2
2721|0.6216326951980591|0.07541307061910629|0.30295419692993164|0|0
2722|0.5250107645988464|0.03166915848851204|0.44332006573677063|0|2
2723|0.4233245849609375|0.15937143564224243|0.41730400919914246|0|2
2724|0.4673706889152527|0.05833720043301582|0.4742920994758606|2|2
2725|0.33487001061439514|0.05563594773411751|0.6094940900802612|2|2
2726|0.3627755343914032|0.029786430299282074|0.6074380278587341|2|0
2727|0.31770530343055725|0.03908572345972061|0.6432089805603027|2|2
2728|0.6527875065803528|0.029012063518166542|0.31820040941238403|0|0
2729|0.600258469581604|0.025129184126853943|0.37461236119270325|0|2
2730|0.6722217798233032|0.04994016885757446|0.2778380215167999|0|2
2731|0.34698066115379333|0.08443092554807663|0.5685884356498718|2|2
2732|0.6156830191612244|0.06727373600006104|0.3170432448387146|0|2
2733|0.5589895248413086|0.034141745418310165|0.40686875581741333|0|2
2734|0.5472750067710876|0.02539079077541828|0.42733415961265564|0|2
2735|0.5144925117492676|0.06793376803398132|0.4175737500190735|0|2
2736|0.3722926378250122|0.02851770631968975|0.5991896390914917|2|2
2737|0.574327826499939|0.03366852551698685|0.3920036256313324|0|2
2738|0.5053237676620483|0.03737202286720276|0.4573042094707489|0|0
2739|0.4016830027103424|0.023528067395091057|0.5747889876365662|2|0
2740|0.3559799790382385|0.052195146679878235|0.5918248891830444|2|2
2741|0.5907458662986755|0.029697339981794357|0.379556804895401|0|0
2742|0.5300357341766357|0.028680527582764626|0.4412837624549866|0|2
2743|0.3675576448440552|0.05539781227707863|0.5770445466041565|2|2
2744|0.4150512218475342|0.036622270941734314|0.5483264923095703|2|2
2745|0.5103703141212463|0.042718566954135895|0.44691112637519836|0|0
2746|0.4527401328086853|0.06897972524166107|0.47828012704849243|2|2
2747|0.6340770721435547|0.05031483620405197|0.31560805439949036|0|2
2748|0.2403673231601715|0.033213164657354355|0.7264194488525391|2|2
2749|0.6728121638298035|0.027983564883470535|0.2992042601108551|0|0
2750|0.44504594802856445|0.028221650049090385|0.5267324447631836|2|2
2751|0.6327391862869263|0.09653997421264648|0.27072083950042725|0|0
2752|0.40783074498176575|0.022615378722548485|0.5695539116859436|2|2
2753|0.6534254550933838|0.025673195719718933|0.3209013342857361|0|2
2754|0.605271577835083|0.036649398505687714|0.35807910561561584|0|2
2755|0.6054728031158447|0.02884935587644577|0.3656778335571289|0|2
2756|0.807522177696228|0.014100241474807262|0.1783776730298996|0|0
2757|0.3785669803619385|0.11583423614501953|0.5055987238883972|2|2
2758|0.3244364261627197|0.03801398351788521|0.6375495791435242|2|2
2759|0.3927645683288574|0.021252848207950592|0.5859825611114502|2|2
2760|0.4674910306930542|0.04277610778808594|0.48973286151885986|2|2
2761|0.6711050868034363|0.03069455362856388|0.2982003688812256|0|2
2762|0.3401173949241638|0.029019277542829514|0.6308633089065552|2|2
2763|0.5586509704589844|0.044032707810401917|0.3973163366317749|0|0
2764|0.5903666019439697|0.06127540394663811|0.3483579754829407|0|2
2765|0.48052453994750977|0.026845987886190414|0.4926294684410095|2|2
2766|0.38374778628349304|0.031001854687929153|0.5852503180503845|2|2
2767|0.03223201632499695|0.024590101093053818|0.9431778788566589|2|2
2768|0.523867130279541|0.029443133622407913|0.4466896653175354|0|2
2769|0.5322887897491455|0.060784243047237396|0.4069269895553589|0|2
2770|0.5067557692527771|0.03728795796632767|0.4559563398361206|0|2
2771|0.7273985743522644|0.019290706142783165|0.2533107101917267|0|0
2772|0.5118893384933472|0.04457889124751091|0.44353175163269043|0|2
2773|0.35549941658973694|0.028486840426921844|0.616013765335083|2|2
2774|0.3054724335670471|0.14056362211704254|0.5539640188217163|2|2
2775|0.5370903611183167|0.055743508040905|0.40716615319252014|0|2
2776|0.30459144711494446|0.03365171700716019|0.6617568135261536|2|2
2777|0.644188642501831|0.0293005108833313|0.32651081681251526|0|2
2778|0.47390174865722656|0.027440067380666733|0.4986581802368164|2|2
2779|0.4689101576805115|0.09212441742420197|0.43896540999412537|0|2
2780|0.26395466923713684|0.1882336288690567|0.5478116869926453|2|2
2781|0.3745465874671936|0.052518539130687714|0.5729349255561829|2|2
2782|0.5345697402954102|0.0815848708152771|0.3838454484939575|0|0
2783|0.45487526059150696|0.12218606472015381|0.42293867468833923|0|2
2784|0.256272554397583|0.07487253844738007|0.6688548922538757|2|2
2785|0.25958627462387085|0.21768906712532043|0.5227246284484863|2|2
2786|0.7253595590591431|0.03152992203831673|0.2431105375289917|0|0
2787|0.2564448118209839|0.16927282512187958|0.5742824077606201|2|2
2788|0.35493144392967224|0.04397027939558029|0.6010982394218445|2|2
2789|0.6647652387619019|0.044714123010635376|0.29052066802978516|0|2
2790|0.27192312479019165|0.06344842910766602|0.6646284461021423|2|2
2791|0.4865038990974426|0.07237232476472855|0.44112372398376465|0|2
2792|0.6023188829421997|0.02375243417918682|0.37392863631248474|0|2
2793|0.6117912530899048|0.07215996831655502|0.3160487711429596|0|0
2794|0.5086818933486938|0.0329059436917305|0.45841217041015625|0|2
2795|0.5666281580924988|0.02659764513373375|0.40677422285079956|0|2
2796|0.6643351912498474|0.034105122089385986|0.3015596866607666|0|2
2797|0.4512280523777008|0.026214519515633583|0.5225573778152466|2|2
2798|0.32928383350372314|0.046139299869537354|0.6245768666267395|2|2
2799|0.7541760206222534|0.02089139074087143|0.22493256628513336|0|0
2800|0.548336386680603|0.03447030484676361|0.41719329357147217|0|2
2801|0.415890097618103|0.06458144634962082|0.5195284485816956|2|2
2802|0.2748493254184723|0.04185463488101959|0.6832960844039917|2|2
2803|0.5581940412521362|0.053721074014902115|0.38808488845825195|0|2
2804|0.31128039956092834|0.038540538400411606|0.6501790881156921|2|2
2805|0.34732556343078613|0.028160808607935905|0.6245136260986328|2|2
2806|0.2742672264575958|0.06932085007429123|0.65641188621521|2|2
2807|0.6574428081512451|0.03212347999215126|0.3104337155818939|0|0
2808|0.3077978193759918|0.022837979719042778|0.6693642139434814|2|2
2809|0.45728573203086853|0.18226508796215057|0.3604491651058197|0|2
2810|0.47880926728248596|0.04103529453277588|0.48015546798706055|2|2
2811|0.4256173372268677|0.09187070280313492|0.4825119376182556|2|2
2812|0.5353330969810486|0.04246528819203377|0.42220160365104675|0|2
2813|0.35343772172927856|0.13152728974819183|0.5150350332260132|2|2
2814|0.6134979128837585|0.028153197839856148|0.3583487868309021|0|2
2815|0.4697275459766388|0.17370235919952393|0.3565700948238373|0|0
2816|0.5388197302818298|0.03744085878133774|0.42373934388160706|0|2
2817|0.49860531091690063|0.028890442103147507|0.47250422835350037|0|2
2818|0.6004911065101624|0.033497463911771774|0.36601147055625916|0|0
2819|0.5886644721031189|0.07012023776769638|0.34121525287628174|0|2
2820|0.32464998960494995|0.08032143861055374|0.5950285196304321|2|2
2821|0.5223817825317383|0.06732490658760071|0.410293310880661|0|2
2822|0.5361878275871277|0.038643304258584976|0.4251689016819|0|2
2823|0.5351381301879883|0.05975965037941933|0.4051022529602051|0|2
2824|0.6897931694984436|0.06282458454370499|0.24738220870494843|0|2
2825|0.4322660565376282|0.08751814067363739|0.480215847492218|2|2
2826|0.4770495295524597|0.03648311644792557|0.4864673316478729|2|2
2827|0.5164833068847656|0.0212338175624609|0.46228286623954773|0|0
2828|0.5160936117172241|0.09011233597993851|0.39379408955574036|0|2
2829|0.4143120050430298|0.02595948427915573|0.5597285628318787|2|2
2830|0.6026267409324646|0.025987721979618073|0.3713856041431427|0|2
2831|0.54422527551651|0.039812397211790085|0.4159623086452484|0|2
2832|0.4683256149291992|0.06133376434445381|0.4703405797481537|2|2
2833|0.5239928364753723|0.04813796281814575|0.4278692901134491|0|2
2834|0.38454195857048035|0.06453899294137955|0.5509190559387207|2|2
2835|0.8441314697265625|0.023616762831807137|0.1322517991065979|0|0
2836|0.34434938430786133|0.06081689894199371|0.5948337316513062|2|2
2837|0.43030697107315063|0.0891551598906517|0.48053786158561707|2|2
2838|0.4249267578125|0.06299225240945816|0.5120809674263|2|2
2839|0.5161188840866089|0.06205853447318077|0.42182254791259766|0|0
2840|0.3985660970211029|0.04883217811584473|0.5526017546653748|2|2
2841|0.5210447907447815|0.02521180734038353|0.4537433981895447|0|2
2842|0.6264816522598267|0.04259173572063446|0.3309265971183777|0|2
2843|0.573087751865387|0.02659486047923565|0.40031740069389343|0|2
2844|0.6183603405952454|0.04284639656543732|0.33879318833351135|0|0
2845|0.5874719619750977|0.02560984343290329|0.38691818714141846|0|2
2846|0.5074092149734497|0.02214544638991356|0.47044533491134644|0|2
2847|0.39138904213905334|0.07057444006204605|0.5380365252494812|2|2
2848|0.6696916222572327|0.03941674903035164|0.2908916175365448|0|0
2849|0.6294735670089722|0.0448097363114357|0.32571667432785034|0|2
2850|0.42257288098335266|0.09827874600887299|0.47914838790893555|2|2
2851|0.6847325563430786|0.041204240173101425|0.2740631401538849|0|2
2852|0.5485840439796448|0.05511016398668289|0.39630579948425293|0|2
2853|0.5767163634300232|0.023165779188275337|0.4001179039478302|0|2
2854|0.5751886963844299|0.056338369846343994|0.36847299337387085|0|2
2855|0.591132402420044|0.05318823084235191|0.35567936301231384|0|2
2856|0.6924935579299927|0.020162060856819153|0.2873443365097046|0|0
2857|0.4477604031562805|0.04447900876402855|0.5077605247497559|2|2
2858|0.6405921578407288|0.06429704278707504|0.2951107621192932|0|2
2859|0.6150057315826416|0.04291645810008049|0.34207773208618164|0|2
2860|0.5115817785263062|0.027896737679839134|0.4605214595794678|0|2
2861|0.6969717741012573|0.05978289619088173|0.24324536323547363|0|0
2862|0.5455681681632996|0.02493715099990368|0.4294946789741516|0|2
2863|0.4779050648212433|0.1348051130771637|0.3872898519039154|0|2
2864|0.5783030986785889|0.06234361231327057|0.35935330390930176|0|2
2865|0.5983246564865112|0.08492778241634369|0.3167475163936615|0|0
2866|0.4531438648700714|0.022455863654613495|0.5244002938270569|2|2
2867|0.3303394913673401|0.05300677940249443|0.6166536808013916|2|2
2868|0.6006070971488953|0.03750785067677498|0.36188507080078125|0|2
2869|0.557155430316925|0.07115642726421356|0.3716881573200226|0|2
2870|0.6050512790679932|0.061125747859478|0.33382296562194824|0|2
2871|0.5578833818435669|0.10780668258666992|0.33430999517440796|0|2
2872|0.537481427192688|0.03592681884765625|0.4265917241573334|0|0
2873|0.3911797106266022|0.05132909491658211|0.5574912428855896|2|2
2874|0.5113368034362793|0.024564113467931747|0.46409904956817627|0|2
2875|0.46986621618270874|0.027477720752358437|0.502656102180481|2|2
2876|0.18827767670154572|0.03282630816102028|0.7788959741592407|2|2
2877|0.35637375712394714|0.11830296367406845|0.5253232717514038|2|2
2878|0.5772791504859924|0.04738878831267357|0.3753320574760437|0|2
2879|0.35147103667259216|0.034074507653713226|0.614454448223114|2|2
2880|0.3247694671154022|0.02659531682729721|0.6486352682113647|2|2
2881|0.6108445525169373|0.03811493143439293|0.3510405123233795|0|2
2882|0.5285475850105286|0.04369238391518593|0.4277600347995758|0|2
2883|0.3271881639957428|0.05141428858041763|0.6213975548744202|2|2
2884|0.6362359523773193|0.031032651662826538|0.3327314555644989|0|0
2885|0.44814756512641907|0.0756431594491005|0.4762093126773834|2|0
2886|0.2569030225276947|0.047429408878088|0.695667564868927|2|2
2887|0.5557305216789246|0.03727630153298378|0.40699324011802673|0|2
2888|0.37944263219833374|0.059149451553821564|0.5614079236984253|2|2
2889|0.5949968099594116|0.0222763828933239|0.3827268183231354|0|0
2890|0.3665938973426819|0.03672539070248604|0.596680760383606|2|2
2891|0.3994305729866028|0.03089797869324684|0.5696715116500854|2|2
2892|0.3816981315612793|0.039395272731781006|0.5789066553115845|2|2
2893|0.5069067478179932|0.02352266013622284|0.4695706367492676|0|2
2894|0.3107893764972687|0.028209717944264412|0.6610009074211121|2|2
2895|0.4423888623714447|0.04020760580897331|0.5174035429954529|2|2
2896|0.49703335762023926|0.03680533915758133|0.4661613404750824|0|2
2897|0.651509165763855|0.0565761923789978|0.2919146418571472|0|0
2898|0.5927904844284058|0.03384840860962868|0.37336114048957825|0|0
2899|0.6490239500999451|0.02285497821867466|0.3281210660934448|0|0
2900|0.44104698300361633|0.05225830897688866|0.5066946148872375|2|2
2901|0.4783245325088501|0.04080633446574211|0.4808691740036011|2|2
2902|0.5182930827140808|0.04037207365036011|0.44133487343788147|0|2
2903|0.704955518245697|0.02236613631248474|0.272678405046463|0|2
2904|0.4182372987270355|0.10371221601963043|0.47805050015449524|2|2
2905|0.3138074278831482|0.1359739750623703|0.5502185821533203|2|2
2906|0.5487176775932312|0.039938781410455704|0.411343514919281|0|2
2907|0.2917645275592804|0.08283868432044983|0.6253967881202698|2|2
2908|0.42854851484298706|0.0738384947180748|0.49761301279067993|2|2
2909|0.20080986618995667|0.04411947354674339|0.7550706267356873|2|2
2910|0.22976215183734894|0.03048011101782322|0.7397577166557312|2|2
2911|0.46343114972114563|0.03444167599081993|0.5021271705627441|2|2
2912|0.2190338671207428|0.035485342144966125|0.7454807758331299|2|2
2913|0.5226046442985535|0.02901277132332325|0.44838252663612366|0|2
2914|0.6454290151596069|0.07793223112821579|0.2766387462615967|0|0
2915|0.44901105761528015|0.15469211339950562|0.396296888589859|0|2
2916|0.3852548599243164|0.027773460373282433|0.5869717001914978|2|2
2917|0.4913427531719208|0.06377531588077545|0.4448819160461426|0|2
2918|0.03873104602098465|0.028895048424601555|0.9323738813400269|2|2
2919|0.4672279357910156|0.06475293636322021|0.46801912784576416|2|0
2920|0.2793571949005127|0.07899205386638641|0.6416507363319397|2|2
2921|0.43723395466804504|0.16156385838985443|0.40120217204093933|0|2
2922|0.5297391414642334|0.03807817026972771|0.4321826994419098|0|2
2923|0.5288857221603394|0.10322690010070801|0.36788731813430786|0|2
2924|0.4104781150817871|0.041850075125694275|0.5476717948913574|2|2
2925|0.5958669185638428|0.061369720846414566|0.34276333451271057|0|0
2926|0.45223671197891235|0.04202048107981682|0.5057427883148193|2|2
2927|0.5049768090248108|0.06140706688165665|0.43361610174179077|0|2
2928|0.699447512626648|0.07462369650602341|0.22592879831790924|0|2
2929|0.31998470425605774|0.06140786036849022|0.6186074018478394|2|2
2930|0.6402901411056519|0.019131353124976158|0.340578556060791|0|2
2931|0.4295515716075897|0.027271918952465057|0.5431764721870422|2|2
2932|0.5008042454719543|0.030905915424227715|0.4682898223400116|0|2
2933|0.5386103987693787|0.19300413131713867|0.26838546991348267|0|2
2934|0.4335812032222748|0.07847860455513|0.4879401624202728|2|2
2935|0.6126898527145386|0.06387631595134735|0.3234338164329529|0|2
2936|0.40743711590766907|0.041535068303346634|0.5510278344154358|2|2
2937|0.5611376762390137|0.04313429445028305|0.3957280218601227|0|2
2938|0.5089516043663025|0.022606942802667618|0.4684414267539978|0|2
2939|0.5946556925773621|0.09404876083135605|0.3112955391407013|0|0
2940|0.24693724513053894|0.03768065944314003|0.7153820991516113|2|2
2941|0.5889754891395569|0.07173189520835876|0.33929264545440674|0|2
2942|0.6079550385475159|0.047592658549547195|0.3444523215293884|0|2
2943|0.39456990361213684|0.05439305305480957|0.551037073135376|2|2
2944|0.6553500890731812|0.07249873131513596|0.27215123176574707|0|0
2945|0.5795217752456665|0.03813760727643967|0.382340669631958|0|2
2946|0.6486148834228516|0.05001286044716835|0.3013722598552704|0|2
2947|0.6358118057250977|0.13157548010349274|0.2326127290725708|0|2
2948|0.3497498631477356|0.031081803143024445|0.6191683411598206|2|2
2949|0.536436915397644|0.0144815593957901|0.44908151030540466|0|2
2950|0.41039934754371643|0.040033888071775436|0.5495668053627014|2|2
2951|0.4562702178955078|0.03769657388329506|0.506033182144165|2|2
2952|0.5412473082542419|0.041765596717596054|0.4169870913028717|0|2
2953|0.4548371136188507|0.028579095378518105|0.5165838003158569|2|0
2954|0.2750820219516754|0.024450579658150673|0.7004674077033997|2|2
2955|0.5072956085205078|0.03484918177127838|0.457855224609375|0|2
2956|0.46594396233558655|0.04683429375290871|0.48722171783447266|2|2
2957|0.38858214020729065|0.06555496156215668|0.5458628535270691|2|2
2958|0.4262970983982086|0.047943584620952606|0.5257593393325806|2|2
2959|0.04022229090332985|0.027868833392858505|0.931908905506134|2|2
2960|0.36081942915916443|0.030603483319282532|0.6085770726203918|2|2
2961|0.5210779905319214|0.04714105650782585|0.43178096413612366|0|0
2962|0.6867085099220276|0.16044625639915466|0.15284520387649536|0|0
2963|0.3974091410636902|0.04088889807462692|0.5617018938064575|2|2
2964|0.535845935344696|0.034717679023742676|0.42943641543388367|0|2
2965|0.6045593023300171|0.049230050295591354|0.34621065855026245|0|2
2966|0.6749904751777649|0.022634755820035934|0.30237478017807007|0|2
2967|0.6256141662597656|0.05867980048060417|0.3157060146331787|0|2
2968|0.5258007049560547|0.03245649114251137|0.44174280762672424|0|2
2969|0.5524923205375671|0.03533048555254936|0.4121771454811096|0|2
2970|0.5211736559867859|0.0628492459654808|0.4159770607948303|0|2
2971|0.6688086986541748|0.03496015816926956|0.29623115062713623|0|0
2972|0.4576159715652466|0.05569833144545555|0.48668569326400757|2|2
2973|0.5859689116477966|0.047378234565258026|0.36665281653404236|0|0
2974|0.40842413902282715|0.08964137732982635|0.5019344687461853|2|2
2975|0.41827523708343506|0.20102465152740479|0.38070011138916016|0|2
2976|0.4943390190601349|0.02866234816610813|0.47699859738349915|0|2
2977|0.6156390905380249|0.07463932037353516|0.30972161889076233|0|2
2978|0.6087148189544678|0.019793611019849777|0.37149155139923096|0|2
2979|0.482020765542984|0.08628636598587036|0.43169283866882324|0|0
2980|0.43050438165664673|0.03921285271644592|0.5302827954292297|2|2
2981|0.5253952145576477|0.023704003542661667|0.4509007930755615|0|2
2982|0.724083423614502|0.023870212957262993|0.2520464062690735|0|0
2983|0.3569692075252533|0.18800146877765656|0.45502933859825134|2|2
2984|0.597611665725708|0.03305377438664436|0.36933451890945435|0|2
2985|0.6330108046531677|0.05097093805670738|0.31601831316947937|0|2
2986|0.5256061553955078|0.0688135027885437|0.4055803418159485|0|2
2987|0.3477621376514435|0.10315188020467758|0.5490859746932983|2|2
2988|0.5092257261276245|0.08495963364839554|0.40581464767456055|0|0
2989|0.2918744385242462|0.027132749557495117|0.6809927821159363|2|2
2990|0.33512064814567566|0.0572645328938961|0.6076147556304932|2|2
2991|0.48856183886528015|0.05963405594229698|0.45180410146713257|0|2
2992|0.5097991228103638|0.07564597576856613|0.4145549535751343|0|2
2993|0.48602622747421265|0.22759273648262024|0.2863810360431671|0|0
2994|0.6116609573364258|0.14241406321525574|0.2459249496459961|0|0
2995|0.5831796526908875|0.050394948571920395|0.36642542481422424|0|0
2996|0.6019811630249023|0.0563705638051033|0.34164831042289734|0|2
2997|0.6352531909942627|0.024020005017518997|0.3407267928123474|0|2
2998|0.5536956191062927|0.09379731118679047|0.3525070548057556|0|2
2999|0.4224042594432831|0.07584787905216217|0.5017478466033936|2|2
3000|0.44162046909332275|0.04756435379385948|0.5108151435852051|2|2
3001|0.5444347262382507|0.026627711951732635|0.42893752455711365|0|2
3002|0.4674534499645233|0.05452467128634453|0.47802188992500305|2|2
3003|0.6693565845489502|0.03244512528181076|0.2981983423233032|0|0
3004|0.649484395980835|0.03418274596333504|0.3163328766822815|0|0
3005|0.5813939571380615|0.05089198797941208|0.3677140474319458|0|0
3006|0.5838923454284668|0.031694576144218445|0.38441306352615356|0|2
3007|0.5814763903617859|0.03298046067357063|0.3855431377887726|0|2
3008|0.1776985079050064|0.0473221130669117|0.7749793529510498|2|2
3009|0.536812424659729|0.02416558936238289|0.4390219748020172|0|2
3010|0.6002377271652222|0.02920588292181492|0.37055638432502747|0|2
3011|0.5349155068397522|0.0431058332324028|0.4219787120819092|0|0
3012|0.5689642429351807|0.0688977986574173|0.36213791370391846|0|2
3013|0.5347578525543213|0.05324200168251991|0.4120001494884491|0|2
3014|0.4598134160041809|0.11537937819957733|0.42480725049972534|0|0
3015|0.4820460379123688|0.07157977670431137|0.44637414813041687|0|2
3016|0.5269025564193726|0.03534962609410286|0.4377477467060089|0|2
3017|0.46019554138183594|0.03710050508379936|0.5027039647102356|2|2
3018|0.6014326214790344|0.0317719429731369|0.3667953908443451|0|2
3019|0.35430052876472473|0.08890675753355026|0.556792676448822|2|2
3020|0.3902939260005951|0.05819530412554741|0.5515108108520508|2|2
3021|0.21558687090873718|0.029305923730134964|0.7551072239875793|2|2
3022|0.41435185074806213|0.07657163590192795|0.5090765953063965|2|2
3023|0.4772818386554718|0.11761656403541565|0.40510159730911255|0|2
3024|0.5880553126335144|0.058212969452142715|0.35373178124427795|0|2
3025|0.37039175629615784|0.060750991106033325|0.5688572525978088|2|2
3026|0.40931981801986694|0.07535416632890701|0.5153260231018066|2|0
3027|0.34228748083114624|0.024925926700234413|0.6327865719795227|2|2
3028|0.5447732210159302|0.023176755756139755|0.4320499897003174|0|0
3029|0.46700170636177063|0.0451267771422863|0.4878714382648468|2|2
3030|0.6272956728935242|0.04679455608129501|0.3259097933769226|0|2
3031|0.5122674703598022|0.043382130563259125|0.4443504214286804|0|2
3032|0.34605470299720764|0.04829628765583038|0.6056489944458008|2|2
3033|0.4775773584842682|0.05350681394338608|0.4689158499240875|0|2
3034|0.44145387411117554|0.05247233808040619|0.5060737729072571|2|0
3035|0.20965783298015594|0.08062811940908432|0.7097140550613403|2|2
3036|0.5964993238449097|0.05860919505357742|0.3448914587497711|0|0
3037|0.40839147567749023|0.02388915978372097|0.5677193403244019|2|2
3038|0.6754881739616394|0.04552092030644417|0.2789909243583679|0|2
3039|0.5127347707748413|0.02952761761844158|0.45773765444755554|0|2
3040|0.44868341088294983|0.07190608978271484|0.4794105589389801|2|2
3041|0.6081799864768982|0.022361697629094124|0.3694583475589752|0|2
3042|0.5957697629928589|0.060621168464422226|0.3436090648174286|0|2
3043|0.5955054759979248|0.020709259435534477|0.38378527760505676|0|0
3044|0.4198310971260071|0.08653818070888519|0.49363070726394653|2|2
3045|0.38761162757873535|0.022797880694270134|0.5895904302597046|2|2
3046|0.7901678085327148|0.030758215114474297|0.1790740042924881|0|0
3047|0.46314507722854614|0.03550072759389877|0.5013541579246521|2|2
3048|0.2849690616130829|0.03583063185214996|0.679200291633606|2|2
3049|0.29064860939979553|0.0235015656799078|0.6858498454093933|2|2
3050|0.31377366185188293|0.13988837599754333|0.5463380217552185|2|2
3051|0.30557262897491455|0.12448077648878098|0.5699465274810791|2|2
3052|0.511949896812439|0.04048796370625496|0.44756218791007996|0|2
3053|0.48787856101989746|0.046081144362688065|0.4660402238368988|0|0
3054|0.4042198657989502|0.028463389724493027|0.5673166513442993|2|2
3055|0.5404971837997437|0.04951881617307663|0.40998390316963196|0|2
3056|0.579521119594574|0.06185091659426689|0.35862794518470764|0|2
3057|0.548392653465271|0.07862477004528046|0.37298259139060974|0|2
3058|0.5148193836212158|0.09498678147792816|0.39019379019737244|0|0
3059|0.5413777828216553|0.08954019099473953|0.3690820038318634|0|0
3060|0.5950427651405334|0.0838482454419136|0.32110902667045593|0|0
3061|0.6572901010513306|0.04242583364248276|0.3002840578556061|0|2
3062|0.49416959285736084|0.09085439890623093|0.41497603058815|0|0
3063|0.39401185512542725|0.029312144964933395|0.5766760110855103|2|2
3064|0.4450034201145172|0.06627647578716278|0.4887201488018036|2|2
3065|0.31238675117492676|0.02554488182067871|0.6620683670043945|2|2
3066|0.2424992322921753|0.0992436408996582|0.6582571864128113|2|2
3067|0.5345075726509094|0.08335614949464798|0.3821362555027008|0|0
3068|0.4471683204174042|0.08006478101015091|0.4727669656276703|2|2
3069|0.6144695281982422|0.058949097990989685|0.32658135890960693|0|0
3070|0.3984048068523407|0.05031675472855568|0.5512784123420715|2|2
3071|0.5774141550064087|0.03896027058362961|0.3836256265640259|0|0
3072|0.5952938795089722|0.024045689031481743|0.38066044449806213|0|2
3073|0.4649766683578491|0.03427749127149582|0.5007458329200745|2|2
3074|0.7537664175033569|0.024523235857486725|0.22171036899089813|0|2
3075|0.5577341914176941|0.022166477516293526|0.42009931802749634|0|2
3076|0.5272908210754395|0.025252124294638634|0.44745704531669617|0|2
3077|0.40414682030677795|0.051638588309288025|0.5442146062850952|2|2
3078|0.6515873670578003|0.054221272468566895|0.29419130086898804|0|0
3079|0.5755793452262878|0.05348053202033043|0.3709401786327362|0|2
3080|0.6118766665458679|0.031839463859796524|0.35628387331962585|0|2
3081|0.4155852496623993|0.033151332288980484|0.5512633919715881|2|0
3082|0.5428698062896729|0.03192081302404404|0.4252093434333801|0|2
3083|0.5868543982505798|0.018907422199845314|0.394238144159317|0|2
3084|0.5696603059768677|0.040480829775333405|0.38985884189605713|0|2
3085|0.6818074584007263|0.025694342330098152|0.29249823093414307|0|2
3086|0.28491443395614624|0.05838250368833542|0.6567030549049377|2|2
3087|0.47657686471939087|0.0582752525806427|0.46514788269996643|0|2
3088|0.4368726313114166|0.040897075086832047|0.5222302675247192|2|2
3089|0.4353908896446228|0.06399732083082199|0.5006118416786194|2|2
3090|0.48501577973365784|0.03613008186221123|0.4788541793823242|0|2
3091|0.5283383727073669|0.04088079184293747|0.4307807683944702|0|2
3092|0.5306116938591003|0.031440358608961105|0.43794792890548706|0|2
3093|0.5013251900672913|0.03629722073674202|0.4623776376247406|0|0
3094|0.6274813413619995|0.030032256618142128|0.3424864113330841|0|2
3095|0.39471569657325745|0.017543604597449303|0.5877406597137451|2|2
3096|0.48025259375572205|0.03732480853796005|0.4824225902557373|2|0
3097|0.598594069480896|0.0368608720600605|0.3645450174808502|0|0
3098|0.7032338976860046|0.02120143547654152|0.27556470036506653|0|0
3099|0.5360381603240967|0.024840954691171646|0.4391208291053772|0|2
3100|0.6125928163528442|0.09698841720819473|0.29041871428489685|0|2
3101|0.42096492648124695|0.10336977988481522|0.47566530108451843|2|2
3102|0.5478949546813965|0.041903652250766754|0.41020140051841736|0|2
3103|0.4243459105491638|0.09702097624540329|0.4786331057548523|2|2
3104|0.4580003321170807|0.031382966786623|0.5106167197227478|2|2
3105|0.6441949009895325|0.03387824818491936|0.32192689180374146|0|0
3106|0.41485729813575745|0.03147212043404579|0.5536705851554871|2|2
3107|0.5397478938102722|0.03552478924393654|0.42472735047340393|0|2
3108|0.5638254880905151|0.05184129998087883|0.38433319330215454|0|0
3109|0.4960953891277313|0.0573512427508831|0.44655343890190125|0|2
3110|0.4344443380832672|0.08276398479938507|0.4827916622161865|2|2
3111|0.48424920439720154|0.021336141973733902|0.49441462755203247|2|2
3112|0.594119668006897|0.04078200086951256|0.3650982975959778|0|2
3113|0.41688427329063416|0.04538751766085625|0.5377282500267029|2|2
3114|0.4488983154296875|0.07044029235839844|0.48066139221191406|2|2
3115|0.5267406105995178|0.04831482842564583|0.42494457960128784|0|0
3116|0.37703973054885864|0.04195127263665199|0.581009030342102|2|2
3117|0.42720451951026917|0.02191132865846157|0.5508841872215271|2|2
3118|0.5471927523612976|0.030278924852609634|0.42252829670906067|0|2
3119|0.554873526096344|0.14493680000305176|0.30018964409828186|0|0
3120|0.1011061891913414|0.018882697448134422|0.8800112009048462|2|2
3121|0.5242533683776855|0.05970905348658562|0.41603755950927734|0|2
3122|0.43439987301826477|0.048478417098522186|0.5171216726303101|2|2
3123|0.3235287070274353|0.04369109123945236|0.6327801942825317|2|0
3124|0.6616615653038025|0.040536921471357346|0.29780152440071106|0|0
3125|0.37851181626319885|0.08211533725261688|0.5393728613853455|2|2
3126|0.5249532461166382|0.0910147950053215|0.3840319514274597|0|2
3127|0.5463636517524719|0.024506950750947|0.42912939190864563|0|2
3128|0.46723952889442444|0.03645777329802513|0.49630266427993774|2|2
3129|0.42739441990852356|0.02314319647848606|0.5494623780250549|2|2
3130|0.7532628774642944|0.05179498717188835|0.19494211673736572|0|0
3131|0.6619471907615662|0.040203213691711426|0.2978496253490448|0|0
3132|0.4365551173686981|0.027168670669198036|0.5362762808799744|2|2
3133|0.4940054714679718|0.17876556515693665|0.32722896337509155|0|2
3134|0.6423639059066772|0.05158161744475365|0.3060545027256012|0|0
3135|0.5757517218589783|0.0341302864253521|0.39011791348457336|0|2
3136|0.6222338080406189|0.035123586654663086|0.342642605304718|0|2
3137|0.28373390436172485|0.05136595293879509|0.6649001240730286|2|2
3138|0.44202423095703125|0.041404832154512405|0.5165709853172302|2|2
3139|0.6897946000099182|0.019450819119811058|0.2907545268535614|0|0
3140|0.5337879657745361|0.05074942111968994|0.41546258330345154|0|2
3141|0.46579593420028687|0.053247492760419846|0.4809565544128418|2|2
3142|0.5306739807128906|0.08661800622940063|0.38270804286003113|0|0
3143|0.4731118083000183|0.06530972570180893|0.46157848834991455|0|0
3144|0.48637133836746216|0.19839231669902802|0.315236359834671|0|0
3145|0.539438784122467|0.12062188982963562|0.33993932604789734|0|2
3146|0.495795339345932|0.03848873823881149|0.4657159447669983|0|2
3147|0.4027846157550812|0.044337015599012375|0.5528783202171326|2|2
3148|0.5520074963569641|0.03452340513467789|0.4134691059589386|0|2
3149|0.4676317870616913|0.022215038537979126|0.5101531147956848|2|2
3150|0.22405439615249634|0.15790799260139465|0.6180375814437866|2|2
3151|0.6636760830879211|0.03258827328681946|0.3037356436252594|0|2
3152|0.3937293589115143|0.030588094145059586|0.575682520866394|2|2
3153|0.5667893886566162|0.0320378802716732|0.4011727571487427|0|0
3154|0.6665759682655334|0.05407501757144928|0.27934902906417847|0|2
3155|0.4434210956096649|0.0948382169008255|0.4617406129837036|2|2
3156|0.5019350051879883|0.036523181945085526|0.4615418016910553|0|2
3157|0.662585973739624|0.026835154742002487|0.31057894229888916|0|2
3158|0.6554485559463501|0.02534036710858345|0.31921106576919556|0|0
3159|0.40402162075042725|0.029565801844000816|0.5664125680923462|2|0
3160|0.3329657316207886|0.05412089452147484|0.6129133701324463|2|2
3161|0.43074673414230347|0.04497912898659706|0.5242741107940674|2|2
3162|0.6901134252548218|0.03287696838378906|0.27700960636138916|0|0
3163|0.42374780774116516|0.053426191210746765|0.5228259563446045|2|2
3164|0.41594386100769043|0.03776118531823158|0.5462949275970459|2|0
3165|0.5571926832199097|0.026060374453663826|0.41674691438674927|0|2
3166|0.49515417218208313|0.060990288853645325|0.44385552406311035|0|0
3167|0.7285277247428894|0.04204913601279259|0.22942312061786652|0|2
3168|0.6030223369598389|0.04342677444219589|0.35355085134506226|0|0
3169|0.5492191314697266|0.025421686470508575|0.4253591299057007|0|2
3170|0.36535269021987915|0.034793250262737274|0.5998541116714478|2|2
3171|0.596572756767273|0.03966992720961571|0.36375728249549866|0|0
3172|0.49607986211776733|0.047319650650024414|0.45660051703453064|0|2
3173|0.2681305408477783|0.030205221846699715|0.7016642093658447|2|2
3174|0.48537054657936096|0.042209725826978683|0.47241973876953125|0|2
3175|0.6295843124389648|0.025051238015294075|0.34536445140838623|0|2
3176|0.6151852011680603|0.08906911313533783|0.2957457900047302|0|0
3177|0.34150564670562744|0.35526514053344727|0.3032291829586029|1|2
3178|0.5978479385375977|0.08416235446929932|0.317989706993103|0|0
3179|0.44920778274536133|0.04247697815299034|0.5083152651786804|2|2
3180|0.23317468166351318|0.049440495669841766|0.7173848152160645|2|2
3181|0.3965572714805603|0.04206794872879982|0.5613747239112854|2|2
3182|0.5255511403083801|0.033231981098651886|0.4412168860435486|0|2
3183|0.3892039954662323|0.031678665429353714|0.5791173577308655|2|2
3184|0.674736738204956|0.034467995166778564|0.29079529643058777|0|2
3185|0.34346693754196167|0.04096274450421333|0.6155703067779541|2|2
3186|0.6409181952476501|0.04659910500049591|0.3124827444553375|0|2
3187|0.3224739730358124|0.010545126162469387|0.6669808626174927|2|2
3188|0.68575519323349|0.043145615607500076|0.27109917998313904|0|0
3189|0.8592510223388672|0.022937055677175522|0.1178119108080864|0|0
3190|0.7063084244728088|0.021381337195634842|0.2723102271556854|0|2
3191|0.1535225361585617|0.03377150744199753|0.8127059936523438|2|2
3192|0.7245833277702332|0.04168097674846649|0.23373569548130035|0|2
3193|0.6597715020179749|0.023555969819426537|0.3166724741458893|0|0
3194|0.603833794593811|0.03991265594959259|0.35625356435775757|0|2
3195|0.618579626083374|0.03443680703639984|0.34698355197906494|0|2
3196|0.6625939607620239|0.02716728113591671|0.310238778591156|0|2
3197|0.29620128870010376|0.03564310073852539|0.6681556105613708|2|2
3198|0.47423601150512695|0.027801495045423508|0.49796247482299805|2|2
3199|0.5286700129508972|0.04721430689096451|0.4241156578063965|0|2
3200|0.5176206231117249|0.05596970021724701|0.42640963196754456|0|2
3201|0.4547313451766968|0.04170284420251846|0.503565788269043|2|2
3202|0.323164165019989|0.060334596782922745|0.6165012717247009|2|2
3203|0.5449025630950928|0.03464750945568085|0.4204499423503876|0|2
3204|0.6915571689605713|0.028488337993621826|0.27995455265045166|0|2
3205|0.6260682940483093|0.06393559277057648|0.3099961280822754|0|2
3206|0.5141612887382507|0.0392121858894825|0.4466264247894287|0|2
3207|0.5088467001914978|0.061740756034851074|0.4294126331806183|0|2
3208|0.6592209339141846|0.028120212256908417|0.3126588463783264|0|2
3209|0.2183208465576172|0.08010651916265488|0.7015726566314697|2|2
3210|0.4902634620666504|0.08096042275428772|0.4287760853767395|0|0
3211|0.6494833827018738|0.042599424719810486|0.30791717767715454|0|2
3212|0.41036656498908997|0.052987437695264816|0.5366459488868713|2|2
3213|0.17015263438224792|0.07136911153793335|0.7584782242774963|2|2
3214|0.6854345202445984|0.033158715814352036|0.2814067304134369|0|2
3215|0.5239418148994446|0.06832458823919296|0.40773358941078186|0|2
3216|0.48829132318496704|0.029497895389795303|0.48221084475517273|0|2
3217|0.40097707509994507|0.04164425656199455|0.5573787093162537|2|0
3218|0.4137669503688812|0.03695301711559296|0.549280047416687|2|2
3219|0.45585063099861145|0.06806161254644394|0.47608768939971924|2|2
3220|0.43812796473503113|0.10715090483427048|0.4547211527824402|2|2
3221|0.3536998927593231|0.03260960429906845|0.6136904954910278|2|2
3222|0.4390527904033661|0.04118744656443596|0.5197597742080688|2|2
3223|0.5548682808876038|0.024767978116869926|0.42036375403404236|0|2
3224|0.6391050815582275|0.05069093406200409|0.3102039098739624|0|0
3225|0.7000696659088135|0.04554663226008415|0.25438371300697327|0|0
3226|0.47962766885757446|0.07046206295490265|0.4499102532863617|0|2
3227|0.5174888968467712|0.034658562391996384|0.4478525221347809|0|2
3228|0.5047468543052673|0.07093881815671921|0.4243142902851105|0|0
3229|0.45550036430358887|0.04666012525558472|0.4978395402431488|2|0
3230|0.36024561524391174|0.07000766694545746|0.569746732711792|2|2
3231|0.4865646958351135|0.026202768087387085|0.4872325360774994|2|2
3232|0.7567096948623657|0.028521660715341568|0.2147686928510666|0|2
3233|0.5727867484092712|0.06244688481092453|0.36476635932922363|0|2
3234|0.536974310874939|0.04811934754252434|0.41490638256073|0|2
3235|0.5374919772148132|0.15461184084415436|0.3078961968421936|0|2
3236|0.45799651741981506|0.11699855327606201|0.4250049293041229|0|2
3237|0.48432260751724243|0.02377418987452984|0.4919031858444214|2|2
3238|0.4991818070411682|0.029030265286564827|0.4717879295349121|0|0
3239|0.6448267698287964|0.043382078409194946|0.3117911219596863|0|2
3240|0.5265673398971558|0.019583072513341904|0.4538496136665344|0|0
3241|0.5338861346244812|0.04996233806014061|0.4161514937877655|0|2
3242|0.42847269773483276|0.11894835531711578|0.45257899165153503|2|2
3243|0.5015181303024292|0.06226257607340813|0.4362192153930664|0|2
3244|0.3692828416824341|0.031069377437233925|0.5996477603912354|2|2
3245|0.6541367769241333|0.048406850546598434|0.2974563539028168|0|2
3246|0.47741255164146423|0.04240730032324791|0.48018014430999756|2|0
3247|0.3580450117588043|0.02965416945517063|0.6123008131980896|2|2
3248|0.48797607421875|0.10621006041765213|0.40581390261650085|0|2
3249|0.6762754321098328|0.04585576057434082|0.2778688073158264|0|2
3250|0.4741235077381134|0.09319894760847092|0.4326775372028351|0|0
3251|0.7031291723251343|0.03117835707962513|0.26569247245788574|0|2
3252|0.642754852771759|0.0578516386449337|0.29939356446266174|0|0
3253|0.534023642539978|0.0414872020483017|0.4244891405105591|0|2
3254|0.5462923049926758|0.054791707545518875|0.39891600608825684|0|0
3255|0.5991812348365784|0.085860975086689|0.3149578273296356|0|0
3256|0.6614289879798889|0.0364454910159111|0.3021255135536194|0|0
3257|0.6177435517311096|0.025505943223834038|0.35675048828125|0|0
3258|0.4153187572956085|0.03513764590024948|0.5495434999465942|2|2
3259|0.519964873790741|0.034495845437049866|0.44553929567337036|0|0
3260|0.21639026701450348|0.06448177248239517|0.7191279530525208|2|2
3261|0.44605302810668945|0.04258133843541145|0.5113657116889954|2|2
3262|0.5875368118286133|0.06328190118074417|0.34918129444122314|0|2
3263|0.5101038813591003|0.1085970401763916|0.38129904866218567|0|0
3264|0.5048309564590454|0.03395220637321472|0.4612167477607727|0|2
3265|0.5165446400642395|0.03593575581908226|0.44751960039138794|0|2
3266|0.3511653542518616|0.23147957026958466|0.41735509037971497|2|2
3267|0.38926926255226135|0.14030249416828156|0.4704281985759735|2|2
3268|0.6676018834114075|0.04176698997616768|0.2906312048435211|0|2
3269|0.42077207565307617|0.041493844240903854|0.5377341508865356|2|2
3270|0.5794862508773804|0.019870981574058533|0.4006427228450775|0|2
3271|0.4286165237426758|0.14149723947048187|0.42988622188568115|2|2
3272|0.7756126523017883|0.03651237487792969|0.18787501752376556|0|0
3273|0.31338047981262207|0.03885138779878616|0.6477681398391724|2|2
3274|0.4890590012073517|0.020473580807447433|0.4904673993587494|2|2
3275|0.28944700956344604|0.039253804832696915|0.6712990999221802|2|2
3276|0.03755518049001694|0.022802729159593582|0.9396421313285828|2|2
3277|0.5125702619552612|0.0379214733839035|0.4495081305503845|0|2
3278|0.45662441849708557|0.060362834483385086|0.48301270604133606|2|2
3279|0.5034282207489014|0.03540252894163132|0.4611693024635315|0|2
3280|0.5740072727203369|0.03408161178231239|0.391911119222641|0|2
3281|0.5265071988105774|0.15770676732063293|0.31578609347343445|0|2
3282|0.624070942401886|0.047544173896312714|0.3283849060535431|0|2
3283|0.4930616319179535|0.07166293263435364|0.43527543544769287|0|2
3284|0.5973531007766724|0.07255985587835312|0.33008700609207153|0|2
3285|0.5759104490280151|0.0681418851017952|0.3559476435184479|0|0
3286|0.039510615170001984|0.020355472341179848|0.9401339292526245|2|2
3287|0.4755714237689972|0.16160669922828674|0.36282187700271606|0|2
3288|0.6955744028091431|0.06183628737926483|0.2425893247127533|0|0
3289|0.4610540568828583|0.1385875791311264|0.40035831928253174|0|2
3290|0.3953154981136322|0.07109853625297546|0.5335859656333923|2|2
3291|0.4770268201828003|0.046856630593538284|0.47611644864082336|0|2
3292|0.6334746479988098|0.06899713724851608|0.29752829670906067|0|2
3293|0.533183217048645|0.04205306991934776|0.4247637391090393|0|2
3294|0.4475643038749695|0.022567259147763252|0.5298684239387512|2|2
3295|0.033939462155103683|0.0405099019408226|0.925550639629364|2|2
3296|0.5817147493362427|0.0801125317811966|0.3381727337837219|0|2
3297|0.5633472204208374|0.059035103768110275|0.3776176869869232|0|2
3298|0.4055735170841217|0.20211932063102722|0.3923071324825287|0|2
3299|0.471834659576416|0.0831412598490715|0.4450240731239319|0|2
3300|0.607204258441925|0.08733849227428436|0.305457204580307|0|2
3301|0.7446115612983704|0.02832443080842495|0.22706404328346252|0|2
3302|0.3254753649234772|0.08678395301103592|0.5877407193183899|2|2
3303|0.38872143626213074|0.03310086950659752|0.5781777501106262|2|2
3304|0.5285809636116028|0.025709625333547592|0.4457094073295593|0|0
3305|0.5442377328872681|0.04505426064133644|0.410707950592041|0|2
3306|0.5880674123764038|0.0371568463742733|0.3747757077217102|0|2
3307|0.5531425476074219|0.06115659326314926|0.3857008218765259|0|2
3308|0.33714282512664795|0.030556192621588707|0.6323010325431824|2|2
3309|0.5559837818145752|0.04123181849718094|0.40278440713882446|0|2
3310|0.6423463225364685|0.09174147248268127|0.2659122049808502|0|2
3311|0.6238868236541748|0.05335160717368126|0.3227616250514984|0|2
3312|0.38168206810951233|0.16336524486541748|0.4549527168273926|2|2
3313|0.6735962629318237|0.04020078107714653|0.28620296716690063|0|0
3314|0.3526548147201538|0.025876756757497787|0.6214684247970581|2|2
3315|0.30126211047172546|0.04321620240807533|0.6555217504501343|2|2
3316|0.6968562006950378|0.029319826513528824|0.273824006319046|0|2
3317|0.542568564414978|0.043978068977594376|0.4134534001350403|0|0
3318|0.5389459729194641|0.09189508110284805|0.36915895342826843|0|2
3319|0.5210456848144531|0.03684419021010399|0.4421101212501526|0|2
3320|0.574669599533081|0.046073757112026215|0.3792566657066345|0|0
3321|0.32790741324424744|0.047052051872015|0.625040590763092|2|2
3322|0.46137624979019165|0.04812908172607422|0.49049463868141174|2|2
3323|0.4553506076335907|0.02296508103609085|0.5216843485832214|2|2
3324|0.4700736999511719|0.16876299679279327|0.36116334795951843|0|2
3325|0.5698684453964233|0.023311026394367218|0.40682047605514526|0|2
3326|0.5152162909507751|0.04287606477737427|0.4419076144695282|0|2
3327|0.7076576352119446|0.0263155996799469|0.2660267651081085|0|2
3328|0.5444824695587158|0.028687577694654465|0.4268299341201782|0|0
3329|0.4986303746700287|0.024299517273902893|0.47707003355026245|0|2
3330|0.2791402339935303|0.16441769897937775|0.5564420819282532|2|0
3331|0.4934791326522827|0.057192567735910416|0.4493282735347748|0|2
3332|0.3275951147079468|0.06521572172641754|0.6071891784667969|2|0
3333|0.5154483318328857|0.04093474522233009|0.4436168968677521|0|2
3334|0.5719489455223083|0.05666033551096916|0.3713907301425934|0|2
3335|0.39363420009613037|0.1144009530544281|0.4919648766517639|2|2
3336|0.37357521057128906|0.05116073787212372|0.5752639770507812|2|2
3337|0.6932439804077148|0.09777234494686127|0.2089836448431015|0|0
3338|0.5311326384544373|0.04441126808524132|0.42445605993270874|0|2
3339|0.278797447681427|0.0562661774456501|0.6649364233016968|2|2
3340|0.4284008741378784|0.10067649185657501|0.4709226191043854|2|2
3341|0.40958231687545776|0.02358916401863098|0.5668284893035889|2|2
3342|0.4335142970085144|0.06713884323835373|0.49934685230255127|2|2
3343|0.5011866688728333|0.03021145612001419|0.46860185265541077|0|2
3344|0.649100661277771|0.054341871291399|0.2965574860572815|0|2
3345|0.463484525680542|0.04750535637140274|0.4890100955963135|2|0
3346|0.3950028717517853|0.11910355091094971|0.48589351773262024|2|2
3347|0.3081309497356415|0.045908983796834946|0.6459600925445557|2|2
3348|0.4132549464702606|0.031501732766628265|0.5552433729171753|2|2
3349|0.6774491667747498|0.036296624690294266|0.2862541675567627|0|0
3350|0.7781479954719543|0.024434879422187805|0.19741706550121307|0|0
3351|0.5162447690963745|0.019659414887428284|0.4640958309173584|0|2
3352|0.6687180995941162|0.03815599903464317|0.2931258976459503|0|2
3353|0.46292364597320557|0.03157798945903778|0.5054984092712402|2|2
3354|0.5266729593276978|0.0758824422955513|0.39744457602500916|0|2
3355|0.5783501267433167|0.022683557122945786|0.39896631240844727|0|2
3356|0.47589629888534546|0.07737180590629578|0.44673189520835876|0|2
3357|0.534956157207489|0.03661151975393295|0.42843231558799744|0|2
3358|0.5170738697052002|0.11097314953804016|0.37195292115211487|0|2
3359|0.4368596374988556|0.029011940583586693|0.5341284275054932|2|2
3360|0.3875093162059784|0.03722042590379715|0.5752702951431274|2|2
3361|0.7552545666694641|0.025753280147910118|0.2189921736717224|0|0
3362|0.44692981243133545|0.04642156884074211|0.506648600101471|2|2
3363|0.5968183875083923|0.028273940086364746|0.3749076724052429|0|2
3364|0.4949866533279419|0.07349288463592529|0.4315204620361328|0|2
3365|0.5993071794509888|0.10740973055362701|0.29328304529190063|0|0
3366|0.6641209721565247|0.025496970862150192|0.31038203835487366|0|2
3367|0.6777149438858032|0.024534301832318306|0.29775071144104004|0|0
3368|0.639846682548523|0.04390411823987961|0.31624922156333923|0|2
3369|0.42230042815208435|0.031719695776700974|0.545979917049408|2|2
3370|0.6332002878189087|0.034673552960157394|0.3321262001991272|0|2
3371|0.6252011060714722|0.20390649139881134|0.1708924025297165|0|0
3372|0.44736066460609436|0.0600789338350296|0.49256038665771484|2|2
3373|0.44494739174842834|0.026533864438533783|0.5285187363624573|2|2
3374|0.6120973825454712|0.035957612097263336|0.35194501280784607|0|2
3375|0.5649459362030029|0.03965253382921219|0.3954014778137207|0|2
3376|0.5143375396728516|0.0384671650826931|0.44719523191452026|0|2
3377|0.4617481231689453|0.03224923089146614|0.5060026049613953|2|2
3378|0.5101783275604248|0.1144932359457016|0.3753284215927124|0|2
3379|0.5727762579917908|0.05113750323653221|0.3760862648487091|0|2
3380|0.33883440494537354|0.18994882702827454|0.47121676802635193|2|2
3381|0.38979777693748474|0.04812140390276909|0.5620808005332947|2|2
3382|0.44183701276779175|0.04216070845723152|0.5160022974014282|2|2
3383|0.49687695503234863|0.029058754444122314|0.47406429052352905|0|2
3384|0.4690658450126648|0.046713922172784805|0.4842202365398407|2|2
3385|0.5114287734031677|0.05743592977523804|0.4311353266239166|0|2
3386|0.5116650462150574|0.09267669171094894|0.39565831422805786|0|0
3387|0.6311272978782654|0.03825461491942406|0.33061808347702026|0|0
3388|0.47429347038269043|0.036878086626529694|0.48882848024368286|2|2
3389|0.6107608079910278|0.05719827488064766|0.3320409655570984|0|2
3390|0.3523390591144562|0.07072116434574127|0.5769398212432861|2|2
3391|0.5704291462898254|0.04223187267780304|0.3873389959335327|0|2
3392|0.3070402145385742|0.045735914260149|0.6472238898277283|2|2
3393|0.34128496050834656|0.12029140442609787|0.5384235978126526|2|2
3394|0.4562762677669525|0.05314751714468002|0.49057620763778687|2|2
3395|0.5107260346412659|0.05446275323629379|0.4348112642765045|0|2
3396|0.5716932415962219|0.08472484350204468|0.3435819149017334|0|0
3397|0.700581967830658|0.09088502079248428|0.20853294432163239|0|2
3398|0.6434994339942932|0.06776226311922073|0.28873831033706665|0|2
3399|0.6170676350593567|0.020579010248184204|0.3623533248901367|0|2
3400|0.5807626843452454|0.03785199671983719|0.38138535618782043|0|2
3401|0.7754539847373962|0.023483725264668465|0.20106230676174164|0|0
3402|0.38718369603157043|0.024647647514939308|0.5881686806678772|2|2
3403|0.5289045572280884|0.08134149760007858|0.38975390791893005|0|2
3404|0.5381231307983398|0.03626251965761185|0.42561429738998413|0|2
3405|0.5469003319740295|0.07082200050354004|0.38227763772010803|0|2
3406|0.3728446066379547|0.06169416755437851|0.5654612183570862|2|2
3407|0.07934439927339554|0.021058743819594383|0.8995969295501709|2|2
3408|0.4986254572868347|0.06755274534225464|0.4338218569755554|0|2
3409|0.4550689160823822|0.03501764312386513|0.509913444519043|2|0
3410|0.3980385959148407|0.05174894258379936|0.5502125024795532|2|2
3411|0.661750853061676|0.07601877301931381|0.26223036646842957|0|2
3412|0.4001172184944153|0.043077558279037476|0.5568052530288696|2|2
3413|0.635035514831543|0.02272740751504898|0.34223711490631104|0|0
3414|0.368087500333786|0.15049448609352112|0.48141801357269287|2|2
3415|0.6853160858154297|0.14140470325946808|0.17327918112277985|0|0
3416|0.4921789765357971|0.05484089255332947|0.4529801905155182|0|2
3417|0.5962702035903931|0.06257419288158417|0.3411555886268616|0|2
3418|0.3485819101333618|0.025820575654506683|0.6255974769592285|2|0
3419|0.5661942362785339|0.01834111101925373|0.4154646694660187|0|2
3420|0.4422909915447235|0.03198569640517235|0.5257233381271362|2|2
3421|0.45208317041397095|0.04545946791768074|0.5024573802947998|2|2
3422|0.24944716691970825|0.10821564495563507|0.6423372030258179|2|2
3423|0.5479149222373962|0.03151007369160652|0.4205751121044159|0|2
3424|0.3874605596065521|0.14445610344409943|0.46808332204818726|2|2
3425|0.42669227719306946|0.10554925352334976|0.46775850653648376|2|2
3426|0.4793858528137207|0.05746631696820259|0.46314775943756104|0|2
3427|0.4673902094364166|0.04273523762822151|0.4898745119571686|2|2
3428|0.5536220669746399|0.03021770715713501|0.4161601960659027|0|2
3429|0.572013795375824|0.09990166872739792|0.32808443903923035|0|0
3430|0.4580877125263214|0.021445807069540024|0.5204665064811707|2|2
3431|0.6117232441902161|0.024847498163580894|0.3634292781352997|0|2
3432|0.4929387867450714|0.03395802900195122|0.47310322523117065|0|2
3433|0.5611413717269897|0.012078558094799519|0.42678001523017883|0|0
3434|0.5044888854026794|0.04846152290701866|0.4470495581626892|0|2
3435|0.5009112358093262|0.15874892473220825|0.3403398096561432|0|2
3436|0.5885531902313232|0.07808136194944382|0.33336541056632996|0|2
3437|0.3914613127708435|0.08587734401226044|0.5226613283157349|2|0
3438|0.4247572124004364|0.1643057018518448|0.4109371602535248|0|2
3439|0.6122990846633911|0.04515153169631958|0.3425493836402893|0|2
3440|0.4282207787036896|0.14428694546222687|0.42749226093292236|0|2
3441|0.5960432887077332|0.024568481370806694|0.3793882131576538|0|2
3442|0.5769848823547363|0.05210192874073982|0.37091320753097534|0|2
3443|0.3935739994049072|0.17359420657157898|0.43283185362815857|2|2
3444|0.7054054737091064|0.07464076578617096|0.21995379030704498|0|2
3445|0.5883324146270752|0.020669806748628616|0.3909977972507477|0|2
3446|0.3752515912055969|0.05042002722620964|0.5743284225463867|2|2
