,Transcript_Num,pred_1,pred_2,pred_3
0,0,unconfident down,unconfident up,unconfident up
1,1,confident up,unconfident up,confident up
2,2,confident up,confident up,unconfident down
3,3,confident up,confident up,confident up
4,4,unconfident down,confident up,confident up
5,5,confident up,confident up,unconfident up
6,6,unconfident up,confident down,confident up
7,7,confident up,confident up,unconfident up
8,8,confident up,confident up,unconfident up
9,9,unconfident up,unconfident down,unconfident up
10,10,confident up,unconfident down,unconfident down
11,11,unconfident up,unconfident up,unconfident up
12,12,confident up,unconfident up,confident up
13,13,unconfident up,unconfident down,unconfident up
14,14,confident up,confident up,confident down
15,15,confident up,unconfident up,confident up
16,16,unconfident up,unconfident down,unconfident down
17,17,confident down,unconfident down,unconfident down
18,18,unconfident down,confident down,confident down
19,19,confident up,unconfident down,confident down
20,20,unconfident down,unconfident down,unconfident up
21,21,unconfident up,confident up,unconfident down
22,22,unconfident up,unconfident up,unconfident up
23,23,unconfident up,unconfident up,confident up
24,24,unconfident down,confident down,unconfident down
25,25,unconfident down,unconfident down,unconfident up
26,26,confident up,confident up,confident up
27,27,confident up,unconfident down,unconfident up
28,28,confident up,confident up,confident up
29,29,confident up,confident up,unconfident down
30,30,confident up,confident up,confident up
31,31,unconfident up,unconfident up,unconfident up
32,32,unconfident down,confident up,confident up
33,33,confident up,unconfident down,confident down
34,34,unconfident down,unconfident down,unconfident down
35,35,unconfident down,confident down,unconfident down
36,36,unconfident up,unconfident up,unconfident up
37,37,unconfident up,unconfident down,confident up
38,38,confident up,confident up,unconfident up
39,39,confident up,unconfident up,confident up
40,40,unconfident up,unconfident up,confident up
41,41,confident up,confident up,confident up
42,42,confident up,confident up,unconfident up
43,43,unconfident up,confident up,confident up
44,44,unconfident down,confident up,unconfident up
45,45,unconfident up,unconfident up,confident up
46,46,unconfident down,confident up,unconfident up
47,47,unconfident down,confident down,confident down
48,48,unconfident up,unconfident down,unconfident down
49,49,confident up,unconfident down,unconfident up
50,50,confident up,unconfident down,unconfident up
51,51,confident up,unconfident down,unconfident up
52,52,unconfident up,unconfident up,unconfident up
53,53,unconfident up,confident up,unconfident up
54,54,confident down,unconfident down,unconfident down
55,55,confident down,unconfident down,unconfident down
56,56,unconfident down,unconfident up,confident up
57,57,unconfident up,unconfident down,unconfident down
58,58,confident up,confident up,confident up
59,59,unconfident up,confident up,unconfident down
60,60,confident up,unconfident up,unconfident down
61,61,unconfident down,unconfident up,unconfident up
62,62,confident up,unconfident up,unconfident down
63,63,confident up,confident down,unconfident up
64,64,unconfident down,unconfident down,unconfident down
65,65,unconfident up,confident up,confident up
66,66,confident up,unconfident down,unconfident up
67,67,unconfident up,confident up,unconfident up
68,68,confident up,confident up,confident up
69,69,unconfident down,confident down,confident down
70,70,confident up,unconfident down,confident up
71,71,confident up,unconfident down,confident up
72,72,unconfident up,unconfident up,confident up
73,73,unconfident down,confident down,confident up
74,74,confident up,confident down,confident down
75,75,unconfident up,confident up,unconfident up
76,76,confident down,unconfident up,unconfident up
77,77,unconfident up,unconfident up,confident up
78,78,confident down,unconfident down,confident down
79,79,unconfident down,unconfident up,confident up
80,80,unconfident down,unconfident up,confident up
81,81,unconfident up,confident up,unconfident up
82,82,unconfident up,confident up,confident down
83,83,unconfident down,unconfident down,unconfident up
84,84,confident down,confident up,confident down
85,85,unconfident down,unconfident up,unconfident up
86,86,confident up,confident up,confident up
87,87,confident up,confident up,confident up
88,88,unconfident up,unconfident down,unconfident down
89,89,confident down,unconfident up,confident up
90,90,unconfident up,unconfident down,unconfident up
91,91,unconfident down,unconfident down,confident up
92,92,confident up,confident up,confident up
93,93,unconfident up,confident up,confident up
94,94,confident up,confident up,unconfident down
95,95,confident up,confident up,unconfident down
96,96,unconfident up,unconfident up,unconfident down
97,97,unconfident up,unconfident up,confident up
98,98,confident up,confident up,confident up
99,99,unconfident down,unconfident up,confident up
100,100,unconfident down,confident down,unconfident down
101,101,confident up,confident up,unconfident up
102,102,confident up,confident up,confident up
103,103,unconfident up,confident up,unconfident up
104,104,unconfident down,unconfident down,confident down
105,105,confident up,confident up,confident up
106,106,unconfident up,confident up,confident up
107,107,unconfident up,confident up,unconfident up
108,108,confident up,unconfident up,confident up
109,109,unconfident down,"unconfident up 

",unconfident down
110,110,confident down,unconfident down,confident up
111,111,unconfident up,unconfident up,confident up
112,112,unconfident down,confident down,confident down
113,113,confident up,unconfident down,unconfident up
114,114,unconfident up,unconfident up,unconfident up
115,115,unconfident down,unconfident up,unconfident down
116,116,confident down,unconfident down,confident up
117,117,confident up,unconfident down,confident down
118,118,unconfident up,unconfident down,confident up
119,119,unconfident up,unconfident up,confident up
120,120,unconfident down,unconfident down,confident up
121,121,confident up,confident up,confident up
122,122,confident up,confident up,confident up
123,123,unconfident down,unconfident down,unconfident down
124,124,unconfident down,confident up,unconfident up
125,125,unconfident up,unconfident down,unconfident up
126,126,confident up,unconfident down,unconfident down
127,127,unconfident down,unconfident down,unconfident down
128,128,unconfident up,unconfident down,unconfident down
129,129,confident up,confident up,confident up
130,130,confident up,confident up,unconfident up
131,131,unconfident down,confident up,confident up
132,132,confident down,unconfident down,confident down
133,133,unconfident up,unconfident up,confident up
134,134,unconfident down,unconfident down,confident down
135,135,confident down,unconfident up,unconfident down
136,136,unconfident up,unconfident down,unconfident up
137,137,unconfident up,confident up,unconfident up
138,138,unconfident up,unconfident down,unconfident up
139,139,unconfident down,confident up,confident up
140,140,unconfident up,unconfident down,unconfident up
141,141,confident up,confident up,unconfident down
142,142,confident up,confident up,confident up
143,143,confident up,unconfident up,confident up
144,144,unconfident up,confident down,confident down
145,145,confident up,unconfident up,confident up
146,146,confident up,unconfident up,unconfident down
147,147,confident down,unconfident up,unconfident up
148,148,confident down,unconfident up,unconfident up
149,149,confident down,confident down,confident down
150,150,confident up,confident up,unconfident up
151,151,unconfident up,confident up,confident up
152,152,confident up,confident up,unconfident up
153,153,unconfident down,unconfident up,unconfident down
154,154,unconfident up,unconfident up,unconfident up
155,155,unconfident up,unconfident up,confident up
156,156,confident down,confident down,unconfident up
157,157,unconfident up,confident up,confident up
158,158,unconfident down,unconfident up,unconfident down
159,159,unconfident down,confident up,confident up
160,160,unconfident up,confident up,confident down
161,161,unconfident down,confident up,unconfident down
162,162,unconfident down,confident up,unconfident down
163,163,confident up,unconfident down,unconfident down
164,164,unconfident up,unconfident up,unconfident down
165,165,unconfident down,confident up,confident up
166,166,confident up,confident up,confident up
167,167,confident up,unconfident down,unconfident down
168,168,unconfident up,confident up,unconfident down
169,169,unconfident down,unconfident down,unconfident down
170,170,confident down,confident up,unconfident down
171,171,confident down,unconfident up,confident down
172,172,unconfident down,unconfident down,unconfident up
173,173,unconfident up,confident up,confident up
174,174,unconfident down,confident down,unconfident down
175,175,unconfident down,unconfident down,confident down
176,176,confident up,unconfident down,confident down
177,177,confident up,confident up,confident up
178,178,confident up,confident up,confident up
179,179,confident up,unconfident down,confident down
180,180,confident down,unconfident down,confident up
181,181,confident up,unconfident up,unconfident up
182,182,unconfident down,unconfident down,unconfident down
183,183,confident up,confident up,confident up
184,184,unconfident up,unconfident down,unconfident down
185,185,confident down,unconfident down,unconfident down
186,186,confident up,confident up,unconfident down
187,187,unconfident up,confident up,confident up
188,188,confident up,confident up,confident up
189,189,confident up,confident up,confident up
190,190,confident up,confident up,confident up
191,191,confident up,confident up,unconfident up
192,192,confident down,confident down,confident down
193,193,confident up,unconfident down,unconfident up
194,194,unconfident up,confident down,unconfident down
195,195,confident up,unconfident up,confident up
196,196,unconfident down,confident up,confident up
197,197,confident down,confident down,unconfident down
198,198,unconfident down,confident up,unconfident down
199,199,confident up,confident up,confident up
200,200,confident up,unconfident down,unconfident up
201,201,unconfident up,unconfident up,confident up
202,202,confident up,unconfident up,unconfident up
203,203,unconfident up,unconfident down,unconfident down
204,204,unconfident up,unconfident up,confident up
205,205,confident up,unconfident up,confident up
206,206,unconfident down,unconfident down,confident down
207,207,confident up,confident up,unconfident down
208,208,unconfident down,unconfident down,unconfident up
209,209,confident up,unconfident up,confident up
210,210,confident up,unconfident down,unconfident up
211,211,confident up,confident up,confident up
212,212,unconfident up,unconfident down,unconfident up
213,213,unconfident down,confident down,unconfident down
214,214,unconfident down,confident up,confident up
215,215,confident up,confident up,confident up
216,216,unconfident up,unconfident down,unconfident down
217,217,unconfident up,unconfident down,confident up
218,218,confident up,confident up,unconfident down
219,219,confident up,unconfident up,confident up
220,220,unconfident down,unconfident down,unconfident up
221,221,confident up,unconfident down,unconfident up
222,222,unconfident down,unconfident down,confident up
223,223,unconfident up,unconfident down,unconfident down
224,224,unconfident down,confident up,unconfident up
225,225,confident up,confident up,confident up
226,226,unconfident up,confident down,unconfident up
227,227,confident down,confident down,confident down
228,228,unconfident up,confident up,unconfident up
229,229,confident up,unconfident up,confident up
230,230,unconfident down,unconfident down,unconfident down
231,231,confident up,confident up,unconfident down
232,232,"unconfident up 

",unconfident down,unconfident down
233,233,confident up,confident down,unconfident up
234,234,unconfident up,confident up,unconfident up
235,235,confident up,confident up,unconfident up
236,236,confident down,unconfident down,confident down
237,237,unconfident up,unconfident up,unconfident down
238,238,unconfident down,unconfident up,confident down
239,239,unconfident down,unconfident down,confident up
240,240,confident up,confident up,unconfident up
241,241,confident up,confident up,confident up
242,242,unconfident up,confident up,unconfident up
243,243,confident down,confident up,unconfident down
244,244,confident up,unconfident up,confident up
245,245,confident down,unconfident up,unconfident down
246,246,unconfident up,confident up,unconfident down
247,247,confident up,unconfident down,unconfident up
248,248,"unconfident up

",confident up,"unconfident up

"
249,249,unconfident down,unconfident up,unconfident up
250,250,confident up,unconfident up,unconfident up
251,251,unconfident down,confident up,unconfident down
252,252,confident up,confident up,unconfident down
253,253,unconfident down,confident down,unconfident up
254,254,unconfident up,unconfident up,unconfident down
255,255,confident down,confident up,confident down
256,256,confident down,unconfident down,unconfident down
257,257,confident down,confident up,unconfident down
258,258,confident up,unconfident down,confident up
259,259,unconfident up,confident up,unconfident up
260,260,unconfident up,unconfident up,unconfident up
261,261,confident up,unconfident up,confident up
262,262,unconfident up,unconfident up,unconfident down
263,263,confident up,unconfident up,unconfident up
264,264,unconfident up,unconfident down,unconfident up
265,265,unconfident down,unconfident down,unconfident down
266,266,unconfident up,confident up,unconfident up
267,267,unconfident down,unconfident up,unconfident up
268,268,confident up,confident up,confident up
269,269,confident up,confident up,confident up
270,270,confident up,unconfident down,confident up
271,271,confident up,unconfident up,confident up
272,272,unconfident up,unconfident down,unconfident down
273,273,unconfident up,unconfident down,confident up
274,274,confident down,confident down,confident down
275,275,unconfident down,confident down,confident up
276,276,confident up,unconfident up,confident up
277,277,confident up,unconfident up,confident up
278,278,confident up,unconfident up,unconfident down
279,279,confident up,unconfident up,unconfident up
280,280,unconfident down,unconfident down,unconfident up
281,281,confident down,unconfident down,unconfident up
282,282,unconfident down,unconfident down,unconfident down
283,283,confident up,unconfident down,unconfident up
284,284,confident up,confident up,confident up
285,285,confident down,unconfident down,confident down
286,286,unconfident up,confident up,confident up
287,287,unconfident down,confident up,unconfident up
288,288,confident down,unconfident down,unconfident up
289,289,unconfident down,unconfident down,confident down
290,290,unconfident up,unconfident up,confident up
291,291,confident up,unconfident up,unconfident down
292,292,confident up,confident up,confident up
293,293,confident up,confident up,confident up
294,294,unconfident up,unconfident up,unconfident down
295,295,unconfident up,confident up,unconfident up
296,296,unconfident down,unconfident down,unconfident up
297,297,confident down,unconfident down,unconfident down
298,298,confident down,unconfident down,unconfident down
299,299,unconfident up,unconfident down,unconfident down
300,300,unconfident down,unconfident down,confident down
301,301,confident up,confident up,confident up
302,302,unconfident down,unconfident down,confident up
303,303,unconfident down,unconfident down,unconfident down
304,304,unconfident down,confident up,unconfident down
305,305,unconfident down,confident down,unconfident down
306,306,unconfident down,confident up,unconfident down
307,307,confident up,unconfident up,confident up
308,308,unconfident up,unconfident up,unconfident down
309,309,unconfident up,unconfident up,unconfident down
310,310,unconfident up,unconfident down,unconfident down
311,311,unconfident down,unconfident up,unconfident up
312,312,unconfident down,unconfident up,unconfident up
313,313,unconfident up,confident up,unconfident down
314,314,confident up,confident down,confident down
315,315,confident up,unconfident down,unconfident down
316,316,confident down,confident down,unconfident down
317,317,confident up,unconfident down,confident up
318,318,confident down,unconfident up,unconfident up
319,319,confident up,confident up,confident up
320,320,unconfident up,confident up,confident up
321,321,confident up,unconfident up,confident up
322,322,unconfident down,unconfident up,unconfident up
323,323,unconfident up,confident up,confident up
324,324,confident up,confident up,unconfident up
325,325,confident up,confident up,confident up
326,326,confident down,unconfident down,unconfident down
327,327,unconfident down,unconfident down,unconfident down
328,328,unconfident down,confident up,unconfident down
329,329,unconfident up,unconfident down,unconfident down
330,330,confident up,unconfident up,confident up
331,331,unconfident up,confident up,unconfident up
332,332,unconfident up,unconfident up,confident up
333,333,confident down,confident up,unconfident up
334,334,unconfident down,confident up,confident up
335,335,confident up,confident up,confident up
336,336,confident up,unconfident up,unconfident up
337,337,confident up,unconfident up,unconfident up
338,338,unconfident up,unconfident down,confident up
339,339,unconfident down,unconfident down,unconfident down
340,340,unconfident up,unconfident up,confident up
341,341,unconfident down,unconfident down,confident down
342,342,unconfident down,unconfident up,unconfident up
343,343,unconfident down,unconfident down,unconfident up
344,344,unconfident down,confident down,confident down
345,345,confident up,unconfident up,unconfident up
346,346,unconfident up,confident up,confident up
347,347,confident up,confident up,confident up
348,348,confident up,confident up,confident up
349,349,confident up,confident up,unconfident up
350,350,unconfident up,unconfident up,unconfident up
351,351,confident up,unconfident up,confident up
352,352,unconfident up,confident up,unconfident down
353,353,confident up,unconfident up,confident up
354,354,unconfident down,unconfident down,confident up
355,355,confident up,unconfident up,unconfident down
356,356,unconfident down,confident down,unconfident down
357,357,confident down,unconfident down,confident down
358,358,confident up,confident down,unconfident up
359,359,unconfident up,unconfident down,unconfident up
360,360,confident up,confident down,confident up
361,361,unconfident down,unconfident up,confident up
362,362,confident up,unconfident up,unconfident up
363,363,unconfident up,confident down,unconfident up
364,364,confident up,confident up,unconfident down
365,365,unconfident up,unconfident down,unconfident up
366,366,unconfident down,confident up,unconfident up
367,367,unconfident down,confident down,unconfident down
368,368,confident up,confident up,confident up
369,369,unconfident up,unconfident down,unconfident down
370,370,confident up,confident up,confident up
371,371,unconfident up,unconfident up,unconfident down
372,372,unconfident up,unconfident down,unconfident down
373,373,unconfident up,confident up,unconfident down
374,374,unconfident up,confident up,unconfident up
375,375,confident up,confident up,confident up
376,376,confident up,confident up,confident up
377,377,unconfident down,unconfident up,confident up
378,378,unconfident up,unconfident down,unconfident down
379,379,unconfident up,unconfident down,confident up
380,380,confident down,unconfident down,unconfident up
381,381,unconfident up,confident up,unconfident up
382,382,confident up,confident up,unconfident up
383,383,confident up,confident up,confident up
384,384,unconfident up,confident up,confident up
385,385,unconfident up,unconfident down,confident down
386,386,unconfident down,unconfident up,unconfident down
387,387,unconfident up,confident down,confident up
388,388,unconfident up,confident up,confident up
389,389,unconfident down,unconfident down,unconfident down
390,390,confident up,unconfident up,confident up
391,391,unconfident down,confident up,unconfident down
392,392,unconfident down,confident up,unconfident up
393,393,confident up,unconfident up,confident up
394,394,unconfident down,unconfident up,unconfident up
395,395,confident up,confident up,confident up
396,396,unconfident up,unconfident up,unconfident up
397,397,unconfident down,unconfident up,unconfident down
398,398,confident down,unconfident up,confident down
399,399,unconfident up,confident up,unconfident up
400,400,confident down,unconfident up,confident down
401,401,unconfident up,unconfident up,unconfident up
402,402,confident up,unconfident up,unconfident down
403,403,unconfident down,unconfident up,confident up
404,404,unconfident up,unconfident up,unconfident down
405,405,unconfident down,unconfident down,unconfident up
406,406,confident up,unconfident up,confident up
407,407,confident up,confident up,unconfident up
408,408,confident up,confident up,confident up
409,409,confident up,confident up,unconfident down
410,410,confident up,confident up,confident up
411,411,confident up,unconfident down,confident up
412,412,unconfident down,unconfident up,confident up
413,413,unconfident down,unconfident down,confident up
414,414,confident up,unconfident down,unconfident down
415,415,unconfident up,unconfident up,unconfident down
416,416,confident down,confident down,unconfident down
417,417,confident up,unconfident down,unconfident down
418,418,confident down,unconfident up,unconfident up
419,419,unconfident up,unconfident down,unconfident up
420,420,unconfident up,unconfident up,confident down
421,421,unconfident up,unconfident down,unconfident down
422,422,unconfident down,confident up,unconfident down
423,423,confident up,confident up,confident up
424,424,confident up,unconfident up,confident up
425,425,unconfident down,unconfident down,confident up
426,426,unconfident up,unconfident down,unconfident down
427,427,confident down,confident down,unconfident up
428,428,unconfident up,confident up,unconfident up
429,429,unconfident up,unconfident up,confident up
430,430,confident down,unconfident up,unconfident up
431,431,unconfident up,confident up,unconfident up
432,432,confident up,confident up,confident up
433,433,unconfident up,confident down,unconfident down
434,434,unconfident up,confident down,unconfident down
435,435,unconfident down,unconfident down,unconfident down
436,436,confident down,unconfident down,unconfident up
437,437,confident up,confident up,confident up
438,438,unconfident down,unconfident up,unconfident up
439,439,confident down,confident up,confident down
440,440,unconfident up,unconfident up,confident up
441,441,confident up,unconfident up,unconfident up
442,442,confident up,confident up,unconfident up
443,443,confident up,unconfident down,unconfident up
444,444,unconfident up,unconfident up,unconfident up
445,445,confident up,confident up,confident up
446,446,confident up,unconfident up,unconfident down
447,447,unconfident down,unconfident down,unconfident down
448,448,confident up,confident up,unconfident down
449,449,confident up,unconfident up,confident up
450,450,confident up,unconfident up,confident up
451,451,confident up,confident up,confident up
452,452,confident up,unconfident up,unconfident up
453,453,confident up,unconfident down,unconfident up
454,454,unconfident up,confident up,unconfident up
455,455,confident up,unconfident down,unconfident up
456,456,confident up,confident up,unconfident up
457,457,confident up,unconfident up,confident up
458,458,unconfident down,unconfident up,unconfident up
459,459,unconfident up,unconfident down,unconfident up
460,460,confident up,confident up,unconfident up
461,461,confident up,unconfident up,confident down
462,462,unconfident up,unconfident up,unconfident up
463,463,unconfident up,unconfident up,unconfident up
464,464,confident up,unconfident down,confident up
465,465,unconfident up,unconfident up,confident up
466,466,unconfident down,unconfident down,unconfident down
467,467,unconfident up,confident up,confident up
468,468,unconfident down,unconfident up,confident up
469,469,unconfident down,unconfident up,unconfident up
470,470,confident up,confident up,unconfident up
471,471,unconfident down,unconfident up,confident up
472,472,unconfident down,unconfident down,unconfident down
473,473,confident down,unconfident down,unconfident down
474,474,confident up,unconfident up,unconfident up
475,475,confident down,confident up,confident up
476,476,confident down,unconfident down,unconfident up
477,477,confident up,confident up,unconfident down
478,478,confident up,confident up,confident up
479,479,unconfident down,confident down,unconfident up
480,480,confident up,confident up,confident up
481,481,unconfident up,confident up,confident up
482,482,unconfident down,confident up,confident up
483,483,unconfident down,unconfident down,confident up
484,484,confident up,confident up,confident up
485,485,confident up,unconfident up,unconfident up
486,486,unconfident down,unconfident up,confident up
487,487,confident down,unconfident up,unconfident down
488,488,unconfident down,confident up,unconfident up
489,489,unconfident down,unconfident down,unconfident down
490,490,unconfident down,unconfident down,confident up
491,491,unconfident up,confident up,confident up
492,492,confident up,unconfident up,unconfident up
493,493,confident up,confident up,unconfident down
494,494,confident up,confident up,unconfident up
495,495,unconfident down,unconfident up,unconfident up
496,496,confident down,unconfident down,confident up
497,497,unconfident down,unconfident up,unconfident down
498,498,confident up,unconfident up,unconfident up
499,499,confident up,confident up,confident up
500,500,confident up,unconfident up,confident up
501,501,confident up,confident up,unconfident down
502,502,unconfident down,confident down,unconfident down
503,503,unconfident down,unconfident down,unconfident down
504,504,unconfident down,unconfident down,confident down
505,505,confident down,unconfident down,confident down
506,506,unconfident up,unconfident up,confident up
507,507,unconfident up,confident up,confident up
508,508,confident up,unconfident up,unconfident up
509,509,confident up,confident up,unconfident up
510,510,unconfident up,confident up,confident up
511,511,confident down,unconfident up,unconfident up
512,512,confident up,unconfident down,confident up
513,513,unconfident up,unconfident up,confident up
514,514,confident up,unconfident up,unconfident up
515,515,confident down,unconfident down,unconfident down
516,516,unconfident down,unconfident up,confident up
517,517,confident up,confident up,confident up
518,518,confident up,confident up,unconfident down
519,519,unconfident down,confident up,unconfident down
520,520,unconfident down,unconfident down,unconfident down
521,521,unconfident down,unconfident down,confident down
522,522,confident up,unconfident up,confident up
523,523,confident up,confident up,unconfident up
524,524,unconfident down,unconfident up,confident down
525,525,unconfident up,unconfident up,unconfident down
526,526,unconfident up,confident up,unconfident up
527,527,confident up,confident up,confident up
528,528,confident up,unconfident down,unconfident up
529,529,unconfident down,confident down,unconfident down
530,530,confident up,unconfident up,confident up
531,531,confident up,confident up,confident up
532,532,confident up,unconfident up,unconfident down
533,533,unconfident down,unconfident down,unconfident down
534,534,confident up,confident up,confident up
535,535,confident up,unconfident up,unconfident down
536,536,confident up,confident up,confident up
537,537,confident up,confident up,confident up
538,538,unconfident up,unconfident up,confident up
539,539,unconfident up,unconfident up,unconfident down
540,540,unconfident down,confident up,unconfident up
541,541,unconfident down,unconfident down,unconfident down
542,542,confident up,unconfident up,unconfident up
543,543,unconfident down,confident down,confident down
544,544,unconfident down,confident up,confident up
545,545,confident up,unconfident up,confident up
546,546,unconfident up,confident up,confident up
547,547,confident up,confident up,unconfident up
548,548,unconfident down,unconfident down,confident down
549,549,unconfident down,confident up,unconfident down
550,550,unconfident up,confident up,unconfident down
551,551,confident up,unconfident up,unconfident down
552,552,confident up,unconfident up,confident up
553,553,unconfident up,unconfident up,unconfident down
554,554,confident up,confident down,confident up
555,555,unconfident down,unconfident up,unconfident up
556,556,confident up,confident up,unconfident up
557,557,unconfident up,unconfident up,unconfident down
558,558,confident up,unconfident up,unconfident down
559,559,confident up,unconfident up,unconfident down
560,560,unconfident down,unconfident up,unconfident up
561,561,unconfident down,confident down,unconfident down
562,562,confident up,confident up,unconfident down
563,563,confident down,unconfident down,confident down
564,564,confident up,unconfident down,confident up
565,565,unconfident up,unconfident down,unconfident down
566,566,confident down,unconfident down,unconfident down
567,567,confident down,confident down,confident down
568,568,unconfident up,unconfident down,unconfident up
569,569,unconfident up,unconfident up,confident up
570,570,unconfident up,unconfident down,unconfident down
571,571,unconfident down,confident up,confident up
572,572,unconfident down,unconfident down,confident down
573,573,unconfident down,unconfident up,unconfident up
574,574,confident up,unconfident up,confident up
575,575,confident up,confident up,confident up
576,576,unconfident down,unconfident up,unconfident up
577,577,confident up,confident up,confident up
578,578,unconfident down,unconfident down,"unconfident up 

"
579,579,unconfident up,unconfident up,unconfident up
580,580,confident up,confident up,confident up
581,581,unconfident up,unconfident up,confident up
582,582,unconfident up,unconfident up,unconfident down
583,583,confident up,confident up,confident up
584,584,confident up,unconfident up,unconfident up
585,585,confident down,unconfident up,confident down
586,586,unconfident down,unconfident down,unconfident down
587,587,confident down,unconfident down,confident down
588,588,confident up,unconfident up,confident up
589,589,unconfident up,confident up,unconfident up
590,590,unconfident down,unconfident up,confident down
591,591,unconfident down,unconfident down,confident down
592,592,confident up,unconfident down,unconfident up
593,593,confident up,unconfident down,unconfident up
594,594,unconfident down,unconfident up,unconfident up
595,595,confident up,confident up,confident up
596,596,unconfident up,confident down,confident up
597,597,unconfident down,unconfident up,unconfident down
598,598,confident up,unconfident up,unconfident up
599,599,confident up,unconfident up,confident up
600,600,confident up,confident up,unconfident up
601,601,confident up,confident up,unconfident up
602,602,unconfident up,confident up,unconfident up
603,603,unconfident up,unconfident down,confident up
604,604,unconfident down,unconfident down,unconfident up
605,605,unconfident up,confident up,unconfident down
606,606,unconfident down,unconfident down,confident down
607,607,confident up,unconfident down,unconfident down
608,608,confident up,confident up,confident up
609,609,unconfident down,unconfident up,unconfident down
610,610,unconfident up,unconfident up,unconfident up
611,611,unconfident up,unconfident up,confident up
612,612,unconfident down,unconfident up,unconfident down
613,613,confident up,confident up,unconfident up
614,614,confident up,confident up,confident up
615,615,unconfident up,confident up,unconfident down
616,616,unconfident up,unconfident up,unconfident up
617,617,confident down,unconfident down,confident down
618,618,unconfident up,confident down,confident up
619,619,unconfident up,unconfident up,confident up
620,620,confident up,unconfident up,confident up
621,621,unconfident up,unconfident up,confident down
622,622,confident up,unconfident up,confident up
623,623,confident up,confident up,unconfident up
624,624,confident up,confident up,confident up
625,625,unconfident down,unconfident down,unconfident down
626,626,unconfident up,unconfident down,unconfident down
627,627,confident up,confident up,confident up
628,628,confident up,confident down,confident up
629,629,confident down,"unconfident up 

",confident up
630,630,unconfident up,unconfident up,unconfident up
631,631,confident down,confident up,unconfident down
632,632,confident up,confident up,confident up
633,633,unconfident up,unconfident down,unconfident up
634,634,unconfident up,confident down,confident up
635,635,confident up,unconfident up,confident up
636,636,unconfident up,unconfident down,unconfident down
637,637,unconfident up,unconfident down,unconfident down
638,638,confident up,confident up,confident up
639,639,unconfident down,unconfident down,unconfident down
640,640,confident up,unconfident down,confident down
641,641,confident up,unconfident up,unconfident up
642,642,confident up,unconfident down,confident up
643,643,unconfident down,unconfident up,unconfident up
644,644,unconfident down,confident up,confident up
645,645,unconfident down,unconfident down,confident up
646,646,confident up,confident up,unconfident down
647,647,unconfident up,unconfident up,unconfident up
648,648,unconfident down,confident up,confident up
649,649,unconfident down,unconfident down,confident up
650,650,confident down,confident up,unconfident down
651,651,unconfident up,unconfident up,confident up
652,652,unconfident down,unconfident down,unconfident up
653,653,confident up,unconfident down,confident up
654,654,confident up,confident down,confident up
655,655,confident down,unconfident up,confident up
656,656,unconfident up,unconfident up,unconfident up
657,657,confident up,confident down,confident up
658,658,unconfident up,confident up,unconfident up
659,659,confident up,confident up,confident up
660,660,unconfident up,confident up,confident up
661,661,unconfident down,unconfident up,unconfident down
662,662,unconfident up,unconfident down,unconfident down
663,663,unconfident down,unconfident down,unconfident down
664,664,confident up,unconfident down,confident up
665,665,unconfident up,unconfident up,confident up
666,666,confident up,confident up,confident up
667,667,unconfident up,confident down,unconfident down
668,668,unconfident up,unconfident down,confident down
669,669,unconfident up,confident up,unconfident up
670,670,confident up,confident up,unconfident up
671,671,confident up,confident up,unconfident up
672,672,confident up,unconfident down,confident up
673,673,unconfident down,unconfident down,unconfident down
674,674,unconfident down,confident up,unconfident up
675,675,unconfident down,confident up,unconfident up
676,676,unconfident up,unconfident down,unconfident down
677,677,confident up,confident up,confident up
678,678,unconfident down,unconfident down,confident down
679,679,unconfident up,unconfident up,confident up
680,680,unconfident up,unconfident down,confident up
681,681,confident up,unconfident down,confident up
682,682,unconfident down,unconfident up,unconfident down
683,683,confident up,confident up,confident up
684,684,unconfident up,confident up,confident up
685,685,unconfident up,unconfident up,unconfident down
686,686,confident up,unconfident down,confident up
687,687,confident up,confident down,unconfident down
688,688,confident down,unconfident down,confident up
689,689,unconfident up,unconfident down,unconfident up
690,690,"unconfident up 

",unconfident up,unconfident down
691,691,confident up,confident up,unconfident up
692,692,unconfident up,unconfident up,unconfident up
693,693,confident up,confident up,unconfident up
694,694,unconfident up,unconfident up,unconfident up
695,695,confident down,unconfident down,unconfident down
696,696,confident up,confident down,unconfident down
697,697,unconfident down,confident up,unconfident up
698,698,unconfident down,unconfident up,confident down
699,699,unconfident down,confident up,confident up
700,700,unconfident up,unconfident up,unconfident up
701,701,unconfident down,confident down,unconfident up
702,702,confident up,unconfident down,unconfident up
703,703,unconfident up,unconfident up,unconfident up
704,704,confident up,unconfident up,confident up
705,705,unconfident up,confident up,unconfident down
706,706,confident down,unconfident up,unconfident down
707,707,confident up,unconfident up,confident up
708,708,confident up,confident up,confident up
709,709,unconfident up,unconfident up,unconfident up
710,710,unconfident up,confident up,confident up
711,711,confident up,unconfident down,unconfident down
712,712,confident up,confident up,confident up
713,713,unconfident up,unconfident down,unconfident up
714,714,confident up,confident up,unconfident down
715,715,confident up,confident up,unconfident up
716,716,unconfident down,confident up,confident up
717,717,unconfident down,unconfident up,confident up
718,718,confident down,unconfident down,confident up
719,719,confident down,unconfident up,unconfident up
720,720,confident up,confident up,unconfident down
721,721,confident up,confident up,confident up
722,722,confident down,confident down,confident down
723,723,confident up,confident up,unconfident down
724,724,confident up,unconfident up,unconfident up
725,725,unconfident down,confident up,unconfident down
726,726,confident up,confident up,unconfident down
727,727,confident up,unconfident up,confident up
728,728,unconfident up,confident up,confident up
729,729,unconfident up,unconfident up,unconfident up
730,730,unconfident down,unconfident down,unconfident down
731,731,confident up,unconfident down,unconfident down
732,732,unconfident up,unconfident down,unconfident up
733,733,confident up,confident up,confident up
734,734,unconfident up,confident up,confident up
735,735,confident up,confident up,confident up
736,736,confident down,unconfident down,unconfident down
737,737,confident up,confident up,confident up
738,738,confident up,unconfident up,confident up
739,739,unconfident down,confident down,unconfident down
740,740,confident up,confident up,unconfident up
741,741,unconfident down,unconfident down,unconfident up
742,742,unconfident up,confident up,unconfident up
743,743,unconfident down,unconfident up,unconfident down
744,744,unconfident up,confident up,unconfident up
745,745,confident up,unconfident up,confident up
746,746,unconfident up,unconfident down,unconfident down
747,747,confident down,unconfident down,unconfident up
748,748,unconfident down,confident up,unconfident down
749,749,confident down,unconfident up,unconfident down
750,750,unconfident down,unconfident up,unconfident up
751,751,confident down,unconfident down,confident up
752,752,unconfident up,unconfident up,unconfident down
753,753,confident up,confident up,confident up
754,754,unconfident down.,confident up,confident up
755,755,unconfident down,unconfident up,unconfident up
756,756,confident up,unconfident down,unconfident up
757,757,confident up,unconfident down,unconfident down
758,758,confident up,unconfident down,unconfident down
759,759,unconfident up,confident up,confident up
760,760,unconfident up,unconfident up,confident up
761,761,unconfident down,confident up,unconfident up
762,762,confident up,unconfident up,unconfident up
763,763,confident up,unconfident up,unconfident up
764,764,confident up,confident up,unconfident down
765,765,unconfident down,unconfident up,confident up
766,766,confident up,unconfident up,unconfident down
767,767,confident up,confident up,unconfident up
768,768,unconfident down,confident up,unconfident down
769,769,confident up,unconfident down,confident up
770,770,confident up,confident up,confident up
771,771,unconfident down,unconfident up,unconfident up
772,772,confident up,unconfident down,confident up
773,773,confident up,unconfident down,unconfident up
774,774,confident up,confident up,confident up
775,775,unconfident down,unconfident up,confident up
776,776,confident up,confident up,unconfident up
777,777,confident up,unconfident up,unconfident down
778,778,confident up,unconfident down,unconfident up
779,779,confident up,confident up,unconfident up
780,780,unconfident up,unconfident up,unconfident up
781,781,confident up,confident up,unconfident down
782,782,confident up,confident up,unconfident up
783,783,unconfident down,unconfident up,unconfident down
784,784,confident down,unconfident up,unconfident up
785,785,unconfident up,confident up,confident up
786,786,unconfident up,unconfident up,confident up
787,787,unconfident down,unconfident down,unconfident up
788,788,unconfident down,unconfident up,unconfident up
789,789,unconfident up,unconfident up,confident up
790,790,unconfident up,unconfident up,confident up
791,791,confident down,"unconfident up 

",confident down
792,792,unconfident up,confident up,confident up
793,793,confident up,confident up,unconfident up
794,794,unconfident down,confident up,confident up
795,795,unconfident up,confident up,confident up
796,796,unconfident up,confident up,confident up
797,797,confident down,unconfident up,confident down
798,798,unconfident up,unconfident down,confident up
799,799,confident up,confident down,confident up
800,800,unconfident down,unconfident down,confident down
801,801,unconfident up,unconfident down,unconfident down
802,802,unconfident up,confident up,confident up
803,803,confident up,confident up,unconfident up
804,804,confident up,confident up,confident down
805,805,unconfident down,unconfident down,unconfident down
806,806,confident up,unconfident up,confident up
807,807,unconfident up,unconfident up,unconfident up
808,808,confident down,confident down,confident down
809,809,confident up,confident up,confident up
810,810,confident up,unconfident up,unconfident up
811,811,unconfident down,confident up,unconfident up
812,812,unconfident up,unconfident up,unconfident down
813,813,unconfident down,unconfident down,unconfident down
814,814,confident up,confident up,confident up
815,815,unconfident up,unconfident down,unconfident down
816,816,unconfident down,confident down,confident up
817,817,unconfident up,unconfident down,unconfident down
818,818,unconfident up,confident up,unconfident down
819,819,unconfident down,unconfident down,unconfident down
820,820,unconfident up,unconfident up,unconfident up
821,821,unconfident down,unconfident down,confident up
822,822,confident down,unconfident down,unconfident up
823,823,unconfident down,confident down,unconfident down
824,824,confident up,confident up,unconfident down
825,825,confident up,unconfident down,unconfident down
826,826,confident up,confident up,unconfident down
827,827,unconfident up,unconfident up,unconfident up
828,828,unconfident down,unconfident up,unconfident up
829,829,confident up,confident up,confident up
830,830,unconfident down,confident up,unconfident up
831,831,confident up,unconfident up,confident up
832,832,unconfident down,confident down,confident down
833,833,unconfident up,confident down,unconfident down
834,834,confident up,confident down,confident up
835,835,unconfident up,unconfident down,unconfident down
836,836,unconfident up,unconfident up,unconfident up
837,837,unconfident up,confident up,unconfident up
838,838,confident down,unconfident up,confident up
839,839,confident up,unconfident up,unconfident down
840,840,unconfident down,confident up,unconfident down
841,841,unconfident up,confident up,unconfident down
842,842,unconfident up,confident up,unconfident up
843,843,confident down,unconfident up,confident up
844,844,confident up,confident up,confident up
845,845,unconfident up,unconfident up,confident down
846,846,unconfident up,confident up,unconfident up
847,847,unconfident up,confident up,unconfident up
848,848,unconfident down,confident down,unconfident up
849,849,confident up,unconfident down,unconfident up
850,850,unconfident up,confident up,unconfident up
851,851,confident down,unconfident down,unconfident down
852,852,confident up,unconfident down,unconfident down
853,853,unconfident up,confident up,confident up
854,854,unconfident up,confident up,unconfident up
855,855,confident up,unconfident up,unconfident up
856,856,unconfident down,confident up,unconfident up
857,857,unconfident up,unconfident up,unconfident up
858,858,confident up,confident up,confident up
859,859,unconfident up,confident up,unconfident up
860,860,unconfident up,confident up,confident up
861,861,unconfident up,unconfident up,unconfident up
862,862,unconfident up,unconfident up,confident up
863,863,unconfident down,confident down,unconfident down
864,864,unconfident down,unconfident down,unconfident down
865,865,confident up,unconfident down,unconfident down
866,866,confident up,confident up,unconfident up
867,867,confident up,unconfident up,confident up
868,868,confident up,unconfident down,unconfident up
869,869,unconfident up,unconfident up,confident up
870,870,confident up,unconfident up,unconfident up
871,871,unconfident down,unconfident down,unconfident down
872,872,unconfident up,confident up,unconfident up
873,873,confident up,confident up,confident up
874,874,unconfident up,confident up,confident up
875,875,unconfident up,confident up,unconfident up
876,876,unconfident up,unconfident up,unconfident up
877,877,confident up,confident up,unconfident up
878,878,unconfident down,confident down,unconfident down
879,879,unconfident down,confident up,confident up
880,880,unconfident up,unconfident down,unconfident up
881,881,confident up,confident up,unconfident down
882,882,unconfident up,unconfident down,unconfident down
883,883,unconfident up,unconfident up,unconfident up
884,884,unconfident up,confident up,unconfident up
885,885,confident up,confident up,confident up
886,886,unconfident up,unconfident up,confident up
887,887,unconfident up,confident up,unconfident up
888,888,confident down,unconfident down,unconfident up
889,889,confident down,confident up,unconfident up
890,890,unconfident down,unconfident up,unconfident up
891,891,unconfident down,unconfident down,confident down
892,892,confident up,confident up,unconfident down
893,893,unconfident up,unconfident down,confident up
894,894,confident up,unconfident up,unconfident up
895,895,unconfident down,unconfident down,confident up
896,896,confident down,unconfident up,unconfident down
897,897,unconfident down,unconfident down,confident down
898,898,unconfident up,confident up,confident up
899,899,confident up,confident up,confident up
900,900,confident up,confident up,unconfident up
901,901,unconfident up,unconfident up,unconfident down
902,902,unconfident up,confident down,confident down
903,903,unconfident up,unconfident up,confident up
904,904,unconfident down,confident up,confident up
905,905,unconfident up,confident down,unconfident down
906,906,unconfident up,unconfident up,unconfident up
907,907,unconfident up,confident up,confident up
908,908,unconfident up,unconfident down,unconfident up
909,909,confident down,unconfident up,unconfident up
910,910,confident down,confident down,unconfident down
911,911,unconfident up,confident up,unconfident up
912,912,confident up,confident up,confident up
913,913,unconfident up,unconfident up,confident up
914,914,confident up,unconfident down,confident up
915,915,confident up,unconfident up,confident up
916,916,unconfident up,confident up,unconfident up
917,917,unconfident up,confident up,confident up
918,918,confident up,confident up,confident up
919,919,unconfident down,confident up,unconfident up
920,920,confident up,confident up,confident up
921,921,unconfident up,confident up,unconfident up
922,922,unconfident up,unconfident down,confident down
923,923,unconfident down,unconfident down,unconfident down
924,924,unconfident up,unconfident up,unconfident up
925,925,unconfident down,unconfident up,unconfident up
926,926,confident down,unconfident down,confident up
927,927,unconfident up,unconfident down,confident up
928,928,unconfident up,unconfident up,unconfident up
929,929,confident up,confident up,confident up
930,930,unconfident up,unconfident up,unconfident up
931,931,confident up,confident up,confident up
932,932,confident down,unconfident up,unconfident down
933,933,confident up,confident up,confident up
934,934,unconfident up,unconfident up,unconfident up
935,935,unconfident up,unconfident up,unconfident up
936,936,confident up,unconfident up,unconfident up
937,937,unconfident up,unconfident up,confident up
938,938,confident up,confident up,unconfident up
939,939,confident up,unconfident up,confident up
940,940,unconfident up,confident down,unconfident down
941,941,unconfident down,unconfident down,unconfident up
942,942,unconfident up,unconfident up,confident up
943,943,confident up,unconfident up,confident up
944,944,confident up,unconfident up,unconfident up
945,945,unconfident up,unconfident up,confident up
946,946,unconfident down,unconfident down,unconfident down
947,947,unconfident up,unconfident up,confident up
948,948,confident up,unconfident up,unconfident up
949,949,unconfident up,confident up,confident up
950,950,confident up,confident up,confident up
951,951,unconfident up,confident up,unconfident up
952,952,unconfident down,unconfident up,unconfident up
953,953,confident up,confident up,confident up
954,954,confident down,confident up,unconfident down
955,955,unconfident down,confident up,confident up
956,956,unconfident up,unconfident up,confident up
957,957,unconfident down,unconfident down,unconfident up
958,958,confident down,unconfident down,confident down
959,959,confident up,confident up,confident up
960,960,confident up,unconfident down,confident up
961,961,confident up,confident up,unconfident up
962,962,confident down,unconfident down,unconfident down
963,963,unconfident down,unconfident up,confident down
964,964,unconfident down,unconfident up,unconfident up
965,965,unconfident up,confident up,unconfident up
966,966,unconfident down,unconfident up,confident up
967,967,unconfident down,unconfident down,confident down
968,968,confident up,confident down,unconfident down
969,969,confident up,unconfident up,unconfident up
970,970,confident up,confident up,confident up
971,971,unconfident up,confident up,confident down
972,972,unconfident down,confident up,confident down
973,973,unconfident down,confident up,unconfident up
974,974,unconfident down,unconfident up,unconfident down
975,975,unconfident up,confident up,unconfident down
976,976,unconfident down,unconfident down,unconfident down
977,977,unconfident down,unconfident up,unconfident up
978,978,unconfident down,confident up,unconfident up
979,979,confident down,confident up,unconfident down
980,980,unconfident up,unconfident up,confident up
981,981,unconfident down,unconfident down,unconfident down
982,982,unconfident up,confident down,unconfident up
983,983,confident up,unconfident up,confident up
984,984,confident up,unconfident up,confident up
985,985,unconfident up,confident up,confident up
986,986,confident up,confident up,confident up
987,987,confident up,unconfident down,confident up
988,988,unconfident up,unconfident down,unconfident down
989,989,unconfident down,confident up,unconfident up
990,990,unconfident down,unconfident up,unconfident down
991,991,unconfident up,unconfident down,unconfident down
992,992,unconfident down,unconfident down,confident down
993,993,unconfident down,unconfident up,unconfident down
994,994,unconfident up,confident up,unconfident up
995,995,unconfident down,unconfident up,unconfident down
996,996,confident up,confident up,unconfident up
997,997,unconfident up,confident up,confident up
998,998,unconfident up,confident down,unconfident up
999,999,unconfident up,unconfident up,confident up
1000,1000,unconfident up,unconfident up,unconfident up
1001,1001,confident up,confident up,unconfident up
1002,1002,unconfident up,unconfident up,unconfident up
1003,1003,confident up,confident up,unconfident up
1004,1004,unconfident up,confident down,confident down
1005,1005,unconfident up,confident up,unconfident up
1006,1006,unconfident up,unconfident down,confident down
1007,1007,confident up,confident up,unconfident up
1008,1008,unconfident down,unconfident down,unconfident up
1009,1009,unconfident down,unconfident up,unconfident up
1010,1010,confident down,confident down,unconfident up
1011,1011,unconfident up,confident up,confident up
1012,1012,unconfident up,confident up,unconfident up
1013,1013,unconfident down,unconfident down,unconfident down
1014,1014,unconfident down,unconfident down,confident down
1015,1015,unconfident up,unconfident down,confident up
1016,1016,unconfident up,confident up,unconfident up
1017,1017,confident up,unconfident up,confident up
1018,1018,confident up,unconfident down,unconfident up
1019,1019,unconfident up,unconfident up,unconfident up
1020,1020,unconfident down,confident down,unconfident down
1021,1021,unconfident up,unconfident up,unconfident up
1022,1022,confident up,confident up,confident up
1023,1023,unconfident up,confident up,unconfident up
1024,1024,confident up,unconfident up,confident up
1025,1025,unconfident up,unconfident up,unconfident down
1026,1026,unconfident up,confident up,confident up
1027,1027,unconfident down,unconfident up,confident up
1028,1028,confident up,unconfident down,unconfident up
1029,1029,unconfident down,confident up,unconfident up
1030,1030,unconfident down,unconfident up,unconfident up
1031,1031,unconfident up,unconfident up,unconfident down
1032,1032,confident down,confident up,unconfident down
1033,1033,confident down,unconfident down,unconfident down
1034,1034,unconfident up,unconfident up,confident up
1035,1035,confident up,unconfident down,unconfident up
1036,1036,confident up,confident up,confident up
1037,1037,unconfident up,confident up,unconfident up
1038,1038,unconfident down,unconfident down,unconfident down
1039,1039,unconfident up,confident up,confident up
1040,1040,confident up,confident up,unconfident up
1041,1041,unconfident up,unconfident up,unconfident down
1042,1042,unconfident down,confident up,unconfident down
1043,1043,unconfident down,unconfident up,unconfident down
1044,1044,confident down,unconfident down,unconfident down
1045,1045,unconfident up,unconfident up,confident up
1046,1046,unconfident up,confident up,confident up
1047,1047,unconfident down,confident up,confident up
1048,1048,confident up,confident up,confident up
1049,1049,unconfident down,confident up,unconfident up
1050,1050,confident up,unconfident down,confident up
1051,1051,confident up,confident up,unconfident down
1052,1052,unconfident down,confident up,unconfident down
1053,1053,unconfident up,unconfident down,unconfident up
1054,1054,unconfident down,confident up,unconfident up
1055,1055,unconfident up,confident up,confident up
1056,1056,unconfident up,confident up,confident up
1057,1057,unconfident down,unconfident down,unconfident up
1058,1058,confident up,unconfident down,unconfident up
1059,1059,confident down,unconfident up,unconfident down
1060,1060,confident up,confident up,confident up
1061,1061,unconfident up,unconfident down,unconfident up
1062,1062,confident up,unconfident up,unconfident up
1063,1063,confident down,confident down,confident down
1064,1064,unconfident down,confident up,unconfident up
1065,1065,confident up,confident up,confident up
1066,1066,unconfident up,unconfident down,unconfident up
1067,1067,confident up,unconfident up,unconfident down
1068,1068,unconfident up,confident down,unconfident up
1069,1069,confident up,confident up,confident up
1070,1070,confident up,unconfident up,confident up
1071,1071,unconfident up,confident up,unconfident up
1072,1072,confident up,unconfident up,confident up
1073,1073,unconfident up,confident up,confident up
1074,1074,unconfident down,unconfident down,unconfident up
1075,1075,unconfident down,unconfident down,confident down
1076,1076,confident up,unconfident up,unconfident down
1077,1077,unconfident down,confident up,unconfident up
1078,1078,unconfident up,unconfident down,unconfident up
1079,1079,confident up,confident up,confident up
1080,1080,confident up,confident up,confident up
1081,1081,confident up,unconfident up,unconfident down
1082,1082,unconfident down,unconfident up,unconfident down
1083,1083,confident up,confident up,confident up
1084,1084,unconfident up,unconfident down,unconfident down
1085,1085,unconfident up,unconfident up,confident up
1086,1086,unconfident down,unconfident down,unconfident down
1087,1087,unconfident up,unconfident down,unconfident up
1088,1088,unconfident up,unconfident up,unconfident down
1089,1089,confident up,unconfident up,unconfident up
1090,1090,unconfident down,confident up,unconfident down
1091,1091,unconfident up,confident up,unconfident up
1092,1092,unconfident down,unconfident down,confident down
1093,1093,confident up,unconfident up,confident up
1094,1094,unconfident down,unconfident down,unconfident up
1095,1095,confident up,unconfident down,confident up
1096,1096,confident up,unconfident up,confident up
1097,1097,confident up,unconfident down,unconfident up
1098,1098,confident down,confident down,unconfident up
1099,1099,unconfident up,unconfident up,unconfident down
1100,1100,unconfident down,unconfident up,confident up
1101,1101,confident up,unconfident up,confident up
1102,1102,confident up,confident up,unconfident down
1103,1103,unconfident up,confident down,confident up
1104,1104,confident down,confident up,unconfident down
1105,1105,unconfident up,confident up,unconfident down
1106,1106,confident up,unconfident up,unconfident up
1107,1107,unconfident down,unconfident down,unconfident down
1108,1108,confident down,unconfident up,confident up
1109,1109,confident up,confident up,confident up
1110,1110,unconfident down,confident down,unconfident up
1111,1111,unconfident up,unconfident down,confident down
1112,1112,confident down,unconfident up,confident down
1113,1113,confident up,confident up,confident up
1114,1114,confident up,confident up,confident up
1115,1115,unconfident down,unconfident up,confident up
1116,1116,unconfident down,confident up,unconfident up
1117,1117,unconfident down,confident down,unconfident down
1118,1118,unconfident down,confident up,confident up
1119,1119,unconfident up,confident up,confident up
1120,1120,unconfident up,confident up,confident up
1121,1121,unconfident up,unconfident up,confident down
1122,1122,unconfident up,confident up,unconfident up
1123,1123,confident up,unconfident up,confident down
1124,1124,unconfident up,confident down,unconfident up.
1125,1125,unconfident down,unconfident down,unconfident down
1126,1126,unconfident down,unconfident down,unconfident up
1127,1127,confident up,unconfident up,confident up
1128,1128,unconfident down,confident up,unconfident down
1129,1129,confident up,unconfident up,confident up
1130,1130,unconfident down,unconfident down,unconfident down
1131,1131,unconfident down,unconfident down,confident down
1132,1132,unconfident up,unconfident down,confident up
1133,1133,unconfident down,unconfident up,unconfident up
1134,1134,unconfident up,confident up,unconfident up
1135,1135,unconfident down,unconfident up,unconfident up
1136,1136,unconfident down,confident up,confident up
1137,1137,confident up,unconfident down,confident up
1138,1138,confident up,confident up,confident up
1139,1139,confident up,confident up,unconfident down
1140,1140,unconfident up,unconfident down,confident up
1141,1141,confident up,unconfident up,confident up
1142,1142,unconfident down,confident up,unconfident up
1143,1143,unconfident up,confident up,confident up
1144,1144,unconfident down,unconfident down,confident up
1145,1145,confident up,unconfident down,unconfident up
1146,1146,confident up,unconfident up,unconfident up
1147,1147,unconfident down,confident up,unconfident down
1148,1148,confident up,confident up,unconfident up
1149,1149,unconfident up,unconfident up,unconfident up
1150,1150,confident up,unconfident down,unconfident down
1151,1151,unconfident up,unconfident down,confident up
1152,1152,confident down,confident up,unconfident down
1153,1153,confident up,confident up,confident up
1154,1154,confident up,unconfident up,unconfident up
1155,1155,unconfident up,unconfident down,confident up
1156,1156,confident up,confident up,confident up
1157,1157,unconfident up,unconfident up,unconfident up
1158,1158,unconfident down,unconfident down,unconfident down
1159,1159,unconfident down,unconfident down,confident up
1160,1160,unconfident up,unconfident down,confident up
1161,1161,unconfident up,confident up,unconfident up
1162,1162,unconfident down,confident down,unconfident down
1163,1163,confident up,confident up,confident up
1164,1164,unconfident down,unconfident down,unconfident up
1165,1165,confident down,unconfident up,confident down
1166,1166,unconfident up,confident up,unconfident down
1167,1167,confident up,confident down,confident up
1168,1168,unconfident down,unconfident up,unconfident down
1169,1169,confident up,unconfident up,unconfident down
1170,1170,confident up,unconfident down,unconfident up
1171,1171,confident down,unconfident down,unconfident down
1172,1172,confident up,unconfident up,unconfident up
1173,1173,unconfident down,unconfident up,confident up
1174,1174,confident down,unconfident down,confident down
1175,1175,unconfident up,unconfident up,unconfident up
1176,1176,confident up,confident up,unconfident down
1177,1177,confident up,unconfident up,confident up
1178,1178,confident up,confident down,confident up
1179,1179,confident up,unconfident up,confident up
1180,1180,confident down,unconfident down,unconfident down
1181,1181,unconfident down,unconfident up,unconfident down
1182,1182,unconfident up,unconfident up,unconfident down
1183,1183,unconfident up,unconfident up,confident up
1184,1184,unconfident down,confident down,unconfident down
1185,1185,unconfident down,unconfident down,confident up
1186,1186,confident down,unconfident down,unconfident down
1187,1187,confident up,unconfident down,unconfident down
1188,1188,confident up,unconfident up,confident up
1189,1189,unconfident down,unconfident down,unconfident down
1190,1190,confident up,confident up,unconfident up
1191,1191,unconfident down,unconfident up,confident up
1192,1192,unconfident down,unconfident up,confident down
1193,1193,unconfident down,unconfident down,unconfident down
1194,1194,unconfident down,unconfident down,confident down
1195,1195,unconfident down,unconfident down,unconfident down
1196,1196,confident down,unconfident down,confident down
1197,1197,unconfident down,unconfident down,unconfident up
1198,1198,unconfident down,confident up,unconfident up
1199,1199,unconfident down,confident up,unconfident down
1200,1200,unconfident up,unconfident up,confident down
1201,1201,confident up,unconfident down,unconfident up
1202,1202,unconfident down,unconfident down,unconfident down
1203,1203,confident up,unconfident up,unconfident down
1204,1204,unconfident down,confident down,unconfident down
1205,1205,confident up,confident up,confident up
1206,1206,confident down,confident up,unconfident up
1207,1207,unconfident up,confident up,unconfident down
1208,1208,unconfident down,unconfident up,unconfident down
1209,1209,unconfident down,unconfident up,unconfident down
1210,1210,confident up,unconfident up,confident up
1211,1211,unconfident up,confident up,unconfident up
1212,1212,unconfident up,unconfident down,unconfident up
1213,1213,confident down,unconfident up,confident up
1214,1214,confident up,confident up,confident up
1215,1215,unconfident down,confident down,unconfident down
1216,1216,confident down,confident up,unconfident down
1217,1217,confident down,unconfident up,unconfident down
1218,1218,unconfident up,confident up,unconfident up
1219,1219,unconfident up,unconfident up,unconfident down
1220,1220,confident up,unconfident down,confident up
1221,1221,unconfident down,unconfident down,unconfident up
1222,1222,confident down,unconfident down,confident up
1223,1223,unconfident down,confident up,confident up
1224,1224,unconfident up,unconfident up,confident up
1225,1225,unconfident up,confident up,unconfident up
1226,1226,confident up,unconfident down,confident up
1227,1227,unconfident down,unconfident down,confident down
1228,1228,confident down,confident down,unconfident down
1229,1229,confident up,unconfident up,confident up
1230,1230,unconfident down,confident up,unconfident up
1231,1231,confident up,confident up,confident up
1232,1232,unconfident down,confident up,unconfident up
1233,1233,unconfident up,unconfident down,unconfident up
1234,1234,unconfident up,unconfident up,unconfident up
1235,1235,unconfident down,confident down,unconfident down
1236,1236,confident up,confident up,unconfident up
1237,1237,confident up,confident up,unconfident up
1238,1238,confident up,confident up,confident up
1239,1239,unconfident down,unconfident up,confident up
1240,1240,unconfident down,confident up,unconfident up
1241,1241,confident up,confident up,confident up
1242,1242,unconfident up,confident up,unconfident down
1243,1243,unconfident down,unconfident up,unconfident down
1244,1244,unconfident down,confident up,confident down
1245,1245,confident down,unconfident up,confident up
1246,1246,confident up,unconfident up,unconfident up
1247,1247,confident down,unconfident down,unconfident down
1248,1248,confident up,confident up,unconfident down
1249,1249,confident up,unconfident up,confident up
1250,1250,confident down,unconfident up,unconfident up
1251,1251,unconfident up,confident up,unconfident down
1252,1252,confident down,unconfident down,unconfident down
1253,1253,unconfident up,confident up,confident up
1254,1254,unconfident up,confident up,confident up
1255,1255,unconfident up,unconfident down,unconfident down
1256,1256,unconfident up,unconfident down,unconfident down
1257,1257,unconfident down,unconfident down,unconfident down
1258,1258,unconfident up,confident up,unconfident up
1259,1259,unconfident up,confident up,unconfident up
1260,1260,unconfident up,confident up,unconfident down
1261,1261,unconfident down,confident up,unconfident up
1262,1262,confident down,confident down,confident up
1263,1263,unconfident down,unconfident down,confident up
1264,1264,unconfident up,unconfident down,confident up
1265,1265,unconfident up,unconfident down,confident up
1266,1266,confident up,confident up,confident up
1267,1267,unconfident up,confident up,confident up
1268,1268,confident down,unconfident up,unconfident down
1269,1269,unconfident up,confident up,confident up
1270,1270,confident up,confident up,confident up
1271,1271,confident down,unconfident up,unconfident up
1272,1272,unconfident up,confident up,confident down
1273,1273,confident up,confident up,unconfident up
1274,1274,unconfident up,unconfident down,unconfident down
1275,1275,unconfident down,unconfident down,confident down
1276,1276,unconfident down,unconfident up,unconfident down
1277,1277,confident up,confident up,confident up
1278,1278,unconfident up,confident down,unconfident down
1279,1279,unconfident up,unconfident up,unconfident down
1280,1280,confident up,unconfident up,unconfident down
1281,1281,confident up,unconfident up,unconfident up
1282,1282,confident up,unconfident up,unconfident up
1283,1283,unconfident down,confident down,confident up
1284,1284,unconfident up,unconfident down,confident up
1285,1285,confident up,unconfident up,confident up
1286,1286,confident up,confident up,confident up
1287,1287,confident up,unconfident down,unconfident down
1288,1288,unconfident up,unconfident up,confident up
1289,1289,unconfident up,unconfident down,unconfident down
1290,1290,unconfident down,unconfident up,confident up
1291,1291,confident up,unconfident up,unconfident up
1292,1292,confident down,confident up,unconfident down
1293,1293,confident up,confident up,confident up
1294,1294,unconfident down,unconfident up,unconfident up
1295,1295,confident up,confident up,confident up
1296,1296,confident up,confident up,unconfident up
1297,1297,confident up,confident up,unconfident up
1298,1298,confident up,confident up,confident up
1299,1299,confident down,unconfident down,unconfident up
1300,1300,unconfident down,unconfident up,confident up
1301,1301,confident down,confident down,confident down
1302,1302,confident up,confident up,confident up
1303,1303,unconfident down,confident down,confident up
1304,1304,unconfident up,confident up,confident up
1305,1305,unconfident up,confident up,confident up
1306,1306,confident up,confident up,confident up
1307,1307,unconfident down,unconfident down,unconfident down
1308,1308,confident up,confident up,unconfident down
1309,1309,unconfident up,confident up,unconfident up
1310,1310,confident up,unconfident up,unconfident up
1311,1311,unconfident down,unconfident down,unconfident up
1312,1312,unconfident down,confident down,unconfident down
1313,1313,confident up,confident up,confident up
1314,1314,unconfident up,unconfident down,unconfident down
1315,1315,confident up,unconfident up,confident up
1316,1316,confident up,unconfident up,unconfident up
1317,1317,unconfident up,unconfident up,unconfident down
1318,1318,confident up,confident up,confident up
1319,1319,unconfident down,confident down,unconfident up
1320,1320,confident down,unconfident up,unconfident down
1321,1321,unconfident down,unconfident down,confident up
1322,1322,confident up,unconfident up,confident up
1323,1323,unconfident down,unconfident down,confident up
1324,1324,confident up,confident up,unconfident up
1325,1325,unconfident down,confident down,unconfident down
1326,1326,confident down,confident down,unconfident up
1327,1327,confident up,confident up,confident up
1328,1328,confident down,confident down,confident down
1329,1329,unconfident down,confident up,unconfident down
1330,1330,unconfident up,unconfident up,unconfident up
1331,1331,unconfident down,unconfident down,confident down
1332,1332,unconfident down,confident down,unconfident down
1333,1333,confident up,confident up,unconfident up
1334,1334,unconfident down,confident down,unconfident down
1335,1335,confident down,unconfident down,confident up
1336,1336,confident up,unconfident up,unconfident up
1337,1337,unconfident down,unconfident up,confident down
1338,1338,unconfident up,confident up,confident up
1339,1339,confident up,unconfident up,unconfident down
1340,1340,confident up,confident up,unconfident down
1341,1341,unconfident down,unconfident down,unconfident down
1342,1342,confident up,confident up,unconfident down
1343,1343,unconfident up,confident up,confident up
1344,1344,confident up,confident up,confident up
1345,1345,unconfident up,unconfident up,unconfident down
1346,1346,unconfident up,unconfident up,unconfident down
1347,1347,confident up,unconfident up,confident up
1348,1348,confident up,unconfident down,confident up
1349,1349,confident down,unconfident up,confident up
1350,1350,unconfident up,unconfident down,unconfident up
1351,1351,unconfident up,unconfident up,unconfident up
1352,1352,unconfident down,unconfident up,confident up
1353,1353,unconfident up,confident up,unconfident up
1354,1354,unconfident down,confident up,unconfident up
1355,1355,unconfident down,confident up,confident up
1356,1356,confident up,confident up,unconfident down
1357,1357,confident up,confident up,unconfident up
1358,1358,confident up,unconfident up,unconfident up
1359,1359,unconfident down,unconfident down,unconfident down
1360,1360,confident down,unconfident up,confident up
1361,1361,unconfident down,unconfident up,unconfident down
1362,1362,confident down,unconfident down,unconfident up
1363,1363,unconfident up,unconfident up,unconfident up
1364,1364,unconfident down,confident up,confident up
1365,1365,unconfident down,unconfident up,unconfident down
1366,1366,unconfident up,confident up,unconfident up
1367,1367,unconfident down,unconfident down,unconfident up
1368,1368,unconfident up,confident down,unconfident up
1369,1369,unconfident up,confident up,unconfident up
1370,1370,unconfident up,unconfident up,confident up
1371,1371,unconfident down,unconfident down,confident down
1372,1372,unconfident up,unconfident down,unconfident up
1373,1373,unconfident up,unconfident up,confident up
1374,1374,unconfident up,unconfident up,unconfident up
1375,1375,unconfident up,confident up,unconfident up
1376,1376,unconfident up,confident up,unconfident up
1377,1377,unconfident up,unconfident down,unconfident up
1378,1378,unconfident up,unconfident up,unconfident up
1379,1379,unconfident up,unconfident up,unconfident up
1380,1380,unconfident down,confident down,confident down
1381,1381,confident up,unconfident up,unconfident up
1382,1382,unconfident up,confident up,confident up
1383,1383,confident up,confident down,confident up
1384,1384,unconfident up,confident up,confident down
1385,1385,unconfident up,unconfident up,confident up
1386,1386,confident down,unconfident down,unconfident up
1387,1387,confident up,unconfident up,confident up
1388,1388,unconfident down,unconfident up,confident up
1389,1389,confident up,unconfident down,unconfident up
1390,1390,unconfident up,confident up,unconfident up
1391,1391,unconfident up,confident up,confident up
1392,1392,confident down,unconfident down,confident up
1393,1393,unconfident up,unconfident down,unconfident down
1394,1394,unconfident up,unconfident down,unconfident down
1395,1395,unconfident down,confident up,unconfident up
1396,1396,unconfident up,unconfident up,confident up
1397,1397,unconfident down,confident up,unconfident up
1398,1398,confident up,unconfident up,unconfident down
1399,1399,confident up,unconfident up,confident up
1400,1400,confident up,confident up,confident up
1401,1401,confident down,unconfident up,unconfident up
1402,1402,unconfident up,unconfident down,confident down
1403,1403,confident up,confident down,unconfident down
1404,1404,confident up,confident up,unconfident down
1405,1405,confident up,unconfident down,confident up
1406,1406,unconfident up,confident up,unconfident up
1407,1407,confident up,unconfident down,confident up
1408,1408,confident up,unconfident up,confident up
1409,1409,confident up,confident up,confident up
1410,1410,unconfident up,confident up,confident up
1411,1411,confident down,confident down,confident down
1412,1412,confident up,unconfident up,confident up
1413,1413,unconfident down,confident up,confident down
1414,1414,unconfident down,unconfident up,unconfident up
1415,1415,confident up,unconfident up,unconfident up
1416,1416,unconfident up,unconfident down,unconfident up
1417,1417,confident down,unconfident down,confident down
1418,1418,confident up,unconfident up,confident up
1419,1419,confident up,unconfident down,confident up
1420,1420,unconfident down,confident up,confident up
1421,1421,unconfident up,unconfident up,unconfident down
1422,1422,unconfident down,confident down,unconfident down
1423,1423,confident down,confident down,unconfident up
1424,1424,unconfident down,confident down,confident down
1425,1425,confident up,confident up,unconfident up
1426,1426,unconfident down,confident up,unconfident down
1427,1427,unconfident down,unconfident down,unconfident down
1428,1428,unconfident up,unconfident down,confident down
1429,1429,unconfident down,confident up,confident up
1430,1430,confident up,confident up,confident up
1431,1431,unconfident down,unconfident up,confident up
1432,1432,unconfident up,unconfident up,confident down
1433,1433,unconfident up,confident up,unconfident down
1434,1434,unconfident up,confident up,unconfident up
1435,1435,unconfident up,unconfident down,confident down
1436,1436,confident up,unconfident up,confident up
1437,1437,confident up,unconfident up,unconfident up
1438,1438,unconfident up,unconfident up,confident up
1439,1439,unconfident up,confident up,unconfident down
1440,1440,confident down,confident down,confident up
1441,1441,confident up,confident up,unconfident up
1442,1442,unconfident up,confident up,unconfident up
1443,1443,confident down,unconfident down,unconfident down
1444,1444,confident up,unconfident up,unconfident up
1445,1445,confident up,confident up,unconfident up
1446,1446,confident up,unconfident down,confident down
1447,1447,confident up,unconfident up,unconfident up
1448,1448,unconfident down,unconfident down,unconfident down
1449,1449,unconfident up,confident up,confident up
1450,1450,confident down,confident down,confident up
1451,1451,unconfident down,confident up,confident up
1452,1452,confident up,confident down,unconfident down
1453,1453,confident up,confident up,unconfident up
1454,1454,unconfident up,confident up,unconfident up
1455,1455,unconfident up,confident up,unconfident down
1456,1456,confident up,confident up,confident up
1457,1457,confident up,unconfident down,unconfident down
1458,1458,unconfident down,unconfident up,unconfident down
1459,1459,unconfident down,unconfident down,unconfident down
1460,1460,unconfident down,unconfident down,unconfident down
1461,1461,unconfident down,unconfident down,unconfident down
1462,1462,unconfident down,unconfident down,unconfident down
1463,1463,unconfident down,unconfident down,confident down
1464,1464,unconfident up,unconfident down,confident down
1465,1465,confident down,unconfident down,unconfident up
1466,1466,unconfident down,unconfident down,confident down
1467,1467,confident up,confident down,unconfident down
1468,1468,unconfident up,unconfident up,unconfident up
1469,1469,unconfident up,confident down,confident down
1470,1470,confident up,unconfident up,unconfident up
1471,1471,confident up,unconfident up,confident up
1472,1472,confident down,unconfident down,unconfident down
1473,1473,confident up,unconfident up,unconfident down
1474,1474,unconfident down,confident down,confident up
1475,1475,confident up,confident up,confident up
1476,1476,confident up,unconfident down,unconfident down
1477,1477,unconfident up,unconfident up,unconfident up
1478,1478,unconfident up,unconfident up,unconfident up
1479,1479,unconfident up,confident up,unconfident up
1480,1480,confident up,confident up,unconfident up
1481,1481,confident down,confident up,unconfident up
1482,1482,unconfident down,unconfident up,unconfident up
1483,1483,confident up,unconfident up,confident up
1484,1484,confident up,confident up,confident up
1485,1485,confident up,unconfident down,unconfident down
1486,1486,confident up,confident down,unconfident up
1487,1487,confident up,unconfident up,confident up
1488,1488,confident down,unconfident down,unconfident down
1489,1489,unconfident up,unconfident up,confident up
1490,1490,unconfident up,unconfident down,unconfident down
1491,1491,unconfident down,unconfident up,confident down
1492,1492,unconfident down,unconfident up,unconfident down
1493,1493,unconfident down,unconfident down,confident down
1494,1494,confident down,unconfident down,confident up
1495,1495,unconfident down,unconfident down,confident up
1496,1496,unconfident down,unconfident down,confident up
1497,1497,unconfident down,confident down,unconfident down
1498,1498,unconfident down,confident up,confident up
1499,1499,unconfident down,unconfident down,unconfident down
1500,1500,confident up,confident up,unconfident up
1501,1501,unconfident up,unconfident up,unconfident down
1502,1502,confident up,unconfident down,unconfident up
1503,1503,unconfident up,confident up,confident up
1504,1504,confident up,unconfident up,unconfident up
1505,1505,unconfident down,unconfident up,confident down
1506,1506,unconfident up,unconfident down,unconfident up
1507,1507,unconfident down,confident up,unconfident up
1508,1508,unconfident down,unconfident down,unconfident down
1509,1509,confident up,confident up,unconfident up
1510,1510,unconfident up,confident up,confident up
1511,1511,confident down,unconfident down,confident down
1512,1512,confident up,unconfident up,confident up
1513,1513,unconfident up,unconfident up,confident up
1514,1514,confident down,unconfident down,confident up
1515,1515,unconfident up,confident up,confident up
1516,1516,confident up,unconfident up,confident down
1517,1517,unconfident up,confident up,unconfident up
1518,1518,unconfident up,unconfident up,confident up
1519,1519,confident up,confident up,unconfident up
1520,1520,unconfident up,unconfident up,confident up
1521,1521,confident up,confident down,unconfident down
1522,1522,unconfident down,unconfident down,unconfident down
1523,1523,unconfident up,confident down,unconfident down
1524,1524,confident up,confident up,unconfident down
1525,1525,confident up,confident up,unconfident down
1526,1526,unconfident down,confident down,unconfident down
1527,1527,unconfident up,unconfident up,confident up
1528,1528,unconfident up,confident up,unconfident up
1529,1529,unconfident up,"unconfident down

",confident up
1530,1530,unconfident up,confident up,confident up
1531,1531,confident up,confident down,confident up
1532,1532,confident up,confident up,confident up
1533,1533,unconfident down,unconfident up,unconfident down
1534,1534,unconfident up,unconfident up,unconfident down
1535,1535,unconfident up,unconfident up,confident up
1536,1536,unconfident up,unconfident up,unconfident up
1537,1537,confident up,unconfident up,confident up
1538,1538,unconfident up,unconfident up,unconfident down
1539,1539,confident up,confident up,confident up
1540,1540,confident up,confident up,confident up
1541,1541,unconfident up,confident up,confident up
1542,1542,confident up,unconfident down,unconfident up
1543,1543,unconfident down,unconfident down,confident up
1544,1544,confident down,unconfident down,confident down
1545,1545,unconfident down,unconfident up,confident up
1546,1546,unconfident up,confident down,unconfident down
1547,1547,confident up,confident up,confident up
1548,1548,unconfident down,unconfident down,unconfident down
1549,1549,unconfident down,unconfident up,unconfident down
1550,1550,unconfident up,unconfident down,unconfident down
1551,1551,confident up,unconfident up,unconfident up
1552,1552,unconfident down,unconfident up,unconfident down
1553,1553,unconfident down,unconfident down,unconfident down
1554,1554,unconfident down,confident up,unconfident up
1555,1555,unconfident down,unconfident down,unconfident down
1556,1556,unconfident down,confident up,confident up
1557,1557,unconfident down,confident up,confident up
1558,1558,unconfident up,unconfident up,unconfident up
1559,1559,unconfident up,unconfident down,unconfident up
1560,1560,confident up,unconfident up,confident up
1561,1561,confident up,confident up,unconfident down
1562,1562,unconfident down,unconfident down,unconfident down
1563,1563,unconfident down,unconfident down,unconfident up
1564,1564,confident down,unconfident down,unconfident up
1565,1565,unconfident up,unconfident up,unconfident up
1566,1566,confident up,confident up,unconfident up
1567,1567,unconfident up,unconfident down,unconfident up
1568,1568,unconfident down,unconfident up,confident up
1569,1569,unconfident up,confident up,confident up
1570,1570,unconfident up,unconfident up,unconfident up
1571,1571,unconfident down,confident up,confident down
1572,1572,confident down,unconfident down,confident up
1573,1573,unconfident up,unconfident down,confident up
1574,1574,confident up,unconfident down,confident down
1575,1575,unconfident down,unconfident down,unconfident down
1576,1576,confident up,confident down,confident up
1577,1577,confident up,confident up,confident up
1578,1578,confident up,confident up,confident up
1579,1579,confident up,unconfident up,unconfident down
1580,1580,confident down,unconfident down,confident down
1581,1581,unconfident down,confident up,confident up
1582,1582,unconfident up,confident up,confident up
1583,1583,confident up,unconfident down,unconfident down
1584,1584,unconfident down,confident down,unconfident down
1585,1585,confident up,confident up,unconfident up
1586,1586,confident up,unconfident down,confident up
1587,1587,confident up,confident up,unconfident up
1588,1588,unconfident down,unconfident up,unconfident down
1589,1589,unconfident up,unconfident down,unconfident down
1590,1590,unconfident up,unconfident down,confident up
1591,1591,confident up,confident up,unconfident up
1592,1592,confident up,confident up,confident up
1593,1593,confident up,confident up,confident up
1594,1594,unconfident down,unconfident up,unconfident down
1595,1595,confident up,confident up,unconfident up
1596,1596,unconfident up,confident down,confident up
1597,1597,unconfident up,unconfident down,unconfident up
1598,1598,unconfident up,unconfident up,unconfident up
1599,1599,confident down,confident down,unconfident down
1600,1600,confident up,unconfident up,unconfident down
1601,1601,unconfident up,unconfident down,confident up
1602,1602,confident up,confident down,unconfident down
1603,1603,unconfident up,confident up,confident up
1604,1604,confident up,confident up,unconfident up
1605,1605,confident down,unconfident down,unconfident down
1606,1606,confident up,unconfident up,unconfident up
1607,1607,unconfident up,unconfident up,unconfident up
1608,1608,unconfident up,unconfident up,confident up
1609,1609,confident up,unconfident down,confident up
1610,1610,confident down,confident down,confident down
1611,1611,confident up,unconfident up,confident up
1612,1612,unconfident up,unconfident up,confident up
1613,1613,confident up,unconfident up,unconfident down
1614,1614,confident up,confident up,confident up
1615,1615,unconfident down,confident up,unconfident down
1616,1616,unconfident up,unconfident down,unconfident up
1617,1617,confident down,confident down,unconfident down
1618,1618,confident down,confident down,unconfident up
1619,1619,confident down,confident down,unconfident down
1620,1620,confident down,unconfident down,unconfident up
1621,1621,confident up,unconfident down,confident up
1622,1622,unconfident up,confident up,confident up
1623,1623,confident up,confident up,confident up
1624,1624,unconfident down,confident up,confident up
1625,1625,confident up,confident up,confident up
1626,1626,unconfident up,unconfident down,unconfident up
1627,1627,unconfident down,unconfident up,unconfident up
1628,1628,confident up,confident up,confident up
1629,1629,confident down,confident down,confident up
1630,1630,confident up,confident up,unconfident down
1631,1631,unconfident down,unconfident up,unconfident up
1632,1632,confident up,unconfident down,unconfident down
1633,1633,unconfident up,confident down,unconfident down
1634,1634,unconfident up,unconfident down,unconfident up
1635,1635,unconfident up,confident up,unconfident down
1636,1636,unconfident up,unconfident up,confident up
1637,1637,unconfident down,confident up,unconfident down
1638,1638,unconfident down,confident up,unconfident down
1639,1639,unconfident up,confident up,"unconfident up 

"
1640,1640,confident up,unconfident up,unconfident up
1641,1641,unconfident up,confident up,unconfident up
1642,1642,unconfident down,unconfident down,confident down
1643,1643,unconfident down,confident up,unconfident up
1644,1644,unconfident up,unconfident down,confident down
1645,1645,confident up,confident up,confident up
1646,1646,unconfident up,unconfident up,unconfident up
1647,1647,unconfident down,unconfident up,confident up
1648,1648,unconfident up,unconfident down,confident up
1649,1649,unconfident up,unconfident up,unconfident down
1650,1650,unconfident down,confident up,confident up
1651,1651,unconfident down,unconfident down,unconfident up
1652,1652,confident up,unconfident up,confident up
1653,1653,unconfident up,unconfident up,unconfident down
1654,1654,confident up,confident up,confident up
1655,1655,unconfident up,unconfident up,unconfident up
1656,1656,unconfident down,unconfident down,unconfident down
1657,1657,confident down,unconfident down,unconfident up
1658,1658,unconfident down,unconfident down,confident down
1659,1659,unconfident down,unconfident down,unconfident down
1660,1660,unconfident up,unconfident up,confident up
1661,1661,confident down,confident up,confident up
1662,1662,unconfident up,confident up,unconfident up
1663,1663,confident up,unconfident up,confident up
1664,1664,confident down,unconfident up,confident down
1665,1665,confident up,unconfident down,confident up
1666,1666,unconfident up,confident up,confident down
1667,1667,unconfident up,unconfident up,confident up
1668,1668,confident up,unconfident up,unconfident down
1669,1669,confident up,unconfident up,confident up
1670,1670,unconfident down,confident up,unconfident down
1671,1671,unconfident down,unconfident up,unconfident up
1672,1672,confident down,confident down,confident down
1673,1673,unconfident up,confident up,unconfident up
1674,1674,confident up,unconfident down,unconfident up
1675,1675,unconfident down,confident down,confident up
1676,1676,confident up,unconfident up,unconfident down
1677,1677,"unconfident up 

",unconfident up,confident up
1678,1678,unconfident up,unconfident down,unconfident up
1679,1679,confident up,unconfident up,confident down
1680,1680,confident up,unconfident up,unconfident down
1681,1681,unconfident up,unconfident up,unconfident up
1682,1682,unconfident down,unconfident up,unconfident down
1683,1683,confident up,confident up,unconfident up
1684,1684,unconfident down,unconfident up,unconfident down
1685,1685,confident up,confident up,confident up
1686,1686,unconfident down,unconfident down,confident down
1687,1687,confident up,confident up,confident up
1688,1688,unconfident up,confident up,confident up
1689,1689,unconfident up,unconfident down,confident up
1690,1690,unconfident up,unconfident down,confident up
1691,1691,unconfident down,confident up,confident up
1692,1692,unconfident up,unconfident up,unconfident down
1693,1693,unconfident down,unconfident down,unconfident up
1694,1694,unconfident up,confident up,unconfident up
1695,1695,unconfident down,unconfident up,unconfident down
1696,1696,unconfident up,unconfident up,unconfident up
1697,1697,unconfident up,unconfident down,unconfident down
1698,1698,unconfident up,confident down,confident down
1699,1699,unconfident down,unconfident up,confident up
1700,1700,confident up,confident up,unconfident up
1701,1701,confident up,confident up,confident up
1702,1702,unconfident down,unconfident up,unconfident up
1703,1703,unconfident down,confident up,unconfident up
1704,1704,unconfident down,unconfident down,confident down
1705,1705,confident up,confident up,confident up
1706,1706,unconfident down,unconfident down,unconfident down
1707,1707,confident up,unconfident up,unconfident down
1708,1708,confident up,confident up,unconfident down
1709,1709,confident up,unconfident up,unconfident up
1710,1710,confident down,unconfident down,unconfident down
1711,1711,unconfident down,unconfident down,unconfident down
1712,1712,unconfident down,confident down,unconfident down
1713,1713,unconfident up,unconfident up,unconfident up
1714,1714,confident down,confident down,confident up
1715,1715,unconfident down,confident up,confident down
1716,1716,confident up,unconfident up,confident down
1717,1717,confident up,confident up,confident up
1718,1718,unconfident up,confident up,unconfident down
1719,1719,unconfident down,unconfident down,unconfident down
1720,1720,confident up,confident up,confident up
1721,1721,confident up,confident down,unconfident up
1722,1722,confident up,confident up,confident up
1723,1723,confident up,confident up,unconfident up
1724,1724,confident up,unconfident down,confident up
1725,1725,unconfident up,unconfident up,unconfident up
1726,1726,unconfident up,unconfident up,unconfident down
1727,1727,unconfident up,unconfident up,unconfident down
1728,1728,unconfident down,confident down,confident down
1729,1729,confident up,unconfident down,confident up
1730,1730,unconfident up,unconfident down,unconfident up
1731,1731,confident up,confident up,confident up
1732,1732,unconfident down,confident up,unconfident down
1733,1733,confident up,unconfident up,unconfident up
1734,1734,unconfident down,unconfident down,unconfident down
1735,1735,confident up,unconfident down,unconfident down
1736,1736,confident up,unconfident down,unconfident up
1737,1737,confident up,confident down,confident down
1738,1738,unconfident up,confident down,unconfident down
1739,1739,unconfident up,confident up,confident up
1740,1740,confident up,unconfident up,unconfident down
1741,1741,confident up,confident up,confident up
1742,1742,confident up,unconfident down,confident up
1743,1743,unconfident up,confident down,unconfident up
1744,1744,confident up,unconfident up,confident up
1745,1745,unconfident up,unconfident up,unconfident up
1746,1746,unconfident down,confident up,unconfident up
1747,1747,confident up,unconfident down,unconfident up
1748,1748,confident down,confident down,unconfident down
1749,1749,confident up,unconfident down,unconfident up
1750,1750,unconfident up,unconfident up,unconfident up
1751,1751,confident up,unconfident up,confident up
1752,1752,confident down,unconfident down,unconfident down
1753,1753,unconfident up,confident up,unconfident down
1754,1754,confident up,unconfident up,confident up
1755,1755,unconfident up,unconfident up,unconfident up
1756,1756,unconfident up,confident up,unconfident up
1757,1757,unconfident down,unconfident down,unconfident down
1758,1758,unconfident down,confident up,confident up
1759,1759,unconfident down,unconfident down,unconfident up
1760,1760,unconfident up,unconfident up,confident up
1761,1761,unconfident down,confident up,unconfident up
1762,1762,unconfident down,unconfident down,unconfident down
1763,1763,confident up,unconfident down,unconfident down
1764,1764,confident up,unconfident down,confident up
1765,1765,confident up,confident up,confident up
1766,1766,confident down,unconfident down,unconfident down
1767,1767,unconfident up,unconfident up,unconfident down
1768,1768,confident up,unconfident up,confident up
1769,1769,confident up,unconfident up,confident up
1770,1770,confident up,unconfident down,confident up
1771,1771,confident up,unconfident down,confident down
1772,1772,unconfident down,confident down,unconfident up
1773,1773,confident up,confident up,unconfident up
1774,1774,confident up,unconfident down,unconfident down
1775,1775,unconfident up,confident up,confident up
1776,1776,unconfident down,confident down,unconfident up
1777,1777,confident up,confident up,unconfident up
1778,1778,confident up,unconfident up,confident up
1779,1779,confident up,unconfident down,unconfident down
1780,1780,unconfident up,unconfident down,unconfident up
1781,1781,confident up,unconfident up,confident up
1782,1782,confident up,confident up,confident up
1783,1783,unconfident down,unconfident down,unconfident down
1784,1784,confident up,unconfident up,unconfident up
1785,1785,confident up,unconfident up,confident up
1786,1786,confident down,unconfident up,unconfident down
1787,1787,unconfident up,confident up,confident up
1788,1788,unconfident up,unconfident down,unconfident down
1789,1789,confident up,confident up,unconfident up
1790,1790,unconfident up,unconfident up,confident up
1791,1791,unconfident up,unconfident up,confident up
1792,1792,unconfident down,unconfident up,unconfident down
1793,1793,unconfident down,unconfident down,unconfident up
1794,1794,confident up,confident up,confident up
1795,1795,unconfident down,unconfident up,confident up
1796,1796,confident up,confident up,unconfident down
1797,1797,confident down,confident down,unconfident up
1798,1798,unconfident up,unconfident down,unconfident down
1799,1799,confident up,confident up,confident up
1800,1800,unconfident down,unconfident down,confident down
1801,1801,confident down,unconfident up,unconfident down
1802,1802,unconfident up,unconfident up,confident up
1803,1803,unconfident down,unconfident down,confident down
1804,1804,confident up,unconfident down,confident up
1805,1805,unconfident up,confident up,unconfident down
1806,1806,confident down,unconfident down,unconfident down
1807,1807,confident up,unconfident up,unconfident down
1808,1808,confident up,unconfident up,unconfident down
1809,1809,confident up,unconfident up,unconfident down
1810,1810,unconfident up,unconfident up,unconfident down
1811,1811,confident up,confident up,confident up
1812,1812,confident down,confident down,confident up
1813,1813,unconfident up,confident down,unconfident down
1814,1814,unconfident up,confident up,unconfident down
1815,1815,confident up,confident up,unconfident up.
1816,1816,unconfident up,unconfident up,confident down
1817,1817,unconfident up,confident down,unconfident up
1818,1818,unconfident up,unconfident up,confident up
1819,1819,confident up,confident up,unconfident up
1820,1820,unconfident down,unconfident down,confident down
1821,1821,unconfident up,confident up,unconfident down
1822,1822,unconfident up,confident up,unconfident up
1823,1823,unconfident down,unconfident up,unconfident down
1824,1824,unconfident up,unconfident up,unconfident up
1825,1825,confident up,confident up,confident up
1826,1826,unconfident up,confident up,unconfident up
1827,1827,unconfident up,unconfident up,unconfident down
1828,1828,unconfident down,unconfident up,unconfident up
1829,1829,confident up,confident up,confident up
1830,1830,unconfident up,unconfident up,unconfident up
1831,1831,confident up,unconfident down,confident up
1832,1832,unconfident down,unconfident up,confident up
1833,1833,unconfident up,confident up,unconfident up
1834,1834,confident up,confident up,unconfident up
1835,1835,unconfident up,confident up,unconfident up
1836,1836,confident up,unconfident up,unconfident down
1837,1837,confident up,unconfident down,confident up
1838,1838,confident up,confident up,confident up
1839,1839,confident down,unconfident down,unconfident down
1840,1840,unconfident up,unconfident down,unconfident down
1841,1841,confident up,confident down,confident up
1842,1842,unconfident up,confident up,confident up
1843,1843,unconfident up,unconfident down,unconfident up
1844,1844,confident down,unconfident down,unconfident down
1845,1845,unconfident up,unconfident down,confident down
1846,1846,unconfident up,unconfident up,confident down
1847,1847,confident up,confident up,confident up
1848,1848,confident down,unconfident down,unconfident down
1849,1849,confident up,unconfident down,unconfident down
1850,1850,unconfident down,confident up,unconfident down
1851,1851,unconfident up,confident up,unconfident up
1852,1852,unconfident down,unconfident down,confident up
1853,1853,unconfident up,confident up,confident up
1854,1854,confident up,unconfident up,confident up
1855,1855,confident up,unconfident up,confident up
1856,1856,unconfident down,unconfident up.,confident up
1857,1857,unconfident up,unconfident down,unconfident down
1858,1858,confident up,unconfident up,confident up
1859,1859,unconfident up,confident up,confident up
1860,1860,confident up,unconfident down,unconfident up
1861,1861,unconfident down,unconfident down,confident up
1862,1862,unconfident down,confident up,confident up
1863,1863,unconfident up,confident up,unconfident up
1864,1864,unconfident up,unconfident down,confident up
1865,1865,confident up,confident up,confident up
1866,1866,unconfident down,unconfident up,unconfident down
1867,1867,unconfident up,unconfident up,unconfident up
1868,1868,unconfident up,unconfident up,unconfident up
1869,1869,confident down,unconfident up,unconfident down
1870,1870,unconfident down,confident down,confident down
1871,1871,confident up,unconfident up,unconfident down
1872,1872,confident up,confident up,confident up
1873,1873,confident up,confident up,confident up
1874,1874,unconfident up,confident up,unconfident up
1875,1875,confident up,unconfident down,unconfident up
1876,1876,confident down,unconfident up,unconfident down
1877,1877,unconfident up,unconfident down,confident up
1878,1878,unconfident up,confident up,unconfident up
1879,1879,unconfident up,unconfident up,confident up
1880,1880,confident up,unconfident down,unconfident up
1881,1881,confident up,unconfident up,confident up
1882,1882,confident up,confident up,confident up
1883,1883,unconfident up,unconfident up,confident up
1884,1884,unconfident down,unconfident down,unconfident down
1885,1885,confident up,unconfident up,confident up
1886,1886,unconfident up,unconfident up,unconfident down
1887,1887,unconfident down,unconfident down,unconfident down
1888,1888,unconfident up,confident up,confident up
1889,1889,unconfident down,unconfident down,unconfident up
1890,1890,confident up,unconfident up,unconfident up
1891,1891,unconfident down,confident down,confident down
1892,1892,unconfident up,unconfident up,unconfident down
1893,1893,unconfident down,confident down,confident down
1894,1894,unconfident up,unconfident down,unconfident down
1895,1895,confident down,unconfident up,confident up
1896,1896,unconfident up,confident down,unconfident up
1897,1897,confident down,confident up,unconfident up
1898,1898,confident up,confident up,confident up
1899,1899,confident up,unconfident down,confident up
1900,1900,unconfident down,unconfident down,unconfident up
1901,1901,confident up,unconfident up,unconfident up
1902,1902,unconfident down,unconfident up,confident up
1903,1903,unconfident up,unconfident up,confident up
1904,1904,unconfident up,confident up,unconfident up
1905,1905,confident up,confident up,unconfident up
1906,1906,confident up,unconfident down,unconfident up
1907,1907,confident up,unconfident up,confident up
1908,1908,confident up,unconfident up,unconfident up
1909,1909,confident up,unconfident up,unconfident up
1910,1910,unconfident up,confident up,unconfident up
1911,1911,unconfident up,confident up,confident up
1912,1912,confident up,unconfident up,unconfident up
1913,1913,confident up,unconfident down,confident up
1914,1914,unconfident up,unconfident up,unconfident up
1915,1915,unconfident down,unconfident up,unconfident up
1916,1916,confident up,confident down,unconfident down
1917,1917,unconfident down,unconfident down,unconfident down
1918,1918,confident up,unconfident up,unconfident up
1919,1919,confident up,unconfident down,unconfident down
1920,1920,unconfident down,confident up,confident up
1921,1921,unconfident down,unconfident down,unconfident up
1922,1922,unconfident down,confident up,confident up
1923,1923,confident up,confident up,confident up
1924,1924,confident up,confident up,unconfident up
1925,1925,confident up,unconfident down,unconfident down
1926,1926,unconfident up,unconfident up,confident up
1927,1927,unconfident up,confident up,confident up
1928,1928,confident up,confident up,confident up
1929,1929,unconfident up,unconfident down,unconfident up
1930,1930,confident up,confident up,confident up
1931,1931,confident up,confident up,unconfident down
1932,1932,confident up,unconfident down,unconfident up
1933,1933,unconfident up,confident up,unconfident down
1934,1934,confident down,unconfident up,unconfident down
1935,1935,confident up,confident up,confident up
1936,1936,unconfident up,confident up,unconfident up
1937,1937,confident up,confident up,confident up
1938,1938,confident up,confident up,unconfident up
1939,1939,unconfident up,unconfident up,unconfident up
1940,1940,unconfident up,confident down,unconfident up
1941,1941,confident down,unconfident down,unconfident down
1942,1942,confident up,unconfident up,unconfident up
1943,1943,confident up,unconfident down,confident up
1944,1944,unconfident down,unconfident down,unconfident up
1945,1945,unconfident up,unconfident up,confident up
1946,1946,unconfident up,unconfident down,unconfident down
1947,1947,confident down,unconfident up,unconfident down
1948,1948,unconfident up,confident up,confident down
1949,1949,confident down,confident up,unconfident up
1950,1950,unconfident down,confident down,unconfident down
1951,1951,unconfident up,unconfident up,unconfident up
1952,1952,confident up,confident up,unconfident up
1953,1953,unconfident down,unconfident down,unconfident up
1954,1954,confident up,confident up,unconfident down
1955,1955,unconfident up,unconfident up,unconfident down
1956,1956,unconfident up,unconfident up,unconfident up
1957,1957,unconfident down,confident down,unconfident down
1958,1958,confident up,unconfident down,confident up
1959,1959,unconfident up,unconfident up,unconfident down
1960,1960,confident up,confident up,confident up
1961,1961,unconfident down,confident up,unconfident up
1962,1962,unconfident up,confident up,unconfident up
1963,1963,confident down,confident down,confident down
1964,1964,unconfident up,unconfident up,confident up
1965,1965,unconfident down,unconfident down,unconfident up
1966,1966,confident up,unconfident up,unconfident up
1967,1967,unconfident up,confident up,confident up
1968,1968,confident up,unconfident up,confident up
1969,1969,unconfident down,unconfident up,confident down
1970,1970,unconfident up,unconfident up,confident up
1971,1971,unconfident up,unconfident down,unconfident up
1972,1972,unconfident down,unconfident down,unconfident down
1973,1973,confident up,unconfident up,unconfident up
1974,1974,unconfident down,confident up,confident up
1975,1975,unconfident down,unconfident up,confident up
1976,1976,unconfident up,unconfident up,unconfident down
1977,1977,confident up,confident up,confident up
1978,1978,unconfident up,unconfident up,confident up
1979,1979,unconfident up,confident up,confident up
1980,1980,confident up,unconfident down,confident up
1981,1981,unconfident up,unconfident up,unconfident down
1982,1982,confident up,unconfident up,unconfident up
1983,1983,confident up,confident down,unconfident down
1984,1984,confident up,confident up,unconfident down
1985,1985,confident up,confident up,unconfident up
1986,1986,unconfident up,confident up,unconfident up
1987,1987,unconfident up,confident up,unconfident down
1988,1988,unconfident up,unconfident up,unconfident down
1989,1989,confident up,unconfident up,confident up
1990,1990,unconfident down,confident down,unconfident down
1991,1991,confident up,confident up,unconfident down
1992,1992,unconfident up,unconfident up,confident up
1993,1993,confident up,confident up,confident up
1994,1994,confident up,unconfident up,unconfident down
1995,1995,unconfident down,unconfident down,unconfident down
1996,1996,unconfident down,confident down,unconfident down
1997,1997,unconfident up,confident up,unconfident down
1998,1998,unconfident up,confident up,unconfident down
1999,1999,unconfident up,unconfident up,unconfident down
2000,2000,confident up,unconfident up,unconfident up
2001,2001,unconfident down,unconfident down,unconfident down
2002,2002,confident up,confident up,confident up
2003,2003,unconfident up,confident up,unconfident up
2004,2004,confident up,confident up,confident up
2005,2005,confident up,confident up,unconfident up
2006,2006,unconfident down,unconfident down,unconfident down
2007,2007,unconfident up,unconfident up,confident up
2008,2008,unconfident up,unconfident up,unconfident up
2009,2009,confident up,confident up,unconfident up
2010,2010,unconfident down,unconfident up,unconfident up
2011,2011,confident up,unconfident down,confident up
2012,2012,unconfident up,unconfident down,unconfident up
2013,2013,confident up,unconfident up,confident up
2014,2014,confident up,confident up,confident up
2015,2015,confident up,unconfident up,unconfident up
2016,2016,confident up,confident up,confident up
2017,2017,unconfident down,unconfident down,unconfident down
2018,2018,unconfident up,unconfident down,confident up
2019,2019,unconfident down,unconfident down,unconfident down
2020,2020,unconfident up,unconfident up,confident up
2021,2021,unconfident up,unconfident up,unconfident up
2022,2022,unconfident up,confident up,unconfident up
2023,2023,confident down,unconfident down,unconfident down
2024,2024,confident up,confident up,unconfident down
2025,2025,confident down,unconfident down,confident up
2026,2026,confident up,confident up,confident up
2027,2027,confident down,unconfident down,confident down
2028,2028,unconfident down,confident down,unconfident up
2029,2029,confident up,confident up,confident down
2030,2030,confident up,unconfident up,confident up
2031,2031,unconfident up,unconfident down,confident up
2032,2032,unconfident up,unconfident up,unconfident up
2033,2033,unconfident down,confident down,unconfident down
2034,2034,unconfident up,unconfident up,unconfident down
2035,2035,confident up,unconfident up,unconfident down
2036,2036,unconfident up,unconfident up,confident down
2037,2037,unconfident up,unconfident up,unconfident down
2038,2038,unconfident up,confident up,unconfident down
2039,2039,unconfident down,confident up,unconfident down
2040,2040,confident up,unconfident down,confident up
2041,2041,unconfident down,unconfident down,unconfident down
2042,2042,confident up,unconfident down,confident down
2043,2043,confident down,unconfident down,unconfident down
2044,2044,unconfident up,confident up,unconfident up
2045,2045,unconfident down,unconfident up,confident up
2046,2046,unconfident up,confident up,unconfident up
2047,2047,unconfident up,unconfident up,confident up
2048,2048,confident up,confident up,unconfident up
2049,2049,unconfident down,unconfident up,confident up
2050,2050,unconfident down,unconfident up,unconfident up
2051,2051,unconfident down,unconfident up,unconfident up
2052,2052,unconfident up,unconfident down,unconfident up
2053,2053,unconfident up,unconfident down,confident up
2054,2054,unconfident up,confident up,unconfident up
2055,2055,unconfident up,confident up,confident up
2056,2056,unconfident down,unconfident up,unconfident up
2057,2057,unconfident down,unconfident up,confident up
2058,2058,unconfident up,unconfident down,unconfident up
2059,2059,unconfident up,unconfident down,unconfident up
2060,2060,unconfident down,confident down,unconfident up
2061,2061,unconfident down,confident up,unconfident down
2062,2062,confident up,unconfident up,confident up
2063,2063,unconfident up,confident down,unconfident up
2064,2064,unconfident up,confident up,unconfident up
2065,2065,confident down,unconfident down,confident up
2066,2066,confident up,confident up,confident up
2067,2067,unconfident up,confident up,confident up
2068,2068,confident up,confident up,confident up
2069,2069,unconfident up,confident up,confident up
2070,2070,unconfident down,unconfident down,unconfident up
2071,2071,confident up,confident up,confident up
2072,2072,confident up,unconfident down,unconfident down
2073,2073,unconfident down,unconfident down,unconfident up
2074,2074,unconfident down,unconfident up,unconfident up
2075,2075,unconfident down,unconfident down,unconfident down
2076,2076,unconfident down,unconfident down,unconfident down
2077,2077,confident up,confident up,confident up
2078,2078,confident up,unconfident down,unconfident up
2079,2079,unconfident down,unconfident up,unconfident up
2080,2080,unconfident up,unconfident up,confident up
2081,2081,unconfident up,unconfident down,unconfident up
2082,2082,confident down,unconfident down,unconfident down
2083,2083,unconfident down,confident up,confident up
2084,2084,confident up,unconfident down,confident up
2085,2085,unconfident up,unconfident up,confident up
2086,2086,unconfident down,confident down,unconfident up
2087,2087,unconfident up,unconfident up,unconfident down
2088,2088,confident up,confident up,confident up
2089,2089,unconfident down,confident up,unconfident down
2090,2090,unconfident up,unconfident up,confident down
2091,2091,confident up,confident up,confident down
2092,2092,confident up,confident up,confident up
2093,2093,confident up,confident up,unconfident up
2094,2094,confident up,confident up,confident up
2095,2095,unconfident up,unconfident down,unconfident up
2096,2096,confident up,unconfident up,confident up
2097,2097,unconfident up,unconfident down,confident up
2098,2098,confident up,confident up,confident up
2099,2099,confident up,unconfident up,unconfident down
2100,2100,confident up,unconfident up,confident up
2101,2101,unconfident up,confident up,unconfident up
2102,2102,unconfident up,unconfident down,unconfident down
2103,2103,unconfident up,unconfident up,unconfident up
2104,2104,unconfident up,unconfident up,confident down
2105,2105,confident up,unconfident up,unconfident up
2106,2106,confident up,confident up,confident up
2107,2107,confident down,unconfident down,unconfident down
2108,2108,unconfident up,confident up,unconfident up
2109,2109,unconfident down,confident up,confident up
2110,2110,unconfident down,unconfident up,unconfident up
2111,2111,unconfident down,confident up,unconfident up
2112,2112,confident up,unconfident up,confident up
2113,2113,unconfident down,unconfident down,unconfident down
2114,2114,confident up,unconfident up,unconfident down
2115,2115,confident up,confident up,unconfident up
2116,2116,unconfident up,confident down,unconfident down
2117,2117,confident up,unconfident up,unconfident down
2118,2118,unconfident down,unconfident down,unconfident down
2119,2119,confident up,confident up,unconfident down
2120,2120,unconfident down,unconfident up,unconfident down
2121,2121,unconfident down,unconfident up,confident up
2122,2122,confident down,unconfident up,unconfident down
2123,2123,unconfident up,unconfident up,unconfident down
2124,2124,confident up,unconfident up,confident up
2125,2125,confident up,confident up,unconfident down
2126,2126,unconfident up,confident down,unconfident up
2127,2127,unconfident up,unconfident up,confident up
2128,2128,unconfident up,confident up,unconfident down
2129,2129,unconfident down,unconfident up,unconfident up
2130,2130,confident up,confident up,confident up
2131,2131,unconfident up,confident up,confident up
2132,2132,unconfident up,confident up,confident up
2133,2133,unconfident down,confident down,unconfident up
2134,2134,confident up,confident down,unconfident down
2135,2135,unconfident up,unconfident up,confident up
2136,2136,confident up,unconfident down,unconfident up
2137,2137,confident up,confident up,unconfident up
2138,2138,unconfident up,unconfident down,unconfident down
2139,2139,confident up,unconfident up,unconfident down
2140,2140,confident up,unconfident up,confident up
2141,2141,confident down,unconfident down,unconfident up
2142,2142,confident up,unconfident up,confident up
2143,2143,confident up,confident up,unconfident up
2144,2144,confident up,confident down,confident down
2145,2145,unconfident up,confident up,unconfident up
2146,2146,confident up,confident up,confident up
2147,2147,confident up,confident down,unconfident down
2148,2148,unconfident down,unconfident down,unconfident up
2149,2149,confident up,unconfident down,confident down
2150,2150,confident up,confident up,unconfident up
2151,2151,confident up,unconfident down,unconfident up
2152,2152,confident up,unconfident up,unconfident up
2153,2153,unconfident up,unconfident down,confident up
2154,2154,unconfident down,unconfident down,unconfident down
2155,2155,unconfident up,confident up,unconfident up
2156,2156,unconfident up,unconfident up,unconfident down
2157,2157,unconfident down,unconfident up,confident up
2158,2158,unconfident up,confident up,unconfident up
2159,2159,unconfident down,confident down,unconfident up
2160,2160,unconfident up,confident up,confident up
2161,2161,confident up,confident down,unconfident down
2162,2162,confident up,unconfident up,confident up
2163,2163,confident up,unconfident up,confident up
2164,2164,unconfident down,unconfident down,unconfident down
2165,2165,unconfident down,confident down,unconfident down
2166,2166,unconfident down,unconfident up,unconfident down
2167,2167,confident up,unconfident up,confident up
2168,2168,unconfident down,confident up,confident down
2169,2169,unconfident up,unconfident down,unconfident down
2170,2170,confident down,confident down,unconfident down
2171,2171,confident down,unconfident down,unconfident up
2172,2172,unconfident down,unconfident down,confident up
2173,2173,unconfident up,confident up,confident up
2174,2174,unconfident down,confident down,unconfident up
2175,2175,unconfident down,unconfident up,unconfident down
2176,2176,unconfident up,unconfident up,unconfident up
2177,2177,unconfident up,confident up,confident up
2178,2178,unconfident down,unconfident down,confident up
2179,2179,confident down,unconfident down,unconfident up
2180,2180,confident up,confident up,unconfident down
2181,2181,unconfident up,confident up,confident up
2182,2182,unconfident up,unconfident up,confident up
2183,2183,unconfident down,confident down,confident down
2184,2184,unconfident up,unconfident up,confident up
2185,2185,confident up,unconfident down,confident down
2186,2186,unconfident down,unconfident down,unconfident up
2187,2187,confident up,confident up,confident up
2188,2188,confident up,confident up,unconfident up
2189,2189,confident down,unconfident down,confident down
2190,2190,unconfident up,confident down,unconfident up
2191,2191,confident up,unconfident up,confident up
2192,2192,confident up,unconfident up,unconfident up
2193,2193,unconfident down,unconfident down,confident up
2194,2194,unconfident down,unconfident down,unconfident down
2195,2195,confident up,confident up,confident up
2196,2196,confident up,unconfident down,confident up
2197,2197,unconfident down,unconfident down,confident up
2198,2198,unconfident down,confident up,confident up
2199,2199,confident up,unconfident down,confident up
2200,2200,confident up,unconfident down,confident up
2201,2201,confident up,unconfident up,unconfident up
2202,2202,unconfident up,unconfident down,unconfident up
2203,2203,unconfident down,unconfident up,unconfident down
2204,2204,confident up,unconfident up,unconfident up
2205,2205,confident up,confident up,confident up
2206,2206,unconfident down,unconfident down,unconfident up
2207,2207,unconfident up,confident down,unconfident down
2208,2208,confident down,confident down,unconfident down
2209,2209,unconfident up,unconfident up,confident up
2210,2210,confident up,unconfident up,unconfident up
2211,2211,confident up,unconfident up,confident up
2212,2212,confident up,unconfident up,unconfident up
2213,2213,unconfident up,unconfident up,confident up
2214,2214,confident up,unconfident up,unconfident up
2215,2215,unconfident up,unconfident up,unconfident up
2216,2216,confident up,unconfident down,confident up
2217,2217,unconfident up,confident up,unconfident up
2218,2218,unconfident down,unconfident down,unconfident down
2219,2219,unconfident up,unconfident down,unconfident up
2220,2220,unconfident up,confident up,unconfident up
2221,2221,unconfident down,unconfident down,unconfident down
2222,2222,unconfident up,unconfident down,confident down
2223,2223,confident down,unconfident down,confident down
2224,2224,confident up,confident up,confident up
2225,2225,unconfident down,confident up,unconfident down
2226,2226,confident up,unconfident down,unconfident up
2227,2227,unconfident up,unconfident up,confident up
2228,2228,unconfident down,unconfident down,confident up
2229,2229,unconfident down,unconfident down,unconfident up
2230,2230,confident up,confident down,unconfident up
2231,2231,unconfident up,confident up,unconfident down
2232,2232,confident up,confident up,unconfident down
2233,2233,confident up,unconfident down,unconfident down
2234,2234,confident up,confident up,confident up
2235,2235,confident up,confident up,unconfident up
2236,2236,confident up,unconfident up,unconfident down
2237,2237,unconfident down,unconfident down,unconfident down
2238,2238,confident up,confident up,unconfident down
2239,2239,unconfident up,confident up,unconfident up
2240,2240,unconfident up,confident up,confident up
2241,2241,unconfident up,confident down,unconfident up
2242,2242,confident down,confident down,unconfident down
2243,2243,unconfident up,confident up,confident up
2244,2244,unconfident down,unconfident down,confident down
2245,2245,unconfident down,unconfident down,confident down
2246,2246,unconfident down,unconfident up,unconfident up
2247,2247,confident up,unconfident up,confident up
2248,2248,confident down,confident down,unconfident down
2249,2249,confident down,confident down,confident down
2250,2250,unconfident down,unconfident up,confident up
2251,2251,confident up,confident up,unconfident up
2252,2252,confident up,unconfident down,unconfident down
2253,2253,unconfident up,confident up,unconfident up
2254,2254,unconfident up,unconfident up,unconfident up
2255,2255,unconfident up,unconfident down,unconfident down
2256,2256,confident up,confident up,unconfident up
2257,2257,unconfident down,unconfident down,unconfident down
2258,2258,unconfident up,unconfident up,unconfident up
2259,2259,unconfident up,confident up,confident up
2260,2260,confident up,unconfident down,unconfident down
2261,2261,confident up,confident up,confident up
2262,2262,confident up,confident up,confident up
2263,2263,unconfident up,unconfident down,unconfident down
2264,2264,unconfident up,unconfident up,unconfident up
2265,2265,unconfident up,unconfident down,confident up
2266,2266,unconfident up,confident up,confident up
2267,2267,unconfident down,unconfident up,confident up
2268,2268,confident up,unconfident up,confident up
2269,2269,confident up,unconfident up,confident up
2270,2270,confident up,confident up,unconfident up
2271,2271,confident up,confident up,confident up
2272,2272,confident up,confident up,confident up
2273,2273,unconfident down,confident down,unconfident down
2274,2274,unconfident down,confident down,unconfident up
2275,2275,confident down,unconfident down,unconfident down
2276,2276,unconfident down,confident down,confident down
2277,2277,unconfident down,unconfident down,confident up
2278,2278,unconfident down,confident down,unconfident down
2279,2279,confident up,unconfident down,confident up
2280,2280,unconfident up,unconfident up,unconfident up
2281,2281,confident up,unconfident down,unconfident up
2282,2282,unconfident up,unconfident down,unconfident up
2283,2283,unconfident down,confident up,unconfident down
2284,2284,unconfident up,confident up,unconfident up
2285,2285,unconfident up,unconfident up,confident up
2286,2286,confident up,unconfident up,confident up
2287,2287,confident down,unconfident up,confident down
2288,2288,confident up,confident up,unconfident up
2289,2289,confident up,unconfident up,unconfident up
2290,2290,unconfident down,confident up,confident up
2291,2291,unconfident down,unconfident down,confident up
2292,2292,unconfident down,unconfident down,unconfident down
2293,2293,unconfident down,confident down,unconfident down
2294,2294,unconfident up,unconfident up,confident down
2295,2295,confident up,confident up,unconfident up
2296,2296,unconfident down,unconfident down,unconfident down
2297,2297,confident up,unconfident up,unconfident up
2298,2298,unconfident up,confident down,unconfident down
2299,2299,unconfident down,unconfident down,unconfident up
2300,2300,unconfident down,unconfident up,unconfident up
2301,2301,unconfident down,unconfident up,confident up
2302,2302,confident up,confident up,confident up
2303,2303,unconfident up,confident up,confident up
2304,2304,unconfident up,unconfident down,confident down
2305,2305,unconfident down,confident up,confident up
2306,2306,unconfident down,confident up,confident up
2307,2307,unconfident up,confident up,unconfident up
2308,2308,unconfident up,unconfident down,unconfident up
2309,2309,confident down,unconfident down,unconfident down
2310,2310,confident up,unconfident up,confident down
2311,2311,unconfident up,confident down,"unconfident down 

"
2312,2312,unconfident up,unconfident up,unconfident down
2313,2313,confident up,confident up,confident up
2314,2314,unconfident down,unconfident up,confident down
2315,2315,confident up,unconfident up,unconfident down
2316,2316,unconfident up,confident up,unconfident up
2317,2317,unconfident up,unconfident up,unconfident down
2318,2318,confident up,confident up,unconfident up
2319,2319,confident up,confident up,confident up
2320,2320,unconfident up,unconfident up,unconfident up
2321,2321,unconfident up,unconfident up,unconfident up
2322,2322,confident up,unconfident up,confident up
2323,2323,unconfident up,unconfident up,unconfident up
2324,2324,unconfident up,unconfident down,unconfident down
2325,2325,confident up,unconfident up,confident up
2326,2326,confident up,confident up,unconfident up
2327,2327,unconfident up,confident up,unconfident up
2328,2328,confident up,confident up,confident up
2329,2329,unconfident up,confident up,unconfident up
2330,2330,unconfident down,unconfident up,unconfident down
2331,2331,unconfident up,unconfident up,confident up
2332,2332,confident up,unconfident up,unconfident up
2333,2333,confident down,unconfident down,unconfident down
2334,2334,unconfident down,unconfident up,confident up
2335,2335,confident down,confident down,confident down
2336,2336,unconfident up,unconfident down,unconfident up
2337,2337,confident down,unconfident up,unconfident up
2338,2338,unconfident up,unconfident up,unconfident up
2339,2339,confident down,confident down,unconfident down
2340,2340,unconfident down,unconfident down,unconfident down
2341,2341,unconfident down,unconfident down,confident up
2342,2342,confident up,confident up,unconfident down
2343,2343,unconfident down,confident down,unconfident down
2344,2344,confident up,unconfident up,confident up
2345,2345,confident up,unconfident up,confident up
2346,2346,unconfident down,unconfident up,confident up
2347,2347,unconfident up,unconfident up,unconfident up
2348,2348,unconfident down,unconfident down,confident down
2349,2349,confident up,confident up,unconfident up
2350,2350,confident up,unconfident up,unconfident down
2351,2351,confident down,unconfident down,confident up
2352,2352,unconfident up,unconfident up,unconfident up
2353,2353,unconfident up,confident down,confident up
2354,2354,unconfident down,confident up,unconfident up
2355,2355,unconfident up,confident up,confident up
2356,2356,unconfident down,unconfident down,unconfident up
2357,2357,confident up,unconfident up,confident up
2358,2358,confident up,confident up,confident up
2359,2359,confident up,unconfident up,unconfident up
2360,2360,confident up,unconfident up,unconfident up
2361,2361,unconfident down,unconfident up,unconfident down
2362,2362,confident up,confident up,confident up
2363,2363,unconfident up,confident up,unconfident down
2364,2364,confident up,confident up,confident up
2365,2365,confident up,confident up,confident up
2366,2366,unconfident down,confident up,confident up
2367,2367,unconfident up,unconfident up,unconfident up
2368,2368,unconfident down,unconfident down,unconfident down
2369,2369,unconfident up,unconfident up,unconfident down
2370,2370,unconfident down,unconfident down,unconfident up
2371,2371,confident up,unconfident up,unconfident up
2372,2372,confident up,unconfident down,unconfident down
2373,2373,unconfident up,confident up,unconfident down
2374,2374,confident up,confident up,confident up
2375,2375,unconfident down,unconfident down,unconfident up
2376,2376,unconfident down,unconfident down,unconfident up
2377,2377,confident down,unconfident down,unconfident down
2378,2378,confident up,unconfident down,unconfident down
2379,2379,unconfident up,unconfident up,confident up
2380,2380,unconfident down,confident up,unconfident up
2381,2381,unconfident up,confident up,unconfident up
2382,2382,confident down,confident down,confident up
2383,2383,unconfident up,unconfident up,confident up
2384,2384,confident up,confident up,unconfident up
2385,2385,unconfident up,unconfident down,unconfident up
2386,2386,unconfident up,confident up,unconfident up
2387,2387,unconfident down,unconfident down,unconfident down
2388,2388,unconfident down,unconfident up,unconfident down
2389,2389,unconfident up,unconfident up,confident up
2390,2390,unconfident up,unconfident down,unconfident up
2391,2391,unconfident up,confident up,confident up
2392,2392,confident down,confident down,unconfident down
2393,2393,confident up,confident up,confident up
2394,2394,confident up,confident up,confident up
2395,2395,confident up,confident up,unconfident up
2396,2396,unconfident down,unconfident down,unconfident up
2397,2397,unconfident down,unconfident down,unconfident up
2398,2398,unconfident down,unconfident down,unconfident down
2399,2399,confident up,confident up,confident up
2400,2400,confident up,unconfident down,confident up
2401,2401,confident up,unconfident up,confident up
2402,2402,confident up,confident up,confident up
2403,2403,unconfident down,unconfident up,unconfident up
2404,2404,unconfident up,unconfident up,unconfident down
2405,2405,confident up,unconfident down,confident down
2406,2406,confident up,confident up,confident up
2407,2407,unconfident up,unconfident down,unconfident down
2408,2408,confident up,unconfident up,unconfident down
2409,2409,unconfident up,unconfident down,unconfident down
2410,2410,unconfident up,unconfident up,unconfident up
2411,2411,unconfident down,unconfident down,unconfident down
2412,2412,confident down,unconfident down,confident down
2413,2413,unconfident up,unconfident down,unconfident down
2414,2414,unconfident up,unconfident down,unconfident up
2415,2415,unconfident down,confident down,confident up
2416,2416,unconfident up,unconfident up,unconfident up
2417,2417,unconfident down,unconfident up,confident up
2418,2418,unconfident up,confident up,unconfident up
2419,2419,unconfident down,unconfident down,confident down
2420,2420,confident up,confident up,confident up
2421,2421,unconfident down,unconfident up,unconfident down
2422,2422,confident up,unconfident down,unconfident up
2423,2423,unconfident down,unconfident down,unconfident down
2424,2424,confident up,unconfident down,confident up
2425,2425,confident up,confident up,unconfident down
2426,2426,confident up,confident up,unconfident up
2427,2427,unconfident up,unconfident up,unconfident up
2428,2428,confident up,confident up,confident up
2429,2429,confident up,confident up,unconfident up
2430,2430,confident up,unconfident down,confident up
2431,2431,confident up,confident up,unconfident down
2432,2432,unconfident up,confident up,unconfident up
2433,2433,confident up,confident up,unconfident up
2434,2434,unconfident up,unconfident up,unconfident up
2435,2435,confident up,unconfident up,unconfident down
2436,2436,confident up,confident up,confident up
2437,2437,confident down,unconfident down,confident up
2438,2438,confident up,confident up,confident up
2439,2439,unconfident down,unconfident down,unconfident down
2440,2440,confident down,confident down,confident up
2441,2441,confident up,unconfident down,unconfident up
2442,2442,unconfident up,unconfident up,confident up
2443,2443,confident down,confident down,confident up
2444,2444,confident up,unconfident up,unconfident up
2445,2445,unconfident up,confident up,confident up
2446,2446,unconfident up,confident up,confident up
2447,2447,unconfident up,confident up,confident up
2448,2448,confident up,unconfident down,confident up
2449,2449,unconfident down,unconfident down,unconfident down
2450,2450,confident up,unconfident down,unconfident down
2451,2451,unconfident down,unconfident up,unconfident up
2452,2452,unconfident up,unconfident up,unconfident down
2453,2453,confident up,confident up,unconfident down
2454,2454,unconfident up,confident up,confident up
2455,2455,unconfident up,confident up,unconfident up
2456,2456,unconfident down,unconfident down,unconfident down
2457,2457,unconfident down,confident down,unconfident down
2458,2458,unconfident down,confident up,unconfident down
2459,2459,unconfident up,confident down,unconfident up
2460,2460,confident down,unconfident down,confident up
2461,2461,unconfident up,unconfident up,unconfident up
2462,2462,confident up,unconfident up,confident up
2463,2463,unconfident down,confident up,confident up
2464,2464,unconfident down,confident up,confident up
2465,2465,confident up,unconfident down,confident up
2466,2466,unconfident up,confident up,confident up
2467,2467,unconfident down,unconfident down,unconfident down
2468,2468,confident up,confident up,unconfident up
2469,2469,unconfident down,unconfident up,unconfident down
2470,2470,confident up,unconfident down,confident up
2471,2471,unconfident down,unconfident down,confident up
2472,2472,unconfident down,unconfident down,unconfident down
2473,2473,unconfident down,unconfident up,unconfident down
2474,2474,unconfident up,confident up,confident up
2475,2475,unconfident down,unconfident up,confident up
2476,2476,confident up,unconfident up,confident down
2477,2477,confident up,confident up,unconfident down
2478,2478,confident up,unconfident up,confident up
2479,2479,unconfident down,confident down,unconfident down
2480,2480,unconfident down,unconfident down,confident down
2481,2481,unconfident up,unconfident up,unconfident up
2482,2482,unconfident down,confident down,confident down
2483,2483,unconfident down,unconfident up,unconfident up
2484,2484,unconfident up,unconfident down,unconfident up
2485,2485,unconfident down,unconfident up,unconfident down
2486,2486,confident up,confident up,confident up
2487,2487,unconfident up,confident up,confident up
2488,2488,confident up,unconfident up,unconfident up
2489,2489,unconfident up,confident up,unconfident up
2490,2490,confident down,confident down,unconfident down
2491,2491,unconfident up,confident up,unconfident down
2492,2492,confident down,confident down,unconfident down
2493,2493,unconfident up,unconfident down,unconfident down
2494,2494,confident up,confident up,confident up
2495,2495,confident up,confident up,unconfident up
2496,2496,confident up,unconfident up,unconfident up
2497,2497,confident up,unconfident down,confident up
2498,2498,confident up,confident up,confident up
2499,2499,unconfident up,confident up,confident up
2500,2500,confident up,confident up,unconfident down
2501,2501,unconfident up,unconfident down,unconfident up
2502,2502,unconfident up,confident up,confident up
2503,2503,confident up,unconfident up,confident up
2504,2504,confident up,unconfident up,confident up
2505,2505,unconfident up,confident up,unconfident up
2506,2506,confident down,unconfident down,unconfident down
2507,2507,confident down,unconfident down,unconfident down
2508,2508,unconfident up,unconfident up,unconfident up
2509,2509,unconfident down,unconfident down,confident up
2510,2510,unconfident up,confident up,confident up
2511,2511,confident down,confident down,unconfident up
2512,2512,unconfident up,confident up,unconfident up
2513,2513,unconfident down,unconfident up,unconfident up
2514,2514,unconfident up,unconfident down,unconfident up
2515,2515,confident up,unconfident up,unconfident up
2516,2516,confident up,unconfident up,confident up
2517,2517,confident up,unconfident up,confident up
2518,2518,confident up,unconfident up,confident up
2519,2519,unconfident down,confident up,unconfident up
2520,2520,unconfident down,unconfident down,unconfident down
2521,2521,confident down,unconfident down,confident down
2522,2522,unconfident down,confident up,confident up
2523,2523,confident down,unconfident down,unconfident down
2524,2524,unconfident up,unconfident down,confident up
2525,2525,unconfident up,unconfident down,unconfident up
2526,2526,confident down,unconfident down,unconfident down
2527,2527,unconfident down,confident up,unconfident down
2528,2528,confident down,unconfident up,confident down
2529,2529,confident up,unconfident up,unconfident up
2530,2530,unconfident down,unconfident down,unconfident up
2531,2531,unconfident down,confident up,unconfident down
2532,2532,unconfident down,unconfident down,unconfident down
2533,2533,unconfident up,unconfident up,unconfident up
2534,2534,unconfident up,unconfident up,unconfident up
2535,2535,confident up,unconfident down,confident up
2536,2536,unconfident up,unconfident down,unconfident down
2537,2537,unconfident up,unconfident up,unconfident down
2538,2538,confident up,confident up,confident up
2539,2539,confident up,confident up,unconfident up
2540,2540,confident up,confident down,unconfident up
2541,2541,confident up,unconfident up,unconfident down
2542,2542,unconfident down,unconfident down,unconfident up
2543,2543,confident up,unconfident down,confident up
2544,2544,unconfident down,unconfident down,unconfident down
2545,2545,confident up,unconfident up,unconfident down
2546,2546,confident up,confident up,confident up
2547,2547,unconfident down,confident up,confident up
2548,2548,unconfident up,unconfident down,confident down
2549,2549,unconfident down,unconfident down,unconfident down
2550,2550,confident up,unconfident down,confident up
2551,2551,confident up,confident up,unconfident down
2552,2552,unconfident down,unconfident up,unconfident up
2553,2553,confident up,unconfident down,unconfident up
2554,2554,unconfident down,unconfident down,unconfident down
2555,2555,confident up,unconfident up,confident up
2556,2556,confident up,confident up,unconfident up
2557,2557,confident down,unconfident down,confident down
2558,2558,unconfident up,unconfident down,unconfident up
2559,2559,confident up,confident up,confident up
2560,2560,confident up,unconfident up,confident up
2561,2561,confident up,unconfident down,confident up
2562,2562,unconfident down,unconfident down,unconfident down
2563,2563,confident up,unconfident up,unconfident down
2564,2564,confident up,confident down,unconfident up
2565,2565,unconfident up,unconfident down,unconfident down
2566,2566,confident up,unconfident down,unconfident up
2567,2567,unconfident down,confident up,confident up
2568,2568,unconfident down,confident down,unconfident up
2569,2569,confident up,confident up,unconfident up
2570,2570,unconfident down,confident down,confident down
2571,2571,unconfident up,unconfident down,unconfident up
2572,2572,unconfident up,unconfident down,confident up
2573,2573,unconfident down,unconfident down,confident down
2574,2574,unconfident down,unconfident up,confident down
2575,2575,unconfident up,unconfident up,confident up
2576,2576,confident down,unconfident down,confident down
2577,2577,unconfident down,unconfident down,unconfident up
2578,2578,unconfident down,unconfident down,unconfident up
2579,2579,confident up,confident up,confident up
2580,2580,unconfident up,unconfident up,unconfident down
2581,2581,confident up,confident up,unconfident up
2582,2582,confident up,unconfident down,unconfident up
2583,2583,unconfident down,confident up,unconfident up
2584,2584,unconfident down,unconfident up,unconfident up
2585,2585,unconfident up,confident up,unconfident down
2586,2586,confident down,unconfident down,confident down
2587,2587,unconfident down,unconfident down,confident up
2588,2588,unconfident up,confident up,unconfident up
2589,2589,confident up,unconfident up,unconfident up
2590,2590,unconfident up,confident up,unconfident up
2591,2591,unconfident up,unconfident up,unconfident down
2592,2592,confident up,unconfident up,confident up
2593,2593,confident up,unconfident up,confident up
2594,2594,unconfident down,confident up,confident up
2595,2595,confident down,confident up,confident up
2596,2596,unconfident up,confident up,unconfident up
2597,2597,unconfident down,unconfident down,unconfident down
2598,2598,confident up,unconfident up,unconfident up
2599,2599,unconfident up,unconfident up,unconfident down
2600,2600,confident up,unconfident down,confident up
2601,2601,confident up,confident up,confident up
2602,2602,confident up,unconfident down,unconfident up
2603,2603,confident up,unconfident down,confident down
2604,2604,confident up,confident up,unconfident up
2605,2605,confident up,confident up,unconfident up
2606,2606,confident up,confident up,confident up
2607,2607,unconfident up,confident up,unconfident down
2608,2608,unconfident down,unconfident up,confident up
2609,2609,unconfident up,unconfident up,unconfident up
2610,2610,unconfident up,confident up,confident up
2611,2611,unconfident down,confident up,unconfident down
2612,2612,unconfident up,unconfident down,confident down
2613,2613,unconfident up,confident up,confident up
2614,2614,unconfident up,confident up,unconfident up
2615,2615,confident up,unconfident down,unconfident up
2616,2616,confident up,unconfident up,confident up
2617,2617,unconfident down,unconfident down,unconfident up
2618,2618,unconfident up,unconfident down,unconfident down
2619,2619,unconfident up,confident up,confident up
2620,2620,confident up,confident up,unconfident up
2621,2621,confident down,confident down,confident down
2622,2622,confident down,confident down,confident down
2623,2623,confident up,confident up,confident up
2624,2624,confident up,confident up,unconfident down
2625,2625,unconfident down,unconfident down,unconfident down
2626,2626,confident up,unconfident up,unconfident down
2627,2627,unconfident down,unconfident down,unconfident down
2628,2628,confident up,unconfident down,unconfident down
2629,2629,unconfident up,unconfident up,unconfident up
2630,2630,unconfident up,unconfident down,confident up
2631,2631,unconfident down,confident up,confident up
2632,2632,confident up,confident up,unconfident up
2633,2633,unconfident down,unconfident down,unconfident down
2634,2634,unconfident down,unconfident up,confident down
2635,2635,unconfident down,confident up,unconfident down
2636,2636,confident down,unconfident up,unconfident up
2637,2637,unconfident down,confident down,unconfident down
2638,2638,unconfident down,confident up,unconfident down
2639,2639,unconfident up,unconfident down,unconfident up
2640,2640,unconfident up,unconfident up,unconfident up
2641,2641,unconfident down,unconfident down,unconfident up
2642,2642,confident up,confident up,confident up
2643,2643,confident up,confident up,confident down
2644,2644,unconfident up,confident up,unconfident up
2645,2645,unconfident down,unconfident down,unconfident down
2646,2646,confident down,confident up,unconfident down
2647,2647,confident down,unconfident down,confident down
2648,2648,unconfident up,confident up,confident up
2649,2649,confident up,unconfident up,confident up
2650,2650,confident up,confident up,unconfident down
2651,2651,confident up,unconfident up,confident up
2652,2652,confident up,unconfident down,confident up
2653,2653,confident down,confident down,unconfident down
2654,2654,confident up,unconfident up,confident up
2655,2655,confident up,confident up,confident up
2656,2656,unconfident up,unconfident up,unconfident up
2657,2657,unconfident down,unconfident down,unconfident up
2658,2658,confident up,confident up,confident up
2659,2659,unconfident down,unconfident up,confident up
2660,2660,confident up,unconfident up,unconfident up
2661,2661,confident up,confident up,unconfident up
2662,2662,unconfident up,confident up,unconfident up
2663,2663,unconfident down,unconfident up,unconfident up
2664,2664,unconfident up,unconfident up,confident up
2665,2665,confident up,unconfident up,unconfident up
2666,2666,confident up,confident up,unconfident up
2667,2667,confident down,unconfident down,unconfident up
2668,2668,unconfident down,unconfident down,unconfident down
2669,2669,unconfident up,unconfident up,unconfident down
2670,2670,unconfident down,unconfident up,confident up
2671,2671,confident up,unconfident down,unconfident down
2672,2672,confident up,confident up,confident up
2673,2673,confident up,unconfident up,unconfident down
2674,2674,unconfident up,confident up,confident up
2675,2675,unconfident up,confident up,confident down
2676,2676,confident up,confident up,confident up
2677,2677,confident up,unconfident up,unconfident down
2678,2678,unconfident down,unconfident down,unconfident down
2679,2679,"unconfident up 

",unconfident down,unconfident up
2680,2680,unconfident down,confident up,unconfident down
2681,2681,confident up,unconfident up,unconfident up
2682,2682,unconfident up,confident up,unconfident up
2683,2683,unconfident down,unconfident down,unconfident up
2684,2684,unconfident up,confident up,unconfident up
2685,2685,confident up,confident up,confident up
2686,2686,confident up,unconfident up,unconfident down
2687,2687,unconfident up,unconfident up,confident up
2688,2688,confident up,confident up,confident up
2689,2689,confident up,confident up,confident up
2690,2690,confident down,unconfident down,confident down
2691,2691,unconfident up,confident up,unconfident down
2692,2692,confident down,confident up,confident down
2693,2693,unconfident up,unconfident up,confident up
2694,2694,confident down,unconfident down,unconfident down
2695,2695,confident up,confident up,confident up
2696,2696,confident up,confident up,confident up
2697,2697,unconfident up,unconfident up,confident up
2698,2698,confident down,unconfident down,unconfident up
2699,2699,unconfident up,unconfident up,confident up
2700,2700,confident up,confident up,confident up
2701,2701,unconfident down,unconfident down,unconfident up
2702,2702,confident up,confident up,confident up
2703,2703,unconfident down,unconfident down,confident down
2704,2704,unconfident up,unconfident up,unconfident down
2705,2705,confident down,unconfident up,confident down
2706,2706,unconfident up,unconfident up,unconfident up
2707,2707,unconfident down,unconfident down,unconfident down
2708,2708,unconfident down,unconfident up,confident up
2709,2709,confident up,confident up,confident up
2710,2710,confident up,confident up,confident up
2711,2711,confident up,confident up,confident up
2712,2712,unconfident down,unconfident down,unconfident down
2713,2713,unconfident up,unconfident up,unconfident up
2714,2714,unconfident up,unconfident down,confident up
2715,2715,confident up,confident up,unconfident down
2716,2716,confident up,unconfident up,unconfident up
2717,2717,unconfident up,unconfident up,unconfident up
2718,2718,unconfident up,unconfident down,unconfident up
2719,2719,confident up,unconfident up,unconfident up
2720,2720,confident up,confident up,unconfident up
2721,2721,unconfident down,unconfident down,confident up
2722,2722,confident up,unconfident down,unconfident down
2723,2723,unconfident up,confident up,unconfident up
2724,2724,unconfident down,unconfident up,unconfident up
2725,2725,confident up,unconfident down,confident up
2726,2726,confident up,confident up,confident up
2727,2727,confident up,unconfident up,confident up
2728,2728,"unconfident up

","unconfident down

","unconfident down 

"
2729,2729,unconfident down,confident down,unconfident up
2730,2730,unconfident down,unconfident down,unconfident down
2731,2731,confident down,unconfident down,confident down
2732,2732,confident up,unconfident up,unconfident down
2733,2733,unconfident down,confident down,unconfident down
2734,2734,unconfident down,unconfident up,confident up
2735,2735,unconfident down,unconfident down,confident up
2736,2736,confident up,unconfident up,unconfident up
2737,2737,unconfident up,unconfident up,unconfident up
2738,2738,unconfident down,confident up,confident up
2739,2739,unconfident down,unconfident up,unconfident up
2740,2740,unconfident down,unconfident down,unconfident down
2741,2741,confident up,unconfident up,confident up
2742,2742,confident up,unconfident down,confident up
2743,2743,confident up,confident up,unconfident up
2744,2744,unconfident up,unconfident up,confident up
2745,2745,confident up,confident up,confident up
2746,2746,confident up,confident up,unconfident down
2747,2747,unconfident up,confident up,confident up
2748,2748,confident up,confident up,confident up
2749,2749,confident up,confident up,confident up
2750,2750,confident up,unconfident up,unconfident down
2751,2751,confident up,unconfident up,confident up
2752,2752,unconfident up,unconfident up,confident up
2753,2753,confident down,unconfident down,confident down
2754,2754,unconfident down,unconfident up,unconfident down
2755,2755,unconfident up,unconfident down,unconfident up
2756,2756,confident up,unconfident down,unconfident up
2757,2757,confident down,unconfident up,unconfident up
2758,2758,confident up,confident up,unconfident up
2759,2759,unconfident up,confident up,confident up
2760,2760,unconfident down,confident down,confident down
2761,2761,unconfident down,unconfident up,unconfident up
2762,2762,unconfident up,unconfident up,unconfident down
2763,2763,confident down,unconfident up,confident up
2764,2764,confident up,confident up,confident up
2765,2765,unconfident down,unconfident down,confident down
2766,2766,unconfident up,unconfident up,confident up
2767,2767,confident up,confident up,confident up
2768,2768,unconfident up,unconfident down,unconfident up
2769,2769,unconfident down,confident down,unconfident down
2770,2770,unconfident down,unconfident down,confident up
2771,2771,unconfident up,unconfident up,confident up
2772,2772,confident up,confident down,confident down
2773,2773,confident up,unconfident up,unconfident down
2774,2774,unconfident up,unconfident down,unconfident up
2775,2775,unconfident down,unconfident down,unconfident up
2776,2776,confident up,unconfident up,unconfident down
2777,2777,confident up,unconfident up,unconfident down
2778,2778,unconfident up,confident up,unconfident down
2779,2779,unconfident up,unconfident up,confident down
2780,2780,confident down,unconfident up,unconfident up
2781,2781,unconfident down,unconfident up,unconfident up
2782,2782,unconfident down,confident up,unconfident up
2783,2783,unconfident up,unconfident up,unconfident up
2784,2784,confident up,confident up,unconfident up
2785,2785,confident up,confident up,confident up
2786,2786,unconfident down,confident up,unconfident up
2787,2787,confident up,confident up,confident up
2788,2788,unconfident up,unconfident down,confident up
2789,2789,unconfident down,unconfident down,confident down
2790,2790,unconfident down,confident up,unconfident up
2791,2791,unconfident up,confident up,unconfident up
2792,2792,unconfident up,unconfident down,unconfident down
2793,2793,unconfident up,unconfident up,unconfident up
2794,2794,confident up,unconfident up,unconfident down
2795,2795,confident up,confident up,unconfident down
2796,2796,unconfident up,unconfident up,unconfident down
2797,2797,confident up,unconfident down,unconfident up
2798,2798,confident up,confident up,confident up
2799,2799,confident up,confident up,unconfident up
2800,2800,unconfident down,unconfident up,confident up
2801,2801,unconfident down,unconfident up,unconfident up
2802,2802,unconfident up,unconfident up,unconfident up
2803,2803,unconfident down,unconfident up,unconfident down
2804,2804,unconfident down,unconfident down,unconfident up
2805,2805,confident down,confident up,unconfident up
2806,2806,confident up,confident up,unconfident up
2807,2807,unconfident up,confident up,unconfident up
2808,2808,confident up,unconfident up,unconfident down
2809,2809,confident up,confident up,confident up
2810,2810,unconfident up,unconfident up,confident down
2811,2811,confident up,unconfident up,unconfident down
2812,2812,confident up,unconfident down,confident up
2813,2813,confident up,confident up,confident up
2814,2814,unconfident up,confident up,confident up
2815,2815,confident up,unconfident down,unconfident down
2816,2816,unconfident up,confident up,confident up
2817,2817,unconfident down,unconfident up,unconfident up
2818,2818,confident up,unconfident down,unconfident up
2819,2819,unconfident down,unconfident down,unconfident down
2820,2820,unconfident down,unconfident up,confident up
2821,2821,confident up,confident up,unconfident up
2822,2822,unconfident up,confident up,confident down
2823,2823,unconfident down,confident down,confident down
2824,2824,unconfident down,unconfident down,confident down
2825,2825,unconfident down,unconfident down,confident down
2826,2826,confident up,unconfident down,unconfident down
2827,2827,confident down,unconfident down,confident down
2828,2828,unconfident down,unconfident up,unconfident up
2829,2829,confident up,confident down,unconfident down
2830,2830,confident up,unconfident down,unconfident down
2831,2831,unconfident up,confident up,confident up
2832,2832,unconfident down,unconfident up,confident up
2833,2833,confident up,confident up,confident up
2834,2834,unconfident up,unconfident up,confident up
2835,2835,unconfident up,confident down,unconfident up
2836,2836,confident up,confident up,confident up
2837,2837,confident up,unconfident up,confident up
2838,2838,confident up,confident up,unconfident up
2839,2839,unconfident down,unconfident down,unconfident down
2840,2840,unconfident down,confident down,confident down
2841,2841,confident up,confident up,unconfident up
2842,2842,confident up,unconfident up,confident up
2843,2843,confident up,unconfident up,confident up
2844,2844,unconfident down,unconfident down,unconfident up
2845,2845,unconfident down,confident up,confident up
2846,2846,confident up,confident up,unconfident up
2847,2847,confident up,unconfident down,confident up
2848,2848,unconfident up,confident down,unconfident up
2849,2849,unconfident up,confident up,unconfident down
2850,2850,unconfident up,unconfident up,unconfident up
2851,2851,unconfident up,confident up,unconfident up
2852,2852,confident up,confident up,confident up
2853,2853,confident up,unconfident down,confident up
2854,2854,confident up,unconfident down,unconfident down
2855,2855,unconfident up,confident up,confident up
2856,2856,unconfident up,confident up,confident up
2857,2857,unconfident down,unconfident up,unconfident down
2858,2858,unconfident up,unconfident up,confident down
2859,2859,unconfident up,confident down,unconfident up
2860,2860,confident up,confident up,confident up
2861,2861,unconfident up,confident up,unconfident up
2862,2862,confident up,unconfident up,confident up
2863,2863,unconfident down,confident up,confident up
2864,2864,unconfident up,unconfident up,unconfident up
2865,2865,confident up,unconfident down,unconfident up
2866,2866,confident down,confident down,unconfident up
2867,2867,confident up,confident down,confident up
2868,2868,unconfident up,confident up,unconfident up
2869,2869,confident up,unconfident up,confident down
2870,2870,unconfident down,confident up,unconfident up
2871,2871,unconfident up,confident up,confident up
2872,2872,unconfident up,unconfident up,unconfident down
2873,2873,unconfident up,unconfident up,unconfident down
2874,2874,unconfident up,unconfident up,confident up
2875,2875,unconfident up,confident up,confident up
2876,2876,unconfident down,confident down,confident down
2877,2877,unconfident up,unconfident up,confident down
2878,2878,confident up,unconfident up,unconfident up
2879,2879,unconfident up,unconfident up,confident up
2880,2880,confident up,confident up,unconfident up
2881,2881,unconfident down,confident up,unconfident up
2882,2882,unconfident up,confident up,confident up
2883,2883,unconfident up,unconfident up,unconfident up
2884,2884,confident up,confident up,confident up
2885,2885,confident up,unconfident up,unconfident down
2886,2886,confident up,confident up,confident up
2887,2887,unconfident up,unconfident up,unconfident down
2888,2888,confident up,confident up,unconfident up
2889,2889,confident up,confident up,unconfident up
2890,2890,unconfident down,unconfident up,confident up
2891,2891,confident down,confident up,unconfident up
2892,2892,unconfident up,confident up,unconfident down
2893,2893,unconfident down,unconfident down,unconfident down
2894,2894,unconfident up,unconfident down,unconfident down
2895,2895,confident up,unconfident up,unconfident up
2896,2896,confident up,confident up,unconfident up
2897,2897,confident up,unconfident down,unconfident up
2898,2898,unconfident up,unconfident up,confident up
2899,2899,confident up,unconfident up,unconfident up
2900,2900,unconfident up,unconfident down,unconfident down
2901,2901,unconfident up,unconfident up,confident up
2902,2902,confident up,confident up,unconfident up
2903,2903,confident up,confident up,confident up
2904,2904,unconfident down,confident down,confident up
2905,2905,confident up,confident up,confident up
2906,2906,confident down,unconfident down,unconfident down
2907,2907,unconfident down,unconfident up,unconfident up
2908,2908,unconfident down,confident up,confident down
2909,2909,unconfident up,confident up,confident down
2910,2910,unconfident up,confident down,unconfident up
2911,2911,confident up,unconfident up,confident up
2912,2912,unconfident up,unconfident up,confident up
2913,2913,confident up,unconfident up,unconfident up
2914,2914,confident up,confident down,unconfident down
2915,2915,confident up,confident up,unconfident down
2916,2916,unconfident up,unconfident up,unconfident up
2917,2917,unconfident up,unconfident up,unconfident up
2918,2918,confident up,unconfident down,confident up
2919,2919,unconfident down,unconfident down,unconfident up
2920,2920,confident up,confident up,unconfident up
2921,2921,unconfident up,unconfident up,unconfident down
2922,2922,confident up,confident up,unconfident down
2923,2923,confident up,unconfident up,unconfident up
2924,2924,confident up,confident up,confident up
2925,2925,unconfident up,confident up,confident up
2926,2926,confident up,unconfident up,unconfident up
2927,2927,unconfident up,confident up,confident up
2928,2928,unconfident up,unconfident up,confident up
2929,2929,confident up,unconfident up,unconfident down
2930,2930,unconfident down,unconfident down,unconfident up
2931,2931,unconfident down,confident up,confident up
2932,2932,confident up,confident up,confident up
2933,2933,confident up,unconfident up,unconfident down
2934,2934,confident up,unconfident up,confident up
2935,2935,unconfident down,confident up,unconfident up
2936,2936,unconfident down,unconfident up,unconfident down
2937,2937,confident up,confident up,confident up
2938,2938,confident up,unconfident down,unconfident up
2939,2939,unconfident down,unconfident down,unconfident up
2940,2940,confident down,confident up,unconfident down
2941,2941,confident up,unconfident up,unconfident up
2942,2942,unconfident up,confident down,unconfident down
2943,2943,confident up,unconfident down,unconfident down
2944,2944,unconfident down,unconfident up,unconfident down
2945,2945,confident down,unconfident down,confident down
2946,2946,unconfident down,unconfident down,unconfident down
2947,2947,unconfident up,unconfident up,unconfident up
2948,2948,unconfident up,unconfident up,unconfident up
2949,2949,confident up,unconfident up,unconfident up
2950,2950,confident up,confident up,unconfident up
2951,2951,confident up,unconfident up,confident up
2952,2952,unconfident down,unconfident down,unconfident up
2953,2953,unconfident down,unconfident down,unconfident up
2954,2954,unconfident up,unconfident up,unconfident down
2955,2955,unconfident up,unconfident up,unconfident up
2956,2956,unconfident down,confident up,unconfident down
2957,2957,unconfident up,unconfident down,confident up
2958,2958,confident up,confident up,confident up
2959,2959,confident up,unconfident up,confident up
2960,2960,unconfident up,unconfident up,unconfident down
2961,2961,confident up,unconfident down,confident up
2962,2962,unconfident down,unconfident up,unconfident down
2963,2963,confident up,unconfident down,confident up
2964,2964,unconfident up,unconfident up,unconfident up
2965,2965,confident up,unconfident up,confident up
2966,2966,confident up,unconfident up,unconfident up
2967,2967,unconfident up,unconfident up,unconfident down
2968,2968,unconfident down,unconfident down,confident down
2969,2969,unconfident down,unconfident up,confident down
2970,2970,unconfident down,unconfident down,confident up
2971,2971,unconfident down,unconfident up,unconfident up
2972,2972,unconfident up,unconfident up,unconfident up
2973,2973,unconfident down,unconfident down,confident up
2974,2974,unconfident down,unconfident up,confident up
2975,2975,unconfident down,unconfident up,unconfident up
2976,2976,confident up,unconfident up,unconfident up
2977,2977,unconfident up,unconfident up,unconfident up
2978,2978,confident up,confident down,unconfident down
2979,2979,unconfident up,confident up,confident up
2980,2980,confident up,confident up,unconfident down
2981,2981,unconfident down,unconfident down,confident up
2982,2982,unconfident up,unconfident down,unconfident up
2983,2983,confident up,unconfident down,unconfident up
2984,2984,unconfident up,unconfident down,unconfident up
2985,2985,unconfident down,unconfident down,unconfident down
2986,2986,confident down,unconfident down,unconfident down
2987,2987,confident up,unconfident up,confident up
2988,2988,confident up,confident up,confident up
2989,2989,confident up,confident up,confident up
2990,2990,unconfident up,unconfident down,confident up
2991,2991,unconfident down,unconfident up,confident up
2992,2992,unconfident up,unconfident up,unconfident up
2993,2993,unconfident down,unconfident up,confident up
2994,2994,unconfident up,unconfident up,unconfident up
2995,2995,confident up,unconfident up,confident up
2996,2996,confident up,unconfident up,confident up
2997,2997,unconfident down,unconfident down,confident up
2998,2998,confident up,confident up,unconfident up
2999,2999,confident up,unconfident up,unconfident up
3000,3000,unconfident up,unconfident up,confident up
3001,3001,confident up,unconfident up,unconfident up
3002,3002,unconfident up,confident up,unconfident down
3003,3003,confident up,unconfident up,confident down
3004,3004,confident down,unconfident down,unconfident down
3005,3005,unconfident up,unconfident down,unconfident up
3006,3006,confident up,unconfident up,confident up
3007,3007,unconfident down,unconfident down,unconfident down
3008,3008,confident up,unconfident down,unconfident up
3009,3009,confident up,confident up,confident up
3010,3010,confident up,unconfident up,unconfident up
3011,3011,unconfident up,confident up,confident up
3012,3012,unconfident up,unconfident down,confident down
3013,3013,unconfident down,unconfident down,unconfident down
3014,3014,unconfident down,confident up,confident up
3015,3015,unconfident up,unconfident up,unconfident up
3016,3016,unconfident up,confident up,unconfident down
3017,3017,unconfident up,unconfident up,unconfident up
3018,3018,unconfident up,unconfident down,confident up
3019,3019,confident down,unconfident down,confident down
3020,3020,unconfident up,confident up,confident up
3021,3021,unconfident up,confident up,confident up
3022,3022,confident up,unconfident up,unconfident up
3023,3023,unconfident up,unconfident down,unconfident up
3024,3024,confident up,confident up,unconfident down
3025,3025,confident up,unconfident up,unconfident down
3026,3026,confident up,unconfident up,confident up
3027,3027,confident up,confident up,confident up
3028,3028,unconfident down,confident up,unconfident up
3029,3029,unconfident up,confident up,unconfident down
3030,3030,confident up,unconfident up,unconfident up
3031,3031,confident up,unconfident up,confident up
3032,3032,unconfident up.,unconfident down,unconfident down
3033,3033,confident down,unconfident down,confident down
3034,3034,unconfident up,unconfident down,unconfident up
3035,3035,confident up,unconfident up,confident down
3036,3036,unconfident down,unconfident down,unconfident down
3037,3037,confident up,unconfident up,unconfident down
3038,3038,confident up,confident up,confident up
3039,3039,confident up,confident up,unconfident down
3040,3040,unconfident up,confident up,confident up
3041,3041,confident down,unconfident down,unconfident down
3042,3042,unconfident up,unconfident up,unconfident down
3043,3043,unconfident up,unconfident down,unconfident down
3044,3044,unconfident up,unconfident down,unconfident up
3045,3045,confident down,confident down,unconfident down
3046,3046,unconfident up,unconfident up,unconfident down
3047,3047,unconfident up,unconfident up,confident up
3048,3048,confident up,confident up,confident up
3049,3049,confident up,unconfident up,confident up
3050,3050,unconfident up,unconfident up,unconfident up
3051,3051,unconfident up,unconfident up,unconfident down
3052,3052,confident down,unconfident down,unconfident down
3053,3053,confident up,unconfident down,unconfident up
3054,3054,unconfident up,unconfident down,unconfident down
3055,3055,unconfident up,confident down,unconfident up
3056,3056,unconfident up,unconfident up,unconfident up
3057,3057,unconfident down,confident up,confident up
3058,3058,confident down,unconfident down,unconfident down
3059,3059,unconfident down,confident up,unconfident up
3060,3060,unconfident up,confident up,unconfident up
3061,3061,confident up,confident down,unconfident up
3062,3062,unconfident down,unconfident down,unconfident down
3063,3063,confident up,confident up,confident up
3064,3064,unconfident up,confident up,confident up
3065,3065,unconfident down,confident down,confident up
3066,3066,confident up,unconfident down,unconfident up
3067,3067,confident up,confident up,confident up
3068,3068,confident up,confident down,unconfident down
3069,3069,unconfident down,confident up,confident up
3070,3070,confident up,unconfident down,confident up
3071,3071,unconfident down,unconfident down,confident down
3072,3072,confident down,unconfident down,unconfident down
3073,3073,confident up,confident up,unconfident up
3074,3074,unconfident up,confident up,confident up
3075,3075,confident down,unconfident up,unconfident down
3076,3076,unconfident down,confident up,confident down
3077,3077,confident down,confident down,unconfident up
3078,3078,unconfident up,unconfident up,unconfident up
3079,3079,confident down,confident down,unconfident up
3080,3080,unconfident up,unconfident down,confident up
3081,3081,confident up,confident up,unconfident down
3082,3082,confident down,unconfident down,unconfident down
3083,3083,confident up,unconfident up,confident up
3084,3084,unconfident down,unconfident down,confident up
3085,3085,unconfident down,unconfident down,confident down
3086,3086,unconfident up,unconfident up,confident down
3087,3087,confident down,unconfident up,unconfident up
3088,3088,unconfident down,unconfident up,unconfident up
3089,3089,unconfident up,unconfident down,confident up
3090,3090,confident up,unconfident down,confident up
3091,3091,unconfident up,unconfident up,confident up
3092,3092,unconfident down,unconfident up,confident up
3093,3093,confident down,unconfident down,unconfident up
3094,3094,confident down,unconfident down,unconfident down
3095,3095,confident up,unconfident up,unconfident up
3096,3096,unconfident up,confident up,confident down
3097,3097,unconfident down,confident up,confident down
3098,3098,unconfident down,unconfident down,confident down
3099,3099,unconfident up,unconfident up,unconfident up
3100,3100,unconfident up,unconfident up,unconfident up
3101,3101,confident up,unconfident down,unconfident down
3102,3102,unconfident up,confident up,confident up
3103,3103,confident up,confident up,confident up
3104,3104,confident up,unconfident up,confident up
3105,3105,confident up,confident up,confident up
3106,3106,confident up,confident up,confident up
3107,3107,unconfident up,unconfident down,confident down
3108,3108,confident up,confident up,unconfident up
3109,3109,confident up,unconfident down,unconfident up
3110,3110,confident up,confident up,unconfident up
3111,3111,confident up,unconfident up,confident up
3112,3112,confident up,confident up,unconfident up
3113,3113,confident up,unconfident up,unconfident up
3114,3114,unconfident up,unconfident up,unconfident down
3115,3115,unconfident up,unconfident up,unconfident up
3116,3116,unconfident down,unconfident down,unconfident down
3117,3117,unconfident up,unconfident up,confident up
3118,3118,unconfident down,confident up,confident up
3119,3119,confident up,confident up,confident up
3120,3120,unconfident up,confident down,confident down
3121,3121,unconfident down,unconfident down,unconfident down
3122,3122,confident up,unconfident up,unconfident up
3123,3123,unconfident up,confident up,confident up
3124,3124,confident up,confident up,confident up
3125,3125,unconfident up,unconfident up,unconfident down
3126,3126,unconfident down,confident up,unconfident down
3127,3127,unconfident down,confident up,unconfident down
3128,3128,unconfident up,confident up,unconfident up
3129,3129,unconfident up,confident up,confident up
3130,3130,unconfident down,unconfident down,unconfident down
3131,3131,unconfident up,unconfident down,unconfident up
3132,3132,unconfident up,confident down,confident up
3133,3133,unconfident up,confident up,confident up
3134,3134,unconfident down,unconfident up,unconfident down
3135,3135,unconfident down,confident up,confident up
3136,3136,confident up,confident up,unconfident up
3137,3137,confident up,unconfident up,confident down
3138,3138,unconfident up,unconfident up,unconfident down
3139,3139,unconfident up,confident up,confident up
3140,3140,confident up,confident up,unconfident down
3141,3141,unconfident up,confident up,unconfident up
3142,3142,confident up,confident up,confident up
3143,3143,unconfident down,unconfident down,unconfident down
3144,3144,confident up,unconfident up,unconfident down
3145,3145,unconfident down,confident up,confident up
3146,3146,unconfident down,unconfident down,unconfident down
3147,3147,unconfident up,confident up,unconfident down
3148,3148,unconfident down,confident up,confident down
3149,3149,unconfident down,confident down,confident down
3150,3150,confident up,confident up,confident up
3151,3151,unconfident up,unconfident up,unconfident down
3152,3152,unconfident down,confident up,unconfident up
3153,3153,confident down,unconfident down,unconfident down
3154,3154,confident up,confident up,unconfident down
3155,3155,confident up,confident up,unconfident up
3156,3156,confident down,unconfident up,unconfident down
3157,3157,unconfident down,unconfident down,confident up
3158,3158,confident up,unconfident down,unconfident down
3159,3159,unconfident down,confident up,unconfident up
3160,3160,confident down,unconfident down,confident up
3161,3161,confident up,unconfident up,unconfident up
3162,3162,unconfident down,unconfident up,confident up
3163,3163,confident up,unconfident down,confident up
3164,3164,confident up,confident up,confident up
3165,3165,unconfident up,unconfident up,unconfident up
3166,3166,unconfident down,unconfident up,unconfident down
3167,3167,confident up,confident up,confident up
3168,3168,unconfident up,confident up,confident down
3169,3169,unconfident up,unconfident up,confident up
3170,3170,confident down,unconfident down,confident down
3171,3171,confident up,unconfident down,confident up
3172,3172,confident up,confident up,unconfident down
3173,3173,confident up,unconfident down,unconfident up
3174,3174,confident up,confident up,confident up
3175,3175,unconfident down,unconfident up,unconfident down
3176,3176,unconfident up,unconfident down,confident up
3177,3177,confident up,unconfident up,confident up
3178,3178,unconfident down,confident up,unconfident down
3179,3179,unconfident up,unconfident up,unconfident up
3180,3180,confident up,unconfident up,unconfident up
3181,3181,confident up,confident up,unconfident up
3182,3182,confident up,confident up,confident up
3183,3183,unconfident up,unconfident up,unconfident down
3184,3184,unconfident down,unconfident down,unconfident down
3185,3185,unconfident up,confident up,unconfident up
3186,3186,confident up,confident up,unconfident up
3187,3187,unconfident up,unconfident up,unconfident up
3188,3188,unconfident down,confident down,unconfident down
3189,3189,unconfident down,confident up,unconfident down
3190,3190,unconfident up,unconfident down,unconfident up
3191,3191,confident up,confident up,unconfident up
3192,3192,confident up,confident up,confident up
3193,3193,unconfident down,unconfident up,unconfident up
3194,3194,confident up,confident up,confident up
3195,3195,unconfident up,unconfident down,confident up
3196,3196,unconfident up,confident up,unconfident up
3197,3197,confident up,unconfident up,unconfident up
3198,3198,unconfident up,unconfident down,unconfident down
3199,3199,confident up,unconfident up,unconfident up
3200,3200,"unconfident down 

",confident up,unconfident up
3201,3201,unconfident up,unconfident up,unconfident down
3202,3202,unconfident down,confident up,unconfident up
3203,3203,unconfident down,unconfident up,unconfident up
3204,3204,unconfident up,unconfident up,confident down
3205,3205,unconfident down,unconfident down,confident up
3206,3206,unconfident up,confident up,unconfident up
3207,3207,confident up,confident down,unconfident up
3208,3208,confident up,confident up,confident up
3209,3209,confident up,confident up,confident up
3210,3210,unconfident up,confident down,confident down
3211,3211,confident up,confident up,confident up
3212,3212,unconfident down,unconfident down,unconfident down
3213,3213,confident up,confident up,unconfident up
3214,3214,unconfident up,confident up,unconfident up
3215,3215,unconfident up,confident up,unconfident up
3216,3216,confident up,confident up,unconfident down
3217,3217,confident up,confident up,unconfident up
3218,3218,confident up,confident up,unconfident up
3219,3219,confident up,confident up,unconfident up
3220,3220,confident up,unconfident up,unconfident up
3221,3221,unconfident up,confident up,unconfident down
3222,3222,unconfident down,unconfident down,confident up
3223,3223,unconfident down,unconfident up,unconfident down
3224,3224,confident up,confident up,unconfident up
3225,3225,unconfident up,unconfident up,confident up
3226,3226,confident down,unconfident up,unconfident up
3227,3227,unconfident up,confident up,confident up
3228,3228,confident up,unconfident up,unconfident up
3229,3229,unconfident up,unconfident up,unconfident up
3230,3230,unconfident down,confident up,unconfident down
3231,3231,confident up,confident up,confident up
3232,3232,confident up,unconfident up,unconfident up
3233,3233,unconfident down,unconfident up,confident up
3234,3234,confident up,confident up,confident up
3235,3235,unconfident up,unconfident up,unconfident up
3236,3236,unconfident up,unconfident up,unconfident up
3237,3237,unconfident up,unconfident up,unconfident down
3238,3238,unconfident up,unconfident down,unconfident up
3239,3239,unconfident up,unconfident up,unconfident down
3240,3240,unconfident up,confident up,confident up
3241,3241,confident up,confident up,confident up
3242,3242,unconfident up,confident up,unconfident up
3243,3243,unconfident up,unconfident down,confident up
3244,3244,confident up,unconfident up,confident up
3245,3245,confident up,unconfident up,confident up
3246,3246,unconfident down,"unconfident up 

",unconfident down
3247,3247,confident up,confident up,confident up
3248,3248,unconfident down,confident up,confident up
3249,3249,unconfident up,unconfident up.,unconfident up
3250,3250,unconfident up,unconfident up,unconfident up
3251,3251,unconfident up,unconfident down,unconfident up
3252,3252,unconfident down,confident up,confident down
3253,3253,unconfident down,unconfident down,unconfident up
3254,3254,confident up,Based on the earnings call,"Based on the transcript,"
3255,3255,confident up,unconfident up,confident up
3256,3256,confident down,unconfident down,confident up
3257,3257,unconfident down,confident down,unconfident up
3258,3258,unconfident up,unconfident down,unconfident up
3259,3259,unconfident down,confident up,unconfident up
3260,3260,unconfident up,unconfident up,unconfident up
3261,3261,unconfident up,unconfident up,confident up
3262,3262,confident up,confident up,confident up
3263,3263,unconfident up,unconfident up,unconfident up
3264,3264,confident up,confident up,confident up
3265,3265,confident up,confident up,confident up
3266,3266,confident down,unconfident up,unconfident down
3267,3267,unconfident down,unconfident up,confident down
3268,3268,confident down,confident up,unconfident down
3269,3269,unconfident down,unconfident up,unconfident up
3270,3270,unconfident up,confident up,confident up
3271,3271,confident up,unconfident down,confident up
3272,3272,unconfident up,unconfident up,unconfident up
3273,3273,unconfident up,unconfident up,unconfident down
3274,3274,confident up,unconfident down,confident up
3275,3275,confident down,unconfident up,unconfident down
3276,3276,confident up,confident up,confident up
3277,3277,unconfident up,confident up,unconfident down
3278,3278,confident up,unconfident up,confident up
3279,3279,confident up,unconfident down,confident up
3280,3280,confident down,unconfident down,unconfident down
3281,3281,unconfident up,unconfident up,unconfident up
3282,3282,confident up,confident up,confident up
3283,3283,confident up,unconfident up,unconfident up
3284,3284,confident up,unconfident up,unconfident up
3285,3285,unconfident down,unconfident down,unconfident down
3286,3286,confident up,unconfident down,unconfident down
3287,3287,confident up,confident up,confident up
3288,3288,confident down,confident down,unconfident down
3289,3289,confident up,confident up,confident up
3290,3290,unconfident up,confident up,confident up
3291,3291,confident up,unconfident up,confident up
3292,3292,unconfident up,unconfident down,unconfident down
3293,3293,confident up,confident up,confident up
3294,3294,confident up,confident up,unconfident up
3295,3295,unconfident up,unconfident up,unconfident up
3296,3296,confident up,unconfident up,unconfident up
3297,3297,unconfident up,confident up,confident up
3298,3298,confident up,confident up,unconfident up
3299,3299,unconfident up,confident up,confident up
3300,3300,confident up,unconfident up,unconfident up
3301,3301,confident up,confident up,unconfident down
3302,3302,unconfident up,unconfident up,unconfident up
3303,3303,unconfident up,unconfident up,confident up
3304,3304,unconfident up,unconfident up,unconfident down
3305,3305,confident up,unconfident up,confident up
3306,3306,confident down,confident down,confident up
3307,3307,confident up,unconfident up,confident up
3308,3308,unconfident up,unconfident down,confident up
3309,3309,unconfident up,confident up,confident up
3310,3310,unconfident up,unconfident down,unconfident up
3311,3311,unconfident down,confident up,unconfident up
3312,3312,unconfident up,confident up,unconfident up
3313,3313,unconfident down,unconfident down,unconfident down
3314,3314,confident up,confident up,unconfident up
3315,3315,unconfident up,confident up,unconfident up
3316,3316,confident up,unconfident up,unconfident up
3317,3317,confident up,confident up,confident up
3318,3318,unconfident down,unconfident down,unconfident down
3319,3319,unconfident up,unconfident down,confident up
3320,3320,unconfident up,unconfident up,unconfident up
3321,3321,confident up,confident up,confident up
3322,3322,confident up,confident up,confident up
3323,3323,confident up,confident up,confident up
3324,3324,unconfident down,unconfident down,unconfident down
3325,3325,confident up,confident up,unconfident up
3326,3326,confident down,confident down,unconfident down
3327,3327,confident up,confident up,unconfident down
3328,3328,unconfident up,unconfident up,confident up
3329,3329,unconfident down,confident up,unconfident down
3330,3330,unconfident up,unconfident up,unconfident down
3331,3331,unconfident up,confident up,confident up
3332,3332,confident up,confident down,confident down
3333,3333,confident up,unconfident down,unconfident down
3334,3334,unconfident down,confident up,confident up
3335,3335,confident up,unconfident up,confident up
3336,3336,unconfident down,unconfident down,unconfident down
3337,3337,unconfident up,unconfident down,unconfident down
3338,3338,unconfident down,unconfident down,unconfident down
3339,3339,confident up,confident up,confident up
3340,3340,unconfident down,unconfident down,unconfident up
3341,3341,confident up,unconfident up,confident up
3342,3342,confident up,confident up,confident down
3343,3343,unconfident up,confident up,confident up
3344,3344,unconfident up,unconfident up,confident up
3345,3345,confident up,confident up,unconfident up
3346,3346,confident up,confident up,unconfident up
3347,3347,confident up,unconfident down,unconfident up
3348,3348,unconfident up,unconfident down,confident up
3349,3349,unconfident up,unconfident up,confident up
3350,3350,confident up,confident up,unconfident up
3351,3351,unconfident up,unconfident up,unconfident up
3352,3352,confident up,unconfident down,confident up
3353,3353,unconfident up,unconfident down,unconfident up
3354,3354,unconfident up,unconfident up,confident up
3355,3355,confident up,confident up,confident up
3356,3356,unconfident up,confident up,unconfident up
3357,3357,unconfident down,unconfident up,confident up
3358,3358,confident up,confident up,unconfident up
3359,3359,confident up,unconfident up,unconfident up
3360,3360,confident down,confident up,confident up
3361,3361,confident up,unconfident down,confident down
3362,3362,unconfident down,confident up,confident up
3363,3363,unconfident down,confident up,unconfident down
3364,3364,unconfident up,confident up,confident up
3365,3365,confident up,unconfident up,unconfident up
3366,3366,unconfident up,confident up,confident up
3367,3367,unconfident up,unconfident up,confident up
3368,3368,confident down,confident down,unconfident down
3369,3369,unconfident up,unconfident up,unconfident up
3370,3370,confident up,confident up,confident up
3371,3371,confident down,unconfident up,unconfident down
3372,3372,confident up,unconfident up,confident up
3373,3373,confident up,unconfident up,confident up
3374,3374,unconfident down,confident up,confident down
3375,3375,confident up,unconfident up,confident up
3376,3376,confident up,unconfident down,unconfident up
3377,3377,confident up,unconfident up,unconfident down
3378,3378,unconfident up,unconfident up,unconfident down
3379,3379,unconfident down,unconfident down,confident up
3380,3380,unconfident down,confident down,confident up
3381,3381,confident up,confident up,unconfident up
3382,3382,confident up,unconfident up,confident up
3383,3383,confident down,confident down,unconfident down
3384,3384,confident up,unconfident down,unconfident up
3385,3385,unconfident down,unconfident down,unconfident up
3386,3386,unconfident up,confident up,unconfident up
3387,3387,unconfident down,unconfident down,unconfident down
3388,3388,confident up,confident up,unconfident down
3389,3389,unconfident down,unconfident down,confident down
3390,3390,unconfident up,confident up,confident down
3391,3391,confident up,confident up,confident up
3392,3392,confident up,unconfident up,unconfident up
3393,3393,unconfident up,unconfident up,confident up
3394,3394,unconfident down,confident up,unconfident up
3395,3395,unconfident up,confident up,confident up
3396,3396,confident up,confident up,confident up
3397,3397,unconfident up,confident up,confident up
3398,3398,confident up,confident up,confident up
3399,3399,confident up,confident up,unconfident up
3400,3400,unconfident down,confident up,confident up
3401,3401,unconfident down,confident up,confident up
3402,3402,unconfident up,unconfident up,confident up
3403,3403,unconfident up,unconfident up,confident up
3404,3404,confident up,confident up,confident up
3405,3405,unconfident up,unconfident up,unconfident up
3406,3406,unconfident down,confident up,unconfident down
3407,3407,unconfident down,unconfident down,unconfident up
3408,3408,confident up,unconfident up,confident up
3409,3409,confident up,confident up,unconfident up
3410,3410,confident up,confident up,confident up
3411,3411,confident up,confident up,unconfident down
3412,3412,confident up,confident up,confident up
3413,3413,unconfident up,unconfident up,unconfident up
3414,3414,confident up,confident up,confident up
3415,3415,confident up,confident up,unconfident up
3416,3416,unconfident up,confident up,unconfident up
3417,3417,unconfident up,unconfident up,unconfident down
3418,3418,confident down,unconfident down,unconfident down
3419,3419,confident up,unconfident down,unconfident up
3420,3420,confident up,unconfident down,unconfident up
3421,3421,unconfident down,unconfident up,confident up
3422,3422,confident up,confident up,confident up
3423,3423,unconfident down,unconfident up,unconfident up
3424,3424,confident up,confident up,unconfident up
3425,3425,unconfident up,confident up,unconfident down
3426,3426,unconfident up,unconfident up,unconfident up
3427,3427,confident up,unconfident down,confident up
3428,3428,unconfident down,unconfident down,confident down
3429,3429,unconfident down,unconfident down,unconfident down
3430,3430,confident up,confident up,confident up
3431,3431,confident up,confident up,confident up
3432,3432,confident down,unconfident down,unconfident down
3433,3433,confident up,confident up,unconfident up
3434,3434,unconfident down,confident up,unconfident up
3435,3435,unconfident down,confident down,unconfident down
3436,3436,unconfident up,unconfident up,confident up
3437,3437,unconfident up,confident up,unconfident up
3438,3438,confident down,unconfident up,unconfident up
3439,3439,unconfident up,unconfident up,confident up
3440,3440,confident up,unconfident down,confident up
3441,3441,confident up,unconfident up,unconfident down
3442,3442,unconfident up,unconfident up,unconfident up
3443,3443,confident up,confident up,unconfident up
3444,3444,confident up,confident up,confident up
3445,3445,confident up,unconfident down,unconfident up
3446,3446,confident down,unconfident up,confident down
3447,3447,confident up,confident up,unconfident down
3448,3448,confident up,unconfident down,unconfident up
3449,3449,unconfident up,unconfident down,unconfident down
3450,3450,confident up,confident up,confident up
3451,3451,unconfident down,unconfident up,unconfident down
3452,3452,unconfident down,unconfident down,unconfident up
3453,3453,unconfident up,unconfident down,unconfident down
3454,3454,confident down,unconfident down,unconfident down
3455,3455,unconfident up,confident up,unconfident up
3456,3456,confident up,confident up,confident up
3457,3457,unconfident up,unconfident up,confident up
3458,3458,unconfident down,unconfident down,unconfident down
3459,3459,confident up,unconfident up,unconfident up
3460,3460,unconfident up,confident up,confident up
3461,3461,unconfident up,confident up,unconfident up
3462,3462,unconfident down,unconfident up,unconfident up
3463,3463,confident up,unconfident up,unconfident down
3464,3464,unconfident up,unconfident up,confident up
3465,3465,unconfident down,unconfident up,confident up
3466,3466,unconfident down,unconfident up,unconfident up
3467,3467,confident down,unconfident down,unconfident down
3468,3468,unconfident up,confident up,confident up
3469,3469,unconfident down,confident up,unconfident down
3470,3470,unconfident up,unconfident up,unconfident up
3471,3471,confident up,confident up,unconfident down
3472,3472,confident up,confident up,confident up
3473,3473,unconfident down,unconfident up,unconfident down
3474,3474,confident down,confident up,unconfident up
3475,3475,"unconfident down

",unconfident down,unconfident up
3476,3476,confident up,unconfident up,confident up
3477,3477,confident up,confident up,confident up
3478,3478,confident up,confident up,confident up
3479,3479,confident up,unconfident up,confident up
3480,3480,confident up,confident up,confident up
3481,3481,unconfident up,confident up,confident up
3482,3482,unconfident up,unconfident up,confident up
3483,3483,confident up,confident down,unconfident down
3484,3484,unconfident up,unconfident up,confident down
3485,3485,unconfident down,confident up,confident up
3486,3486,confident up,unconfident up,confident up
3487,3487,confident down,unconfident up,unconfident down
3488,3488,unconfident down,confident down,unconfident down
3489,3489,unconfident up,unconfident up,unconfident up
3490,3490,unconfident up,unconfident down,confident up
3491,3491,unconfident up,unconfident up,confident up
3492,3492,unconfident up,unconfident up,unconfident down
3493,3493,confident up,unconfident down,confident up
3494,3494,unconfident down,confident up,confident up
3495,3495,unconfident down,unconfident down,unconfident down
3496,3496,confident up,confident up,confident up
3497,3497,confident up,unconfident up,unconfident down
3498,3498,confident up,confident up,unconfident up
3499,3499,unconfident up,unconfident up,confident up
3500,3500,confident up,confident up,confident down
3501,3501,unconfident up,confident up,unconfident down
3502,3502,confident down,confident up,confident up
3503,3503,unconfident down,unconfident down,unconfident down
3504,3504,unconfident up,unconfident up,unconfident down
3505,3505,unconfident down,unconfident down,unconfident down
3506,3506,unconfident up,unconfident up,unconfident up
3507,3507,unconfident down,unconfident up,confident down
3508,3508,confident up,confident up,confident up
3509,3509,confident up,confident up,unconfident up
3510,3510,unconfident down,unconfident down,unconfident up
3511,3511,confident up,confident up,unconfident up
3512,3512,confident up,unconfident up,confident up
3513,3513,confident up,unconfident down,"unconfident up 

"
3514,3514,confident up,unconfident down,unconfident up
3515,3515,unconfident up,unconfident down,unconfident down
3516,3516,confident down,unconfident down,unconfident up
3517,3517,unconfident up,confident up,confident up
3518,3518,unconfident down,confident up,confident up
3519,3519,unconfident down,unconfident up,unconfident down
3520,3520,confident up,unconfident down,confident up
3521,3521,unconfident down,unconfident up,confident up
3522,3522,confident up,unconfident up,confident up
3523,3523,unconfident up,confident up,confident up
3524,3524,unconfident up,unconfident down,unconfident down
3525,3525,unconfident up,unconfident down,unconfident down
3526,3526,unconfident down,confident up,unconfident up
3527,3527,unconfident up,unconfident up,unconfident up
3528,3528,unconfident up,confident up,unconfident up
3529,3529,unconfident up,confident up,unconfident down
3530,3530,unconfident up,unconfident up,confident up
3531,3531,confident up,confident up,unconfident up
3532,3532,unconfident up,confident up,unconfident down
3533,3533,unconfident down,unconfident down,unconfident up
3534,3534,unconfident up,unconfident down,unconfident up
3535,3535,unconfident up,confident up,unconfident up
3536,3536,unconfident down,unconfident up,unconfident up
3537,3537,unconfident up,unconfident down,confident up
3538,3538,unconfident down,confident up,confident up
3539,3539,confident up,unconfident down,unconfident down
3540,3540,unconfident up,unconfident up,unconfident up
3541,3541,confident up,confident up,unconfident up
3542,3542,confident up,unconfident up,unconfident up
3543,3543,unconfident down,unconfident down,confident down
3544,3544,unconfident up,unconfident up,unconfident down
3545,3545,unconfident down,unconfident down,unconfident down
3546,3546,confident up,unconfident up,unconfident up
3547,3547,unconfident up,unconfident up,unconfident up
3548,3548,unconfident down,unconfident down,unconfident down
3549,3549,unconfident up,unconfident up,unconfident up
3550,3550,unconfident up,confident up,confident up
3551,3551,unconfident down,unconfident up,unconfident down
3552,3552,unconfident down,unconfident down,unconfident down
3553,3553,unconfident down,unconfident down,unconfident down
3554,3554,unconfident down,unconfident up,unconfident up
3555,3555,confident up,unconfident up,confident up
3556,3556,confident up,unconfident up,unconfident down
3557,3557,confident up,unconfident up,confident up
3558,3558,unconfident up,unconfident up,unconfident up
3559,3559,confident up,unconfident up,confident up
3560,3560,confident up,unconfident down,unconfident up
3561,3561,unconfident down,confident up,unconfident down
3562,3562,unconfident up,unconfident up,confident up
3563,3563,unconfident up,confident up,confident up
3564,3564,unconfident up,confident up,unconfident up
3565,3565,unconfident up,confident up,confident up
3566,3566,confident up,unconfident up,unconfident down
3567,3567,unconfident up,confident up,confident up
3568,3568,confident up,unconfident down,confident up
3569,3569,unconfident up,unconfident up,unconfident down
3570,3570,unconfident up,confident up,unconfident up
3571,3571,confident up,confident up,unconfident up
3572,3572,confident up,unconfident down,unconfident up
3573,3573,unconfident up,unconfident down,unconfident up
3574,3574,confident up,confident up,unconfident up
3575,3575,unconfident up,unconfident up,unconfident up
3576,3576,confident up,confident up,confident up
3577,3577,unconfident up,confident up,unconfident up
3578,3578,confident up,unconfident up,unconfident up
3579,3579,unconfident down,confident down,unconfident up
3580,3580,confident up,confident up,confident up
3581,3581,unconfident up,confident up,unconfident up
3582,3582,unconfident up,unconfident up,confident up
3583,3583,unconfident down,unconfident up,unconfident up
3584,3584,confident down,confident down,unconfident down
3585,3585,confident up,confident up,confident up
3586,3586,unconfident down,unconfident up,unconfident down
3587,3587,confident up,confident up,unconfident down
3588,3588,unconfident up,unconfident down,unconfident up
3589,3589,unconfident up,confident up,unconfident up
3590,3590,unconfident up,unconfident down,confident up
3591,3591,confident up,confident up,unconfident up
3592,3592,unconfident up,unconfident up,unconfident up
3593,3593,confident up,confident up,confident up
3594,3594,confident up,confident up,confident up
3595,3595,confident down,unconfident down,confident up
3596,3596,confident up,unconfident down,confident up
3597,3597,unconfident down,confident up,confident up
3598,3598,unconfident down,unconfident up,unconfident up
3599,3599,confident up,confident up,confident up
3600,3600,unconfident down,unconfident up,unconfident up
3601,3601,confident up,unconfident up,unconfident up
3602,3602,unconfident up,unconfident down,unconfident up
3603,3603,unconfident up,unconfident up,confident up
3604,3604,confident up,unconfident up,unconfident up
3605,3605,unconfident down,unconfident down,unconfident up
3606,3606,confident up,unconfident up,confident up
3607,3607,confident up,confident up,confident up
3608,3608,unconfident up,confident up,unconfident down
3609,3609,confident up,unconfident down,confident down
3610,3610,unconfident down,unconfident down,unconfident down
3611,3611,unconfident up,unconfident up,confident up
3612,3612,confident down,confident up,confident up
3613,3613,unconfident up,unconfident up,unconfident down
3614,3614,unconfident up,unconfident down,confident up
3615,3615,unconfident up,confident up,unconfident up
3616,3616,unconfident down,unconfident up,confident down
3617,3617,confident up,unconfident up,unconfident up
3618,3618,confident up,unconfident up,confident up
3619,3619,unconfident down,unconfident up,unconfident up
3620,3620,unconfident down,unconfident down,unconfident up
3621,3621,confident up,unconfident up,confident up
3622,3622,confident up,confident up,unconfident up
3623,3623,unconfident up,confident up,confident up
3624,3624,unconfident down,unconfident down,unconfident down
3625,3625,unconfident up,confident up,unconfident up
3626,3626,confident up,confident up,confident up
3627,3627,unconfident up,unconfident up,unconfident up
3628,3628,unconfident down,unconfident down,confident down
3629,3629,confident up,confident up,confident up
3630,3630,confident up,confident up,unconfident down
3631,3631,confident up,confident up,confident up
3632,3632,confident up,confident up,confident up
3633,3633,confident up,confident up,unconfident up
3634,3634,unconfident down,unconfident up,confident up
3635,3635,unconfident up,confident up,unconfident down
3636,3636,unconfident up,unconfident up,confident up
3637,3637,unconfident up,confident up,confident up
3638,3638,unconfident up,unconfident down,confident up
3639,3639,unconfident up,unconfident down,unconfident down
3640,3640,confident up,confident up,unconfident down
3641,3641,confident up,unconfident up,unconfident up
3642,3642,confident up,confident up,confident up
3643,3643,unconfident down,unconfident down,unconfident up
3644,3644,unconfident down,unconfident down,confident up
3645,3645,confident up,confident up,confident up
3646,3646,unconfident down,unconfident down,confident up
3647,3647,confident up,unconfident up,unconfident up
3648,3648,unconfident up,unconfident up,confident up
3649,3649,confident up,confident up,confident up
3650,3650,unconfident up,confident up,confident up
3651,3651,unconfident up,unconfident down,unconfident down
3652,3652,confident up,confident up,confident up
3653,3653,unconfident down,unconfident up,unconfident up
3654,3654,unconfident down,unconfident up,confident up
3655,3655,confident up,confident up,confident up
3656,3656,unconfident up,confident up,confident up
3657,3657,unconfident up,confident up,unconfident up
3658,3658,unconfident up,unconfident down,unconfident down
3659,3659,confident up,unconfident down,unconfident up
3660,3660,unconfident up,unconfident down,unconfident up
3661,3661,confident up,confident up,confident up
3662,3662,unconfident down,unconfident up,confident up
3663,3663,confident up,unconfident up,unconfident up
3664,3664,confident up,confident up,confident up
3665,3665,unconfident up,confident up,unconfident down
3666,3666,unconfident down,unconfident down,confident up
3667,3667,unconfident down,unconfident up,unconfident down
3668,3668,confident up,confident up,unconfident up
3669,3669,unconfident up,unconfident down,unconfident down
3670,3670,confident up,unconfident up,confident up
3671,3671,unconfident up,confident up,confident up
3672,3672,unconfident down,confident up,unconfident down
3673,3673,unconfident up,unconfident down,unconfident down
3674,3674,unconfident down,unconfident down,unconfident up
3675,3675,unconfident up,unconfident up,unconfident up
3676,3676,unconfident up,unconfident up,unconfident up
3677,3677,confident up,confident up,confident up
3678,3678,confident up,unconfident up,confident up
3679,3679,confident up,unconfident up,unconfident up
3680,3680,unconfident up,unconfident up,confident up
3681,3681,unconfident up,unconfident up,unconfident down
3682,3682,unconfident down,confident up,confident up
3683,3683,unconfident down,confident up,unconfident down
3684,3684,unconfident down,confident up,unconfident down
3685,3685,unconfident up,unconfident up,confident up
3686,3686,confident up,confident down,confident up
3687,3687,confident up,unconfident up,unconfident down
3688,3688,unconfident down,confident down,unconfident up
3689,3689,confident up,confident up,unconfident up
3690,3690,confident up,confident up,confident up
3691,3691,unconfident up,unconfident up,unconfident up
3692,3692,confident up,unconfident down,unconfident up
3693,3693,confident up,unconfident down,unconfident down
3694,3694,confident up,unconfident up,confident up
3695,3695,unconfident down,unconfident down,unconfident down
3696,3696,unconfident up,confident up,confident up
3697,3697,confident up,confident up,confident up
3698,3698,confident up,confident up,unconfident up
3699,3699,confident up,confident up,confident up
3700,3700,unconfident down,confident up,confident up
3701,3701,unconfident down,confident down,unconfident down
3702,3702,unconfident up,unconfident up,unconfident up
3703,3703,unconfident down,unconfident up,confident up
3704,3704,unconfident up,unconfident down,unconfident down
3705,3705,confident up,unconfident down,unconfident up
3706,3706,unconfident up,confident up,confident up
3707,3707,unconfident up,confident up,confident up
3708,3708,confident up,confident up,unconfident up
3709,3709,confident up,unconfident down,confident up
3710,3710,unconfident up,unconfident up,confident up
3711,3711,confident up,confident up,confident up
3712,3712,unconfident up,confident up,confident up
3713,3713,confident up,unconfident up,confident up
3714,3714,confident up,confident up,unconfident up
3715,3715,confident up,confident up,unconfident up
3716,3716,confident up,confident up,unconfident up
3717,3717,confident up,confident up,confident up
3718,3718,confident up,unconfident down,unconfident up
3719,3719,unconfident up,unconfident up,unconfident down
3720,3720,unconfident up,confident up,confident up
3721,3721,confident up,confident up,unconfident down
3722,3722,confident up,unconfident up,confident up
3723,3723,unconfident up,confident up,unconfident down
3724,3724,confident up,confident up,unconfident up
3725,3725,confident up,confident up,unconfident up
3726,3726,confident up,confident up,confident up
3727,3727,unconfident up,unconfident up,unconfident up
3728,3728,unconfident up,unconfident up,confident up
3729,3729,confident up,unconfident down,confident up
3730,3730,unconfident up,confident up,unconfident up
3731,3731,unconfident up,unconfident up,unconfident down
3732,3732,confident up,confident down,unconfident down
3733,3733,confident up,confident up,confident up
3734,3734,confident up,confident up,confident up
3735,3735,unconfident up,confident up,confident up
3736,3736,confident up,confident up,unconfident up
3737,3737,unconfident down,confident down,confident up
3738,3738,unconfident up,confident up,unconfident up
3739,3739,unconfident down,confident up,confident up
3740,3740,confident up,unconfident up,unconfident down
3741,3741,confident up,confident up,confident up
3742,3742,confident up,confident up,confident up
3743,3743,unconfident up,unconfident down,confident down
3744,3744,unconfident up,unconfident up,unconfident up
3745,3745,confident up,unconfident up,unconfident up
3746,3746,confident up,confident up,unconfident up
3747,3747,unconfident up,confident down,unconfident down
3748,3748,confident up,confident up,confident up
3749,3749,unconfident up,confident up,confident up
3750,3750,unconfident down,unconfident up,unconfident up
3751,3751,unconfident up,unconfident down,confident up
3752,3752,confident down,confident down,confident down
3753,3753,confident up,unconfident down,unconfident down
3754,3754,unconfident down,confident up,unconfident up
3755,3755,confident down,confident up,unconfident up
3756,3756,confident up,unconfident down,unconfident down
3757,3757,unconfident up,unconfident up,unconfident up
3758,3758,unconfident down,unconfident down,confident down
3759,3759,unconfident down,confident up,unconfident down
3760,3760,unconfident up,confident down,unconfident down
3761,3761,unconfident up,confident down,unconfident down
3762,3762,confident up,unconfident up,confident up
3763,3763,unconfident up,unconfident up,unconfident down
3764,3764,unconfident up,unconfident up,confident down
3765,3765,unconfident up,confident up,unconfident up
3766,3766,unconfident down,unconfident down,unconfident up
3767,3767,confident up,unconfident up,unconfident up
3768,3768,unconfident down,confident up,confident up
3769,3769,confident up,unconfident up,unconfident up
3770,3770,unconfident up,confident up,confident up
3771,3771,confident up,confident up,confident up
3772,3772,unconfident up,unconfident up,unconfident up
3773,3773,confident down,unconfident down,confident up
3774,3774,confident up,confident up,confident up
3775,3775,confident up,unconfident down,unconfident up
3776,3776,unconfident up,unconfident up,unconfident up
3777,3777,confident up,unconfident down,confident down
3778,3778,unconfident up,confident up,confident up
3779,3779,unconfident up,unconfident up,confident down
3780,3780,confident up,unconfident down,unconfident down
3781,3781,unconfident up,unconfident up,confident up
3782,3782,unconfident up,unconfident down,confident down
3783,3783,confident down,confident down,confident up
3784,3784,unconfident up,unconfident up,confident up
3785,3785,confident up,unconfident down,confident down
3786,3786,confident up,confident up,confident up
3787,3787,confident up,unconfident up,unconfident down
3788,3788,confident up,confident up,confident up
3789,3789,unconfident up,unconfident down,unconfident up
3790,3790,confident up,confident up,unconfident down
3791,3791,confident up,confident up,unconfident up
3792,3792,unconfident down,unconfident down,confident down
3793,3793,unconfident up,confident up,unconfident up
3794,3794,confident up,unconfident up,unconfident down
3795,3795,confident up,confident up,confident up
3796,3796,confident up,confident up,confident up
3797,3797,confident up,unconfident up,confident up
3798,3798,confident up,confident up,confident up
3799,3799,unconfident down,confident up,unconfident up
3800,3800,confident up,unconfident down,unconfident up
3801,3801,confident up,unconfident down,confident up
3802,3802,confident up,confident up,confident up
3803,3803,unconfident up,unconfident down,confident up
3804,3804,confident up,unconfident down,unconfident up
3805,3805,confident up,unconfident down,confident up
3806,3806,confident up,unconfident up,confident up
3807,3807,unconfident down,unconfident down,unconfident down
3808,3808,unconfident up,confident down,unconfident up
3809,3809,confident up,confident up,unconfident up
3810,3810,unconfident up,unconfident up,confident down
3811,3811,unconfident down,confident down,confident up
3812,3812,unconfident up,confident up,unconfident up
3813,3813,confident up,confident up,confident up
3814,3814,unconfident up,unconfident down,confident up
3815,3815,confident up,unconfident down,confident up
3816,3816,confident up,unconfident up,confident up
3817,3817,unconfident down,unconfident down,confident up
3818,3818,unconfident up,unconfident up,unconfident down
3819,3819,unconfident up,confident up,confident up
3820,3820,unconfident up,confident up,confident up
3821,3821,unconfident down,confident up,confident up
3822,3822,confident up,unconfident down,unconfident down
3823,3823,unconfident up,unconfident down,unconfident down
3824,3824,unconfident up,unconfident up,confident up
3825,3825,unconfident up,unconfident up,confident up
3826,3826,confident up,unconfident up,confident up
3827,3827,unconfident up,unconfident up,confident up
3828,3828,unconfident up,unconfident up,unconfident up
3829,3829,confident up,unconfident down,confident up
3830,3830,unconfident down,unconfident up,confident up
3831,3831,unconfident down,confident up,confident up
3832,3832,confident up,confident up,unconfident up
3833,3833,confident up,unconfident up,confident up
3834,3834,unconfident down,unconfident up,unconfident up
3835,3835,unconfident up,unconfident up,confident up
3836,3836,confident up,unconfident up,unconfident up
3837,3837,confident up,unconfident up,confident up
3838,3838,confident up,confident up,confident up
3839,3839,confident up,unconfident down,confident up
3840,3840,unconfident up,unconfident down,confident up
3841,3841,confident up,confident up,confident up
3842,3842,confident up,confident up,unconfident up
3843,3843,unconfident down,unconfident down,unconfident down
3844,3844,unconfident up,unconfident up,confident up
3845,3845,confident up,confident up,unconfident up
3846,3846,confident up,unconfident up,unconfident down
3847,3847,confident up,confident up,confident up
3848,3848,confident up,confident down,confident up
3849,3849,confident up,unconfident down,unconfident down
3850,3850,confident down,unconfident down,confident up
3851,3851,unconfident up,unconfident down,confident up
3852,3852,confident up,confident up,confident up
3853,3853,confident up,confident up,confident up
3854,3854,unconfident down,unconfident down,unconfident up
3855,3855,unconfident up,unconfident up,confident up
3856,3856,unconfident up,unconfident down,confident up
3857,3857,unconfident up,unconfident down,confident up
3858,3858,confident up,unconfident up,unconfident up
3859,3859,unconfident up,unconfident up,confident up
3860,3860,unconfident up,confident up,confident up
3861,3861,unconfident down,unconfident down,confident up
3862,3862,confident up,confident up,confident up
3863,3863,unconfident up,unconfident up,unconfident up
3864,3864,unconfident up,unconfident up,unconfident up
3865,3865,unconfident up,unconfident up,unconfident up
3866,3866,confident up,confident up,confident up
3867,3867,confident up,confident up,unconfident up
3868,3868,unconfident up,unconfident up,confident up
3869,3869,confident up,unconfident up,unconfident down
3870,3870,unconfident down,confident up,unconfident up
3871,3871,unconfident down,unconfident up,unconfident up
3872,3872,unconfident up,unconfident up,confident up
3873,3873,unconfident down,unconfident down,unconfident down
3874,3874,confident up,confident up,confident up
3875,3875,confident up,unconfident up,unconfident up
3876,3876,unconfident down,confident up,unconfident up
3877,3877,unconfident up,unconfident up,unconfident up
3878,3878,unconfident down,unconfident up,confident down
3879,3879,confident down,unconfident down,unconfident down
3880,3880,unconfident up,confident up,unconfident up
3881,3881,confident up,unconfident up,unconfident down
3882,3882,confident up,unconfident down,confident down
3883,3883,confident down,unconfident down,confident up
3884,3884,confident up,unconfident up,confident up
3885,3885,unconfident up,unconfident down,unconfident down
3886,3886,confident up,unconfident up,unconfident down
3887,3887,unconfident up,unconfident down,unconfident down
3888,3888,confident up,confident up,confident up
3889,3889,unconfident down,unconfident up,confident up
3890,3890,unconfident down,unconfident down,confident down
3891,3891,unconfident up,unconfident up,confident up
3892,3892,confident up,confident up,confident up
3893,3893,unconfident down,unconfident down,unconfident up
3894,3894,unconfident up,unconfident down,unconfident down
3895,3895,confident up,confident up,confident up
3896,3896,confident up,confident up,confident up
3897,3897,confident down,unconfident down,unconfident down
3898,3898,confident up,unconfident up,unconfident down
3899,3899,confident up,unconfident up,unconfident up
3900,3900,confident up,unconfident up,confident up
3901,3901,confident up,confident up,unconfident up
3902,3902,confident up,confident up,confident up
3903,3903,unconfident down,unconfident up,unconfident down
3904,3904,unconfident up,confident up,unconfident up
3905,3905,confident down,unconfident down,unconfident down
3906,3906,confident up,unconfident up,unconfident down
3907,3907,unconfident down,unconfident down,unconfident down
3908,3908,unconfident up,unconfident up,unconfident up
3909,3909,confident up,unconfident up,unconfident down
3910,3910,confident up,unconfident up,confident up
3911,3911,unconfident up,unconfident down,unconfident down
3912,3912,unconfident down,unconfident up,unconfident up
3913,3913,unconfident up,unconfident up,confident up
3914,3914,unconfident up,unconfident down,unconfident up
3915,3915,confident up,unconfident up,confident up
3916,3916,confident up,confident up,confident up
3917,3917,confident up,unconfident up,confident up
3918,3918,unconfident down,confident up,unconfident down
3919,3919,unconfident down,unconfident down,unconfident down
3920,3920,unconfident up,confident up,confident up
3921,3921,confident up,unconfident down,confident up
3922,3922,unconfident down,unconfident up,confident up
3923,3923,confident up,unconfident up,unconfident up
3924,3924,confident up,unconfident down,unconfident down
3925,3925,confident up,confident up,confident up
3926,3926,confident up,confident up,confident up
3927,3927,confident up,confident up,confident up
3928,3928,unconfident up,confident up,unconfident down
3929,3929,unconfident down,unconfident down,confident down
3930,3930,unconfident up,unconfident up,unconfident up
3931,3931,unconfident down,confident down,unconfident down
3932,3932,confident up,unconfident down,unconfident up
3933,3933,unconfident down,unconfident down,unconfident down
3934,3934,confident up,unconfident up,unconfident up
3935,3935,confident up,unconfident up,confident up
3936,3936,unconfident up,unconfident down,unconfident up
3937,3937,confident up,confident up,unconfident up
3938,3938,unconfident up,confident up,unconfident up
3939,3939,unconfident up,confident up,unconfident up
3940,3940,confident up,confident up,unconfident down
3941,3941,unconfident up,confident up,confident up
3942,3942,confident up,unconfident up,unconfident down
3943,3943,unconfident up,unconfident down,unconfident down
3944,3944,confident up,confident up,unconfident up
3945,3945,unconfident up,unconfident up,unconfident up
3946,3946,confident up,unconfident down,unconfident up
3947,3947,confident up,unconfident down,confident up
3948,3948,confident up,confident up,confident up
3949,3949,confident up,confident up,confident up
3950,3950,confident down,confident down,unconfident down
3951,3951,unconfident up,confident down,unconfident up
3952,3952,unconfident up,confident up,confident up
3953,3953,confident up,confident up,confident up
3954,3954,confident down,confident up,confident up
3955,3955,confident up,confident up,unconfident up
3956,3956,unconfident up,confident down,unconfident up
3957,3957,unconfident down,confident up,unconfident down
3958,3958,confident up,confident up,confident down
3959,3959,unconfident down,unconfident up,unconfident down
3960,3960,unconfident down,unconfident up,unconfident down
3961,3961,unconfident up,unconfident up,confident up
3962,3962,confident up,unconfident up,unconfident up
3963,3963,confident up,confident up,unconfident down
3964,3964,confident up,confident up,unconfident up
3965,3965,unconfident up,unconfident up,unconfident up
3966,3966,confident down,unconfident down,confident up
3967,3967,unconfident up,unconfident up,unconfident up
3968,3968,confident up,confident up,unconfident down
3969,3969,confident up,confident up,unconfident up
3970,3970,confident up,confident up,confident up
3971,3971,unconfident down,unconfident up,confident up
3972,3972,unconfident down,confident down,confident down
3973,3973,unconfident down,unconfident up,unconfident up
3974,3974,confident down,unconfident down,unconfident up
3975,3975,confident up,confident up,unconfident down
3976,3976,confident up,confident up,confident up
3977,3977,unconfident up,unconfident down,confident up
3978,3978,unconfident up,confident down,unconfident down
3979,3979,confident up,unconfident up,unconfident up
3980,3980,confident up,confident up,confident up
3981,3981,unconfident up,confident up,unconfident up
3982,3982,unconfident down,unconfident up,confident down
3983,3983,confident up,confident up,confident up
3984,3984,unconfident up,confident up,unconfident up
3985,3985,confident up,confident up,confident up
3986,3986,confident up,unconfident up,confident up
3987,3987,confident up,confident up,unconfident down
3988,3988,unconfident up,unconfident up,unconfident up
3989,3989,unconfident down,confident up,unconfident up
3990,3990,confident up,confident up,confident up
3991,3991,unconfident up,unconfident up,confident up
3992,3992,confident up,unconfident up,confident up
3993,3993,confident up,unconfident up,confident up
3994,3994,unconfident down,unconfident up,unconfident down
3995,3995,unconfident up,confident up,unconfident down
3996,3996,unconfident up,unconfident down,unconfident up
3997,3997,unconfident up,confident up,unconfident up
3998,3998,confident up,confident up,unconfident up
3999,3999,unconfident up,unconfident up,unconfident up
4000,4000,unconfident up,confident up,confident up
4001,4001,unconfident up,unconfident down,confident down
4002,4002,confident up,unconfident up,unconfident up
4003,4003,unconfident up,confident up,confident up
4004,4004,unconfident up,unconfident up,confident up
4005,4005,unconfident up,confident up,unconfident up
4006,4006,confident up,confident up,confident up
4007,4007,unconfident up,unconfident down,unconfident up
4008,4008,confident up,confident up,confident up
4009,4009,unconfident up,confident up,unconfident up
4010,4010,unconfident up,unconfident up,unconfident up
4011,4011,confident up,unconfident up,unconfident up
4012,4012,unconfident down,unconfident up,unconfident up
4013,4013,unconfident down,unconfident up,unconfident up
4014,4014,unconfident up,unconfident up,unconfident up
4015,4015,unconfident up,confident up,unconfident up
4016,4016,confident up,confident up,confident down
4017,4017,confident up,unconfident up,unconfident up
4018,4018,unconfident up,unconfident up,unconfident down
4019,4019,confident down,confident up,unconfident up
4020,4020,unconfident up,confident down,unconfident down
4021,4021,confident up,confident up,unconfident up
4022,4022,unconfident down,confident down,unconfident down
4023,4023,unconfident up,unconfident up,unconfident down
4024,4024,unconfident up,confident up,confident up
4025,4025,unconfident up,confident up,confident up
4026,4026,confident up,confident up,confident up
4027,4027,confident up,confident up,unconfident up
4028,4028,unconfident up,unconfident up,unconfident up
4029,4029,confident up,confident up,unconfident up
4030,4030,unconfident up,unconfident down,confident up
4031,4031,confident down,unconfident up,unconfident down
4032,4032,confident up,unconfident up,unconfident up
4033,4033,unconfident up,unconfident up,confident up
4034,4034,confident up,confident up,confident up
4035,4035,confident down,unconfident down,confident down
4036,4036,unconfident up,confident up,confident up
4037,4037,confident up,confident up,unconfident up
4038,4038,confident up,unconfident up,confident up
4039,4039,confident up,confident up,unconfident up
4040,4040,unconfident down,unconfident down,unconfident up
4041,4041,unconfident down,unconfident down,unconfident up
4042,4042,unconfident up,confident up,confident up
4043,4043,unconfident up,unconfident down,unconfident down
4044,4044,confident up,confident up,confident up
4045,4045,unconfident up,unconfident down,unconfident up
4046,4046,unconfident down,unconfident down,unconfident down
4047,4047,unconfident up,confident up,confident up
4048,4048,unconfident up,confident up,confident up
4049,4049,confident up,confident up,confident up
4050,4050,unconfident up,unconfident down,confident up
4051,4051,unconfident up,unconfident down,unconfident up
4052,4052,unconfident down,confident up,confident up
4053,4053,unconfident down,confident up,unconfident up
4054,4054,unconfident up,confident up,confident up
4055,4055,confident down,confident down,unconfident down
4056,4056,unconfident down,confident down,unconfident down
4057,4057,unconfident up,unconfident down,unconfident up
4058,4058,confident up,confident up,unconfident down
4059,4059,unconfident up,confident up,confident up
4060,4060,unconfident up,unconfident up,confident up
4061,4061,unconfident up,confident up,confident up
4062,4062,unconfident up,unconfident up,unconfident up
4063,4063,unconfident down,confident down,unconfident up
4064,4064,confident up,confident up,confident up
4065,4065,unconfident down,confident up,unconfident up
4066,4066,unconfident up,confident up,confident up
4067,4067,unconfident down,unconfident down,unconfident down
4068,4068,unconfident down,confident up,confident up
4069,4069,confident up,unconfident up,unconfident up
4070,4070,confident up,confident up,confident up
4071,4071,unconfident up,unconfident up,unconfident up
4072,4072,unconfident down,confident up,unconfident down
4073,4073,unconfident up,unconfident down,unconfident up
4074,4074,confident up,confident up,unconfident up
4075,4075,confident up,confident up,unconfident up
4076,4076,confident up,unconfident up,confident up
4077,4077,confident up,confident up,confident up
4078,4078,confident up,confident up,unconfident up
4079,4079,unconfident up,confident up,unconfident up
4080,4080,unconfident down,unconfident down,unconfident down
4081,4081,unconfident up,unconfident down,unconfident down
4082,4082,unconfident down,unconfident up,unconfident down
4083,4083,unconfident up,unconfident up,unconfident down
4084,4084,confident up,unconfident up,confident down
4085,4085,unconfident up,unconfident up,unconfident up
4086,4086,confident up,unconfident down,confident up
4087,4087,unconfident up,unconfident down,confident up
4088,4088,"unconfident up 

",unconfident up,confident up
4089,4089,confident up,confident up,unconfident up
4090,4090,confident up,unconfident down,confident down
4091,4091,confident up,confident up,confident up
4092,4092,confident up,confident down,confident down
4093,4093,unconfident down,confident up,unconfident up
4094,4094,confident up,confident up,confident up
4095,4095,unconfident down,unconfident down,unconfident up
4096,4096,unconfident up,unconfident up,confident up
4097,4097,confident up,confident up,unconfident down
4098,4098,unconfident up,unconfident down,confident up
4099,4099,confident up,unconfident up,unconfident up
4100,4100,confident up,confident up,confident up
4101,4101,unconfident up,confident up,unconfident up
4102,4102,confident up,unconfident up,confident up
4103,4103,unconfident down,confident down,confident up
4104,4104,unconfident up,confident up,confident up
4105,4105,unconfident up,unconfident down,unconfident down
4106,4106,unconfident down,unconfident up,confident up
4107,4107,confident up,confident up,confident up
4108,4108,unconfident up,confident down,confident down
4109,4109,unconfident down,unconfident down,unconfident down
4110,4110,confident up,unconfident down,confident down
4111,4111,confident down,unconfident up,unconfident down
4112,4112,unconfident up,confident up,unconfident up
4113,4113,unconfident up,confident up,unconfident up
4114,4114,unconfident up,unconfident down,unconfident down
4115,4115,unconfident up,unconfident down,unconfident down
4116,4116,confident up,unconfident down,unconfident up
4117,4117,confident up,unconfident up,confident up
4118,4118,unconfident down,unconfident up,unconfident up
4119,4119,unconfident up,unconfident down,confident up
4120,4120,unconfident up,unconfident down,unconfident down
4121,4121,unconfident up,confident up,unconfident up
4122,4122,confident up,unconfident up,unconfident up
4123,4123,confident up,confident up,unconfident up
4124,4124,confident up,unconfident up,confident up
4125,4125,unconfident up,unconfident up,unconfident up
4126,4126,unconfident up,confident up,confident up
4127,4127,unconfident down,confident up,unconfident down
4128,4128,confident up,confident up,unconfident up
4129,4129,confident up,unconfident up,confident up
4130,4130,confident up,unconfident up,unconfident down
4131,4131,confident up,confident up,confident up
4132,4132,unconfident down,unconfident up,confident up
4133,4133,unconfident up,unconfident up,unconfident down
4134,4134,unconfident up,confident up,unconfident up
4135,4135,unconfident up,unconfident down,confident up
4136,4136,confident up,unconfident up,confident up
4137,4137,confident up,unconfident up,unconfident up
4138,4138,confident down,confident down,unconfident down
4139,4139,unconfident down,confident up,unconfident up
4140,4140,unconfident up,unconfident up,confident up
4141,4141,unconfident up,unconfident up,unconfident up
4142,4142,unconfident down,unconfident down,confident up
4143,4143,unconfident down,confident up,unconfident up
4144,4144,confident up,confident up,confident up
4145,4145,unconfident up,unconfident up,confident up
4146,4146,confident up,confident up,unconfident up
4147,4147,unconfident up,unconfident up,confident up
4148,4148,unconfident up,confident up,unconfident down
4149,4149,unconfident down,confident up,unconfident up
4150,4150,confident up,confident up,unconfident down
4151,4151,confident up,confident up,confident up
4152,4152,unconfident down,unconfident up,unconfident down
4153,4153,unconfident down,confident down,confident down
4154,4154,unconfident up,unconfident down,unconfident down
4155,4155,unconfident up,confident up,unconfident up
4156,4156,confident up,confident up,unconfident up
4157,4157,unconfident up,confident up,confident up
4158,4158,unconfident down,unconfident up,confident up
4159,4159,unconfident up,unconfident up,unconfident down
4160,4160,unconfident down,confident up,unconfident down
4161,4161,confident up,confident up,confident up
4162,4162,confident up,confident up,unconfident up
4163,4163,unconfident up,unconfident down,unconfident up
4164,4164,confident up,confident up,unconfident up
4165,4165,unconfident down,unconfident up,unconfident up
4166,4166,confident up,unconfident up,confident up
4167,4167,confident up,unconfident up,confident up
4168,4168,unconfident up,confident up,confident up
4169,4169,confident up,unconfident up,confident up
4170,4170,confident up,unconfident up,confident up
4171,4171,confident up,confident up,unconfident up
4172,4172,unconfident up,unconfident up,unconfident up
4173,4173,unconfident down,confident up,confident up
4174,4174,unconfident down,confident up,confident up
4175,4175,unconfident down,confident up,unconfident up
4176,4176,confident up,confident up,confident up
4177,4177,unconfident down,confident down,unconfident down
4178,4178,confident up,unconfident up,unconfident up
4179,4179,unconfident up,unconfident up,unconfident up
4180,4180,unconfident up,confident up,confident up
4181,4181,unconfident up,confident up,confident up
4182,4182,confident up,confident up,unconfident up
4183,4183,unconfident up,confident up,unconfident up
4184,4184,unconfident down,unconfident down,confident up
4185,4185,unconfident up,confident up,confident up
4186,4186,confident down,confident down,unconfident up
4187,4187,unconfident up,confident up,unconfident up
4188,4188,confident up,confident up,confident up
4189,4189,unconfident up,confident up,unconfident up
4190,4190,unconfident up,unconfident up,confident up
4191,4191,unconfident up,unconfident down,unconfident up
4192,4192,unconfident up,confident up,confident up
4193,4193,unconfident up,unconfident up,confident up
4194,4194,confident up,unconfident up,unconfident up
4195,4195,unconfident up,confident up,confident up
4196,4196,unconfident down,confident up,unconfident down
4197,4197,confident up,unconfident up,unconfident up
4198,4198,unconfident down,unconfident up,confident up
4199,4199,unconfident up,confident up,unconfident down
4200,4200,"unconfident up 

",unconfident up,confident up
4201,4201,unconfident up,unconfident down,unconfident up
4202,4202,confident up,confident up,confident up
4203,4203,unconfident up,unconfident up,confident up
4204,4204,unconfident up,confident down,unconfident down
4205,4205,confident up,unconfident up,unconfident up
4206,4206,confident up,unconfident down,confident up
4207,4207,confident up,confident up,confident up
4208,4208,unconfident down,confident up,unconfident up
4209,4209,confident up,unconfident up,confident up
4210,4210,unconfident up,unconfident down,unconfident down
4211,4211,unconfident up,unconfident up,unconfident up
4212,4212,unconfident down,unconfident down,unconfident up
4213,4213,unconfident down,unconfident down,unconfident up
4214,4214,confident up,confident up,confident up
4215,4215,unconfident up,confident up,unconfident up
4216,4216,confident up,confident up,confident up
4217,4217,confident up,unconfident up,confident up
4218,4218,unconfident up,unconfident down,confident up
4219,4219,confident up,confident up,confident up
4220,4220,unconfident down,unconfident down,confident up
4221,4221,confident up,confident up,confident up
4222,4222,confident up,confident up,unconfident up
4223,4223,unconfident down,unconfident up,unconfident down
4224,4224,confident up,unconfident up,confident up
4225,4225,unconfident up,confident down,unconfident down
4226,4226,unconfident up,unconfident down,unconfident up
4227,4227,confident up,confident up,unconfident up
4228,4228,unconfident up,unconfident down,unconfident up
4229,4229,unconfident up,unconfident down,unconfident up
4230,4230,unconfident down,confident down,unconfident down
4231,4231,unconfident up,unconfident up,confident up
4232,4232,unconfident up,unconfident up,confident down
4233,4233,confident up,confident up,unconfident down
4234,4234,confident up,unconfident up,unconfident down
4235,4235,unconfident up,unconfident up,unconfident up
4236,4236,unconfident up,confident up,confident down
4237,4237,unconfident up,unconfident down,confident up
4238,4238,confident up,confident up,confident up
4239,4239,unconfident up,unconfident down,unconfident down
4240,4240,confident up,confident up,unconfident up
4241,4241,confident up,confident up,confident up
4242,4242,confident up,confident up,confident up
4243,4243,confident up,confident up,unconfident up
4244,4244,confident up,confident up,confident up
4245,4245,unconfident down,confident down,unconfident down
4246,4246,confident up,confident up,unconfident up
4247,4247,unconfident down,unconfident down,unconfident down
4248,4248,unconfident down,unconfident up,unconfident up
4249,4249,unconfident up,confident up,confident up
4250,4250,confident up,unconfident up,unconfident down
4251,4251,confident up,unconfident up,confident up
4252,4252,unconfident up,confident up,unconfident up
4253,4253,confident up,unconfident up,unconfident up
4254,4254,confident up,confident up,unconfident up
4255,4255,unconfident down,confident down,unconfident down
4256,4256,confident up,confident up,unconfident up
4257,4257,confident up,unconfident up,unconfident up
4258,4258,confident up,confident up,confident up
4259,4259,confident up,unconfident up,unconfident up
4260,4260,confident up,confident up,confident up
4261,4261,unconfident up,confident up,confident up
4262,4262,confident up,confident up,confident up
4263,4263,confident up,confident up,unconfident up
4264,4264,confident up,confident up,confident up
4265,4265,unconfident up,confident up,unconfident down
4266,4266,confident up,confident down,unconfident down
4267,4267,unconfident up,confident up,unconfident up
4268,4268,confident up,confident up,unconfident up
4269,4269,confident up,confident up,confident down
4270,4270,confident down,confident down,unconfident up
4271,4271,confident up,confident up,confident up
4272,4272,confident up,confident up,confident up
4273,4273,confident up,unconfident up,unconfident up
4274,4274,confident up,unconfident down,unconfident up
4275,4275,confident up,confident up,confident up
4276,4276,confident up,confident down,confident down
4277,4277,unconfident down,confident up,unconfident up
4278,4278,unconfident down,unconfident up,unconfident down
4279,4279,unconfident down,confident up,unconfident down
4280,4280,unconfident up,unconfident up,unconfident up
4281,4281,unconfident up,unconfident down,unconfident down
4282,4282,unconfident up,unconfident up,confident up
4283,4283,confident up,unconfident up,unconfident up
4284,4284,confident up,unconfident up,confident up
4285,4285,unconfident down,confident up,confident down
4286,4286,confident up,confident up,confident up
4287,4287,unconfident up,unconfident up,unconfident up
4288,4288,confident up,unconfident up,unconfident up
4289,4289,unconfident down,unconfident down,confident down
4290,4290,unconfident up,unconfident down,confident up
4291,4291,confident up,confident up,confident up
4292,4292,confident up,confident up,confident up
4293,4293,unconfident up,confident up,unconfident up
4294,4294,unconfident up,unconfident up,confident up
4295,4295,unconfident up,unconfident down,unconfident down
4296,4296,confident up,confident up,unconfident up
4297,4297,confident up,unconfident up,confident up
4298,4298,confident up,unconfident down,confident up
4299,4299,unconfident up,unconfident down,confident up
4300,4300,confident up,confident up,confident up
4301,4301,unconfident up.,confident up,unconfident up
4302,4302,unconfident down,unconfident down,unconfident down
4303,4303,confident up,confident up,unconfident down
4304,4304,confident up,unconfident down,unconfident up
4305,4305,unconfident down,unconfident down,unconfident down
4306,4306,unconfident down,unconfident down,unconfident down
4307,4307,confident up,confident up,unconfident up
4308,4308,unconfident up,unconfident up,confident up
4309,4309,confident up,unconfident up,unconfident up
4310,4310,confident up,confident up,unconfident up
4311,4311,confident up,unconfident up,confident down
4312,4312,unconfident down,unconfident up,unconfident down
4313,4313,unconfident up,confident up,confident up
4314,4314,unconfident up,confident up,unconfident up
4315,4315,unconfident down,confident down,confident down
4316,4316,confident up,confident up,unconfident up
4317,4317,confident up,unconfident down,confident up
4318,4318,unconfident up,confident up,confident up
4319,4319,confident up,confident up,unconfident up
4320,4320,confident down,unconfident down,unconfident up
4321,4321,confident up,confident up,unconfident up
4322,4322,unconfident down,unconfident down,unconfident down
4323,4323,unconfident down,confident up,unconfident up
4324,4324,unconfident up,unconfident up,unconfident down
4325,4325,confident up,unconfident up,confident up
4326,4326,unconfident up,unconfident up,unconfident up
4327,4327,unconfident up,unconfident down,confident up
4328,4328,unconfident down,unconfident down,confident up
4329,4329,unconfident down,confident up,unconfident up
4330,4330,unconfident up,unconfident up,confident up
4331,4331,confident up,confident up,confident up
4332,4332,unconfident down,confident up,unconfident up
4333,4333,unconfident up,unconfident up,confident up
4334,4334,unconfident up,confident up,unconfident down
4335,4335,unconfident up,confident down,unconfident up
4336,4336,confident down,unconfident down,unconfident down
4337,4337,confident up,unconfident up,unconfident down
4338,4338,confident up,confident up,unconfident up
4339,4339,confident up,unconfident down,confident up
4340,4340,confident up,unconfident up,confident up
4341,4341,confident up,unconfident up,unconfident down
4342,4342,unconfident down,confident up,confident up
4343,4343,confident up,confident up,confident up
4344,4344,unconfident up,confident up,confident up
4345,4345,confident up,confident up,unconfident down
4346,4346,confident up,confident up,unconfident up
4347,4347,unconfident up,confident up,unconfident up
4348,4348,unconfident up,unconfident up,unconfident up
4349,4349,unconfident down,confident up,unconfident up
4350,4350,unconfident up,confident up,confident up
4351,4351,unconfident up,unconfident up,confident up
4352,4352,unconfident down,confident up,unconfident up
4353,4353,unconfident down,confident down,unconfident down
4354,4354,unconfident down,unconfident down,confident up
4355,4355,unconfident down,confident up,unconfident down
4356,4356,unconfident down,unconfident up,confident up
4357,4357,unconfident down,confident down,unconfident up
4358,4358,unconfident down,unconfident up,confident up
4359,4359,confident up,confident up,unconfident up
4360,4360,unconfident up,unconfident up,unconfident down
4361,4361,unconfident up,unconfident up,unconfident up
4362,4362,confident up,unconfident up,confident up
4363,4363,unconfident up,unconfident up,confident up
4364,4364,confident up,confident up,confident up
4365,4365,unconfident down,unconfident up,unconfident down
4366,4366,confident up,unconfident up,confident up
4367,4367,confident down,confident down,unconfident down
4368,4368,confident up,confident up,confident up
4369,4369,confident up,unconfident up,confident up
4370,4370,confident down,confident down,confident down
4371,4371,confident up,confident up,confident up
4372,4372,unconfident down,unconfident down,unconfident down
4373,4373,unconfident down,confident up,confident up
4374,4374,unconfident down,confident down,confident up
4375,4375,confident up,unconfident up,unconfident up
4376,4376,unconfident up,unconfident up,unconfident up
4377,4377,unconfident down,unconfident up,confident up
4378,4378,confident down,unconfident up,unconfident down
4379,4379,unconfident up,unconfident up,confident up
4380,4380,unconfident up,unconfident down,confident down
4381,4381,unconfident down,unconfident down,unconfident up
4382,4382,unconfident up,unconfident up,unconfident up
4383,4383,unconfident down,confident up,unconfident down
4384,4384,unconfident down,confident up,unconfident up
4385,4385,confident up,confident up,confident up
4386,4386,unconfident up,confident up,unconfident down
4387,4387,unconfident up,confident up,confident up
4388,4388,unconfident up,unconfident down,confident down
4389,4389,unconfident down,confident down,confident down
4390,4390,unconfident up,confident up,confident up
4391,4391,confident up,confident down,unconfident up
4392,4392,confident up,unconfident down,confident down
4393,4393,unconfident down,unconfident down,unconfident down
4394,4394,confident up,confident up,unconfident up
4395,4395,confident down,unconfident up,unconfident down
4396,4396,unconfident down,confident up,unconfident up
4397,4397,confident up,unconfident up,unconfident down
4398,4398,unconfident up,confident up,unconfident up
4399,4399,unconfident up,unconfident up,unconfident down
4400,4400,unconfident up,unconfident up,confident up
4401,4401,unconfident down,unconfident up,unconfident up
4402,4402,confident up,confident up,confident up
4403,4403,unconfident up,confident up,unconfident up
4404,4404,confident up,confident up,confident up
4405,4405,confident up,unconfident down,unconfident up
4406,4406,unconfident up,unconfident down,confident up
4407,4407,confident up,confident up,confident up
4408,4408,confident up,confident up,unconfident up
4409,4409,unconfident down,confident up,confident up
4410,4410,confident up,unconfident down,confident down
4411,4411,unconfident up,unconfident up,confident up
4412,4412,confident up,confident up,unconfident up
4413,4413,confident up,unconfident up,unconfident up
4414,4414,confident down,unconfident down,unconfident down
4415,4415,confident up,confident up,unconfident up
4416,4416,confident up,unconfident down,confident up
4417,4417,confident up,confident up,confident up
4418,4418,unconfident up,unconfident down,unconfident up
4419,4419,confident up,unconfident up,confident up
4420,4420,unconfident down,confident down,unconfident up
4421,4421,confident up,confident up,unconfident down
4422,4422,confident up,unconfident down,unconfident up
4423,4423,confident up,unconfident up,unconfident down
4424,4424,unconfident up,unconfident up,confident up
4425,4425,confident up,unconfident down,unconfident down
4426,4426,confident up,confident up,confident down
4427,4427,confident up,confident up,confident up
4428,4428,confident up,unconfident up,unconfident down
4429,4429,unconfident up,confident up,confident up
4430,4430,unconfident up,unconfident up,unconfident up
4431,4431,unconfident up,unconfident up,unconfident up
4432,4432,confident up,unconfident up,unconfident down
4433,4433,confident up,unconfident down,confident up
4434,4434,unconfident down,unconfident down,unconfident up
4435,4435,confident down,confident up,unconfident down
4436,4436,unconfident up,unconfident up,confident up
4437,4437,confident up,confident up,confident up
4438,4438,confident down,confident down,confident down
4439,4439,unconfident down,unconfident up,confident up
4440,4440,confident up,unconfident up,confident up
4441,4441,confident up,confident up,confident up
4442,4442,unconfident up,unconfident up,unconfident up
4443,4443,unconfident up,unconfident up,confident up
4444,4444,confident up,confident up,confident up
4445,4445,confident up,unconfident down,unconfident up
4446,4446,unconfident down,confident down,unconfident up
4447,4447,unconfident up,unconfident up,confident up
4448,4448,confident up,unconfident up,confident up
4449,4449,confident up,unconfident up,unconfident down
4450,4450,confident up,confident up,confident up
4451,4451,confident up,unconfident up,confident up
4452,4452,unconfident up,unconfident up,unconfident up
4453,4453,confident up,unconfident up,unconfident up
4454,4454,confident up,unconfident down,confident up
4455,4455,unconfident up,unconfident down,unconfident up
4456,4456,confident up,confident up,confident up
4457,4457,unconfident down,confident up,unconfident down
4458,4458,confident up,unconfident up,confident up
4459,4459,unconfident down,unconfident down,unconfident up
4460,4460,unconfident up,unconfident up,confident up
4461,4461,unconfident up,confident up,confident up
4462,4462,unconfident up,confident up,confident up
4463,4463,confident up,confident up,unconfident up
4464,4464,unconfident down,confident up,unconfident up
4465,4465,unconfident down,unconfident up,unconfident down
4466,4466,confident up,confident up,confident up
4467,4467,confident up,confident down,unconfident down
4468,4468,unconfident up,unconfident up,unconfident up
4469,4469,unconfident up,unconfident up,confident up
4470,4470,unconfident down,unconfident down,confident up
4471,4471,confident up,confident up,unconfident up
4472,4472,unconfident up,confident up,unconfident down
4473,4473,unconfident up,confident up,confident up
4474,4474,unconfident up,unconfident down,confident up
4475,4475,unconfident up,confident up,unconfident down
4476,4476,confident up,confident up,unconfident up
4477,4477,confident up,unconfident up,unconfident up
4478,4478,confident up,unconfident up,confident up
4479,4479,unconfident down.,unconfident down,unconfident up
4480,4480,confident up,unconfident up,unconfident down
4481,4481,unconfident up,unconfident down,unconfident up
4482,4482,unconfident up,confident up,confident up
4483,4483,confident up,confident up,unconfident down
4484,4484,unconfident up,unconfident up,unconfident down
4485,4485,unconfident up,unconfident up,unconfident up
4486,4486,confident up,unconfident up,unconfident up
4487,4487,confident up,unconfident up,unconfident down
4488,4488,confident up,unconfident up,confident up
4489,4489,unconfident down,unconfident up,unconfident up
4490,4490,unconfident up,unconfident up,unconfident up
4491,4491,unconfident up,unconfident up,unconfident up
4492,4492,confident up,unconfident up,confident up
4493,4493,confident up,confident up,confident up
4494,4494,unconfident down,unconfident down,unconfident down
4495,4495,confident up,confident up,confident up
4496,4496,unconfident down,unconfident down,confident up
4497,4497,unconfident up,confident up,confident up
4498,4498,unconfident up,unconfident down,confident up
4499,4499,unconfident up,unconfident up,confident up
4500,4500,confident up,unconfident up,unconfident up
4501,4501,confident up,confident up,confident up
4502,4502,unconfident up,unconfident up,unconfident up
4503,4503,unconfident up,confident up,confident up
4504,4504,confident up,unconfident up,unconfident up
4505,4505,confident up,confident up,confident up
4506,4506,unconfident down,unconfident up,unconfident down
4507,4507,confident up,unconfident up,unconfident up
4508,4508,confident up,unconfident down,unconfident up
4509,4509,unconfident up,unconfident up,unconfident down
4510,4510,unconfident up,unconfident up,unconfident up
4511,4511,unconfident up,confident down,unconfident up
4512,4512,confident up,unconfident up,confident up
4513,4513,unconfident up,confident up,unconfident up
4514,4514,unconfident up,unconfident up,confident up
4515,4515,confident up,confident up,unconfident down
4516,4516,confident up,confident up,confident up
4517,4517,unconfident up,unconfident up,confident up
4518,4518,unconfident up,unconfident up,confident up
4519,4519,confident down,unconfident down,unconfident down
4520,4520,confident up,unconfident up,confident up
4521,4521,unconfident down,confident up,unconfident up
4522,4522,unconfident up,confident up,unconfident down
4523,4523,confident up,unconfident up,confident up
4524,4524,unconfident down,confident up,unconfident down
4525,4525,unconfident up,unconfident up,unconfident down
4526,4526,unconfident down,unconfident up,unconfident up
4527,4527,unconfident down,unconfident down,unconfident down
4528,4528,unconfident up,unconfident up,confident up
4529,4529,unconfident up,unconfident up,unconfident up
4530,4530,unconfident up,unconfident up,unconfident up
4531,4531,unconfident up,unconfident down,unconfident down
4532,4532,confident up,unconfident up,confident up
4533,4533,unconfident down,confident up,unconfident down
4534,4534,confident up,confident down,unconfident up
4535,4535,unconfident down,confident up,confident up
4536,4536,confident down,unconfident up,unconfident up
4537,4537,unconfident up,confident up,confident up
4538,4538,confident up,unconfident up,unconfident up
4539,4539,unconfident down,unconfident up,unconfident up
4540,4540,confident up,unconfident down,confident up
4541,4541,unconfident up,unconfident down,unconfident up
4542,4542,confident up,confident up,unconfident down
4543,4543,unconfident up,confident up,confident up
4544,4544,confident up,unconfident up,unconfident up
4545,4545,unconfident up,unconfident up,unconfident up
4546,4546,confident down,confident down,unconfident up
4547,4547,unconfident down,unconfident up,unconfident up
4548,4548,confident up,confident up,unconfident up
4549,4549,unconfident up,unconfident down,unconfident up
4550,4550,unconfident down,confident up,confident up
4551,4551,confident up,confident up,unconfident down
4552,4552,unconfident up,confident up,confident up
4553,4553,unconfident down,confident up,confident up
4554,4554,unconfident down,unconfident down,unconfident down
4555,4555,confident up,unconfident down,unconfident down
4556,4556,unconfident up,unconfident down,unconfident down
4557,4557,confident up,unconfident up,confident up
4558,4558,confident up,unconfident up,confident up
4559,4559,confident up,confident up,confident up
4560,4560,confident up,unconfident up,confident up
4561,4561,unconfident down,unconfident up,confident down
4562,4562,unconfident down,confident up,unconfident down
4563,4563,unconfident up,unconfident up,unconfident up
4564,4564,confident up,unconfident up,confident up
4565,4565,unconfident down,confident up,unconfident up
4566,4566,unconfident up,unconfident down,unconfident down
4567,4567,confident down,confident down,confident down
4568,4568,unconfident up,unconfident down,unconfident down
4569,4569,confident up,unconfident up,confident up
4570,4570,unconfident up,confident up,unconfident up
4571,4571,unconfident up,unconfident up,unconfident up
4572,4572,confident up,confident up,confident up
4573,4573,confident up,confident up,unconfident down
4574,4574,confident up,confident up,confident up
4575,4575,unconfident up,confident up,confident up
4576,4576,unconfident down,unconfident up,unconfident up
4577,4577,confident up,confident up,confident up
4578,4578,confident down,confident down,unconfident down
4579,4579,unconfident up,unconfident up,unconfident down
4580,4580,unconfident up,confident up,unconfident up
4581,4581,confident up,unconfident up,unconfident down
4582,4582,confident up,unconfident up,confident up
4583,4583,confident up,unconfident up,confident up
4584,4584,confident up,confident up,confident up
4585,4585,unconfident down,confident up,confident up
4586,4586,unconfident up,confident up,confident up
4587,4587,unconfident down,unconfident up,unconfident up
4588,4588,unconfident up,unconfident up,unconfident up
4589,4589,unconfident up,unconfident up,unconfident up
4590,4590,confident up,unconfident down,unconfident up
4591,4591,confident up,unconfident up,unconfident up
4592,4592,unconfident down,confident up,unconfident down
4593,4593,confident up,confident up,unconfident up
4594,4594,confident up,unconfident up,unconfident down
4595,4595,confident down,unconfident down,unconfident down
4596,4596,confident up,confident up,confident up
4597,4597,confident up,confident up,confident up
4598,4598,confident up,confident up,unconfident up
4599,4599,unconfident up,unconfident up,unconfident up
4600,4600,unconfident down,unconfident down,unconfident down
4601,4601,confident up,confident up,confident up
4602,4602,confident up,confident up,confident up
4603,4603,confident up,confident up,confident up
4604,4604,unconfident up,unconfident up,confident up
4605,4605,unconfident down,unconfident up,confident down
4606,4606,confident up,confident up,unconfident up
4607,4607,unconfident down,unconfident up,confident down
4608,4608,confident up,confident up,confident up
4609,4609,unconfident up,confident up,unconfident up
4610,4610,unconfident up,confident up,confident up
4611,4611,unconfident up,unconfident up,unconfident down
4612,4612,unconfident down,confident up,confident up
4613,4613,unconfident down,unconfident down,unconfident up
4614,4614,unconfident up,unconfident up,confident up
4615,4615,confident up,unconfident up,confident up
4616,4616,unconfident down,unconfident up,unconfident up
4617,4617,confident up,confident up,confident up
4618,4618,unconfident up,unconfident down,unconfident down
4619,4619,confident down,unconfident down,unconfident up
4620,4620,unconfident up,confident down,unconfident up
4621,4621,confident up,unconfident up,unconfident down
4622,4622,confident up,unconfident up,confident up
4623,4623,confident up,confident up,confident up
4624,4624,confident up,confident up,unconfident up
4625,4625,unconfident up,unconfident up,unconfident up
4626,4626,unconfident down,unconfident up,confident down
4627,4627,confident up,confident up,confident up
4628,4628,unconfident up,unconfident down,confident up
4629,4629,unconfident up,unconfident down,unconfident up
4630,4630,unconfident down,unconfident up,confident down
4631,4631,confident up,unconfident up,unconfident up
4632,4632,unconfident down,unconfident down,unconfident down
4633,4633,unconfident down,confident up,unconfident up
4634,4634,unconfident up,unconfident up,confident up
4635,4635,unconfident down,confident down,confident down
4636,4636,unconfident up,unconfident down,unconfident up
4637,4637,unconfident up,confident up,unconfident up
4638,4638,unconfident up,unconfident down,confident up
4639,4639,unconfident up,unconfident up,confident up
4640,4640,unconfident down,confident up,confident up
4641,4641,unconfident down,unconfident down,unconfident up
4642,4642,confident up,unconfident up,unconfident up
4643,4643,confident up,unconfident up,unconfident up
4644,4644,unconfident up,unconfident down,unconfident up
4645,4645,confident up,confident up,confident up
4646,4646,confident up,unconfident up,confident down
4647,4647,unconfident down,unconfident down,confident up
4648,4648,confident down,confident down,unconfident down
4649,4649,confident up,confident up,confident up
4650,4650,unconfident up,unconfident up,unconfident up
4651,4651,confident up,unconfident up,confident up
4652,4652,unconfident down,unconfident down,unconfident up
4653,4653,unconfident up,confident up,confident up
4654,4654,unconfident up,unconfident down,unconfident up
4655,4655,unconfident down,confident up,confident up
4656,4656,confident up,confident down,unconfident up
4657,4657,unconfident up,unconfident down,confident up
4658,4658,confident up,confident up,unconfident down
4659,4659,confident up,confident down,unconfident up
4660,4660,confident up,unconfident down,unconfident down
4661,4661,unconfident up,unconfident down,unconfident up
4662,4662,unconfident down,confident up,confident up
4663,4663,confident up,confident up,unconfident up
4664,4664,confident up,unconfident up,unconfident down
4665,4665,unconfident down,unconfident down,confident down
4666,4666,confident up,confident up,confident up
4667,4667,unconfident up,confident up,confident up
4668,4668,unconfident down,unconfident down,unconfident down
4669,4669,confident down,unconfident down,unconfident up
4670,4670,confident up,confident up,unconfident up
4671,4671,unconfident up,confident up,unconfident up
4672,4672,unconfident up,unconfident up,unconfident up
4673,4673,confident up,unconfident up,unconfident up
4674,4674,confident up,unconfident up,unconfident up
4675,4675,confident down,unconfident down,confident down
4676,4676,confident up,unconfident up,unconfident up
4677,4677,unconfident up,unconfident up,confident up
4678,4678,confident up,unconfident down,confident up
4679,4679,confident down,unconfident down,unconfident down
4680,4680,confident up,unconfident down,unconfident down
4681,4681,unconfident up,unconfident up,unconfident up
4682,4682,unconfident up,unconfident down,confident up
4683,4683,unconfident up,unconfident up,confident down
4684,4684,confident up,unconfident up,unconfident up
4685,4685,unconfident up,confident up,unconfident up
4686,4686,confident up,confident up,confident up
4687,4687,unconfident up,unconfident up,confident up
4688,4688,unconfident up,confident up,confident up
4689,4689,confident up,confident up,unconfident up
4690,4690,unconfident up,confident down,confident up
4691,4691,unconfident down,unconfident up,unconfident up
4692,4692,confident up,confident up,confident up
4693,4693,unconfident down,unconfident down,unconfident down
4694,4694,unconfident up,unconfident up,unconfident down
4695,4695,confident up,unconfident up,confident up
4696,4696,unconfident up,unconfident up,confident up
4697,4697,unconfident down,confident up,unconfident up
4698,4698,confident up,unconfident up,confident up
4699,4699,confident up,unconfident down,unconfident up
4700,4700,confident up,unconfident up,confident up
4701,4701,unconfident up,unconfident up,confident up
4702,4702,unconfident up,confident up,confident up
4703,4703,unconfident up,confident up,confident up
4704,4704,confident up,confident up,confident up
4705,4705,confident up,confident up,confident up
4706,4706,unconfident up,unconfident down,confident up
4707,4707,unconfident up,confident up,confident up
4708,4708,unconfident up,unconfident up,unconfident down
4709,4709,unconfident up,unconfident up,confident up
4710,4710,unconfident down,unconfident up,unconfident up
4711,4711,confident up,confident up,confident up
4712,4712,unconfident up,unconfident down,unconfident up
4713,4713,unconfident down,unconfident down,unconfident down
4714,4714,confident up,confident up,confident up
4715,4715,unconfident up,unconfident up,confident up
4716,4716,unconfident up,unconfident down,confident up
4717,4717,unconfident down,unconfident down,confident down
4718,4718,unconfident down,confident down,unconfident down
4719,4719,unconfident up,confident up,confident up
4720,4720,confident up,unconfident up,unconfident down
4721,4721,unconfident up,confident up,confident up
4722,4722,unconfident up,confident up,unconfident up
4723,4723,confident up,confident up,confident up
4724,4724,confident up,confident up,confident up
4725,4725,unconfident down,confident up,confident up
4726,4726,confident up,confident up,confident up
4727,4727,unconfident down,confident up,confident up
4728,4728,unconfident up,unconfident up,confident up
4729,4729,confident up,confident up,confident up
4730,4730,unconfident up,unconfident up,unconfident down
4731,4731,confident up,unconfident up,"unconfident up 

"
4732,4732,confident up,unconfident down,confident up
4733,4733,unconfident up,confident up,confident up
4734,4734,confident up,unconfident up,unconfident down
4735,4735,unconfident down,confident up,unconfident up
4736,4736,confident up,confident up,confident up
4737,4737,unconfident up,unconfident up,unconfident up
4738,4738,confident up,confident up,confident up
4739,4739,confident up,confident up,confident up
4740,4740,confident up,confident up,unconfident down
4741,4741,confident up,confident up,confident up
4742,4742,unconfident up,unconfident up,unconfident up
4743,4743,confident down,confident down,unconfident down
4744,4744,confident up,confident up,confident up
4745,4745,unconfident up,confident up,unconfident up
4746,4746,confident up,confident up,confident up
4747,4747,unconfident down,confident up,confident up
4748,4748,confident up,unconfident up,confident up
4749,4749,confident up,confident up,confident up
4750,4750,unconfident up,unconfident up,unconfident down
4751,4751,confident up,confident up,confident up
4752,4752,unconfident up,unconfident up,unconfident up
4753,4753,confident up,unconfident up,confident up
4754,4754,confident up,confident up,unconfident down
4755,4755,confident up,confident up,confident up
4756,4756,confident up,unconfident up,confident up
4757,4757,unconfident down,confident up,confident up
4758,4758,unconfident up,unconfident up,unconfident down
4759,4759,unconfident up,unconfident up,confident up
4760,4760,confident up,confident up,unconfident up
4761,4761,confident up,confident up,unconfident up
4762,4762,unconfident up,unconfident up,confident up
4763,4763,unconfident down,confident up,confident up
4764,4764,confident down,confident down,unconfident up
4765,4765,confident up,unconfident down,unconfident up
4766,4766,unconfident down,unconfident down,unconfident up
4767,4767,unconfident up,confident up,unconfident up
4768,4768,confident up,confident up,confident up
4769,4769,confident up,unconfident up,unconfident down
4770,4770,unconfident down,unconfident up,unconfident down
4771,4771,unconfident down,unconfident down,confident down
4772,4772,confident down,unconfident up,unconfident up
4773,4773,confident up,unconfident down,confident up
4774,4774,unconfident up,unconfident down,unconfident down
4775,4775,confident up,unconfident down,confident up
4776,4776,confident up,unconfident up,confident up
4777,4777,confident up,unconfident up,unconfident up
4778,4778,confident up,confident up,confident up
4779,4779,confident up,confident up,unconfident up
4780,4780,confident up,confident up,confident up
4781,4781,unconfident down,confident up,unconfident up
4782,4782,confident up,confident up,unconfident up
4783,4783,unconfident up,unconfident down,unconfident up
4784,4784,confident up,confident up,unconfident up
4785,4785,confident up,unconfident down,confident up
4786,4786,confident up,confident down,unconfident down
4787,4787,confident up,unconfident down,confident up
4788,4788,unconfident up,confident up,confident up
4789,4789,confident up,confident up,confident up
4790,4790,unconfident up,unconfident down,confident up
4791,4791,unconfident down,confident up,confident up
4792,4792,confident down,unconfident up,unconfident down
4793,4793,confident down,confident down,unconfident up
4794,4794,confident up,unconfident up,confident up
4795,4795,unconfident down,unconfident down,unconfident down
4796,4796,unconfident down,unconfident down,unconfident down
4797,4797,unconfident up,unconfident up,confident up
4798,4798,unconfident up,confident up,unconfident up
4799,4799,confident up,confident up,confident up
4800,4800,unconfident up,unconfident down,unconfident down
4801,4801,unconfident up,unconfident up,unconfident up
4802,4802,unconfident up,confident up,confident up
4803,4803,unconfident up,unconfident up,unconfident up
4804,4804,unconfident down,confident up,confident up
4805,4805,unconfident up,unconfident up,unconfident up
4806,4806,confident down,unconfident down,unconfident up
4807,4807,confident up,unconfident up,unconfident up
4808,4808,confident up,unconfident down,unconfident down
4809,4809,confident up,confident up,confident up
4810,4810,unconfident up,confident up,unconfident up
4811,4811,unconfident up,confident up,confident up
4812,4812,confident down,confident up,unconfident down
4813,4813,confident up,confident up,confident up
4814,4814,confident up,confident up,unconfident up
4815,4815,unconfident up,unconfident down,unconfident down
4816,4816,unconfident up,unconfident up,confident up
4817,4817,confident up,unconfident down,unconfident down
4818,4818,unconfident up,unconfident up,unconfident up
4819,4819,unconfident up,confident up,confident up
4820,4820,unconfident up,unconfident down,confident up
4821,4821,confident up,confident up,unconfident up
4822,4822,unconfident down,unconfident up,confident up
4823,4823,unconfident up,confident up,confident up
4824,4824,confident up,unconfident up,confident up
4825,4825,confident up,confident up,confident up
4826,4826,confident up,unconfident up,unconfident down
4827,4827,confident up,confident up,confident up
4828,4828,unconfident up,unconfident down,confident up
4829,4829,unconfident up,unconfident up,unconfident down
4830,4830,unconfident down,unconfident down,unconfident down
4831,4831,unconfident down,confident up,confident up
4832,4832,unconfident up,confident up,confident up
4833,4833,confident up,confident up,confident up
4834,4834,unconfident up,unconfident up,confident up
4835,4835,confident up,confident up,confident up
4836,4836,unconfident down,confident up,confident down
4837,4837,confident up,unconfident up,confident up
4838,4838,confident up,confident up,unconfident up
4839,4839,confident down,unconfident up,unconfident down
4840,4840,confident up,unconfident up,unconfident up
4841,4841,unconfident up,unconfident down,unconfident up
4842,4842,confident up,confident up,unconfident up
4843,4843,confident up,confident up,confident up
4844,4844,confident up,confident up,confident up
4845,4845,unconfident up,unconfident down,confident up
4846,4846,confident up,confident up,confident up
4847,4847,unconfident up,unconfident down,unconfident up
4848,4848,confident up,confident up,confident up
4849,4849,unconfident up,confident up,confident up
4850,4850,confident up,confident up,confident up
4851,4851,unconfident up,unconfident up,confident up
4852,4852,unconfident up,unconfident up,unconfident down
4853,4853,unconfident up,unconfident up,unconfident up
4854,4854,unconfident down,unconfident down,confident down
4855,4855,confident up,unconfident up,unconfident up
4856,4856,confident up,unconfident up,unconfident up
4857,4857,unconfident down,unconfident up,unconfident up
4858,4858,confident down,unconfident down,unconfident down
4859,4859,confident up,unconfident up,confident up
4860,4860,confident up,confident up,confident up
4861,4861,confident up,unconfident down,unconfident up
4862,4862,unconfident up,confident up,confident up
4863,4863,unconfident up,unconfident down,confident up
4864,4864,unconfident up,Unconfident down.,Unconfident up
4865,4865,unconfident up,confident up,unconfident up
4866,4866,confident up,confident up,confident up
4867,4867,confident up,confident up,confident up
4868,4868,confident up,confident up,unconfident down
4869,4869,confident up,confident up,confident up
4870,4870,confident up,confident up,unconfident down
4871,4871,confident up,unconfident up,confident up
4872,4872,confident up,unconfident up,confident up
4873,4873,confident up,confident up,confident up
4874,4874,confident down,unconfident up,unconfident up
4875,4875,unconfident up,unconfident up,confident up
4876,4876,unconfident up,confident up,unconfident up
4877,4877,unconfident down,unconfident down,unconfident down
4878,4878,confident up,confident up,confident up
4879,4879,confident down,unconfident up,unconfident up
4880,4880,unconfident up,unconfident up,confident up
4881,4881,unconfident up,unconfident up,unconfident up
4882,4882,unconfident up,confident up,confident down
4883,4883,confident up,confident up,confident up
4884,4884,unconfident down,unconfident up,confident up
4885,4885,confident up,confident up,confident up
4886,4886,unconfident up,unconfident up,confident up
4887,4887,confident up,unconfident down,unconfident down
4888,4888,unconfident up,confident up,unconfident down
4889,4889,unconfident up,confident up,confident up
4890,4890,unconfident up,confident up,confident up
4891,4891,unconfident up,confident up,confident up
4892,4892,confident down,confident up,unconfident down
4893,4893,unconfident up,unconfident up,unconfident up
4894,4894,confident up,unconfident down,unconfident up
4895,4895,unconfident up,confident up,unconfident up
4896,4896,unconfident down,confident up,unconfident up
4897,4897,unconfident up,confident up,unconfident up
4898,4898,confident down,unconfident down,confident up
4899,4899,confident up,unconfident up,unconfident up
4900,4900,confident up,unconfident down,unconfident down
4901,4901,confident down,unconfident down,unconfident down
4902,4902,unconfident up,unconfident up,unconfident down
4903,4903,confident up,confident up,unconfident down
4904,4904,unconfident up,unconfident up,confident up
4905,4905,confident up,confident up,confident up
4906,4906,confident up,unconfident up,unconfident down
4907,4907,unconfident down,confident up,confident up
4908,4908,confident up,confident up,confident up
4909,4909,confident up,unconfident up,confident up
4910,4910,unconfident up,confident up,unconfident down
4911,4911,confident up,confident up,confident up
4912,4912,unconfident up,unconfident up,unconfident down
4913,4913,unconfident up,confident up,confident up
4914,4914,confident up,unconfident up,unconfident down
4915,4915,confident up,confident up,unconfident up
4916,4916,unconfident up,confident up,unconfident up
4917,4917,confident up,confident up,unconfident up
4918,4918,confident up,confident down,unconfident up
4919,4919,unconfident up,confident up,unconfident up
4920,4920,unconfident down,unconfident up,confident up
4921,4921,unconfident up,unconfident down,confident up
4922,4922,confident up,confident up,confident up
4923,4923,confident up,unconfident down,unconfident up
4924,4924,confident up,confident up,confident down
4925,4925,unconfident up,unconfident up,unconfident up
4926,4926,unconfident down,unconfident up,confident up
4927,4927,confident up,confident up,confident up
4928,4928,unconfident up,unconfident up,confident up
4929,4929,unconfident down,confident up,confident up
4930,4930,confident up,confident up,confident up
4931,4931,unconfident down,confident up,unconfident up
4932,4932,unconfident down,unconfident up,unconfident up
4933,4933,unconfident up,unconfident down,unconfident down
4934,4934,unconfident down,confident up,confident up
4935,4935,confident up,unconfident up.,unconfident up
4936,4936,unconfident down,confident up,unconfident up
4937,4937,confident up,confident up,unconfident up
4938,4938,confident up,confident up,unconfident up
4939,4939,confident up,unconfident down,confident up
4940,4940,unconfident up,unconfident up,unconfident up
4941,4941,unconfident up,unconfident down,unconfident up
4942,4942,confident up,confident down,confident down
4943,4943,unconfident up,confident up,confident up
4944,4944,unconfident down,unconfident up,unconfident up
4945,4945,confident up,confident up,unconfident down
4946,4946,confident up,unconfident up,unconfident up
4947,4947,confident up,unconfident up,unconfident down
4948,4948,unconfident up,unconfident up,confident up
4949,4949,confident up,confident up,unconfident up
4950,4950,unconfident down,confident up,unconfident up
4951,4951,unconfident up,confident up,unconfident up
4952,4952,unconfident down,confident up,confident up
4953,4953,confident up,confident up,confident up
4954,4954,confident up,unconfident down,unconfident down
4955,4955,unconfident up,unconfident up,unconfident down
4956,4956,unconfident up,unconfident up,unconfident up
4957,4957,confident up,confident down,confident up
4958,4958,confident up,unconfident up,unconfident up
4959,4959,confident up,confident up,confident up
4960,4960,confident up,confident up,confident up
4961,4961,unconfident up,confident up,confident up
4962,4962,confident down,confident down,unconfident up
4963,4963,unconfident down,confident up,unconfident up
4964,4964,confident up,confident up,confident up
4965,4965,unconfident up,confident up,unconfident down
4966,4966,confident up,unconfident up,unconfident up
4967,4967,unconfident up,confident up,unconfident up
4968,4968,confident up,unconfident up,unconfident up
4969,4969,confident up,unconfident up,confident up
4970,4970,unconfident up,unconfident down,confident up
4971,4971,unconfident down,unconfident up,unconfident up
4972,4972,confident up,unconfident up,confident up
4973,4973,unconfident down,confident up,unconfident down
4974,4974,unconfident up,unconfident up,unconfident up
4975,4975,unconfident up,unconfident up,confident up
4976,4976,unconfident up,unconfident down,unconfident down
4977,4977,confident up,confident up,unconfident up
4978,4978,confident up,unconfident up,confident up
4979,4979,unconfident down,unconfident down,confident up
4980,4980,unconfident down,confident up,unconfident up
4981,4981,unconfident down,unconfident up,unconfident up
4982,4982,confident up,confident up,confident up
4983,4983,unconfident down,confident down,unconfident down
4984,4984,unconfident up,unconfident down,unconfident down
4985,4985,confident up,unconfident up,unconfident up
4986,4986,unconfident down,confident up,unconfident up
4987,4987,confident up,confident up,unconfident up
4988,4988,unconfident up,confident up,unconfident down
4989,4989,unconfident up,unconfident up,confident up
4990,4990,unconfident up,unconfident up,unconfident up
4991,4991,unconfident up,confident up,unconfident down
4992,4992,confident up,unconfident up,confident up
4993,4993,unconfident up,confident up,confident up
4994,4994,unconfident up,confident up,unconfident down
4995,4995,confident up,confident up,confident up
4996,4996,confident up,confident up,confident up
4997,4997,confident down,unconfident up.,unconfident down
4998,4998,unconfident down,unconfident down,confident up
4999,4999,unconfident down,confident down,confident up
5000,5000,unconfident down,unconfident down,unconfident up
5001,5001,confident up,confident up,confident up
5002,5002,unconfident up,unconfident up,confident up
5003,5003,unconfident down,confident up,unconfident down
5004,5004,confident up,confident up,confident up
5005,5005,confident up,unconfident up,unconfident up
5006,5006,unconfident up,confident up,confident up
5007,5007,confident up,confident up,confident up
5008,5008,unconfident up,confident up,confident up
5009,5009,confident up,confident up,unconfident up
5010,5010,unconfident up,confident up,unconfident up
5011,5011,unconfident down,unconfident down,confident down
5012,5012,unconfident up,unconfident up,unconfident up
5013,5013,unconfident up,confident up,unconfident up
5014,5014,confident up,confident up,unconfident down
5015,5015,unconfident up,unconfident down,unconfident down
5016,5016,confident up,confident up,confident up
5017,5017,unconfident up,confident up,confident up
5018,5018,confident down,unconfident up,confident up
5019,5019,unconfident up,unconfident down,confident up
5020,5020,confident up,confident up,unconfident up
5021,5021,unconfident down,unconfident up,unconfident up
5022,5022,confident up,unconfident up,unconfident up
5023,5023,unconfident down,unconfident up,unconfident down
5024,5024,confident up,confident up,confident up
5025,5025,confident up,unconfident up,confident up
5026,5026,unconfident down,confident up,unconfident down
5027,5027,confident up,confident up,confident down
5028,5028,unconfident up,unconfident down,confident up
5029,5029,unconfident up,unconfident down,unconfident down
5030,5030,unconfident up,confident up,unconfident up
5031,5031,confident up,unconfident up,confident up
5032,5032,unconfident up,unconfident down,unconfident up
5033,5033,unconfident up,unconfident up,unconfident down
5034,5034,confident up,confident up,unconfident up
5035,5035,confident up,confident up,confident up
5036,5036,unconfident up,unconfident up,unconfident up
5037,5037,unconfident up,unconfident up,confident up
5038,5038,unconfident up,unconfident down,unconfident up
5039,5039,confident up,confident up,unconfident down
5040,5040,unconfident down,unconfident down,confident up
5041,5041,unconfident down,unconfident down,unconfident down
5042,5042,confident up,unconfident up,confident up
5043,5043,unconfident up,unconfident up,unconfident up
5044,5044,unconfident down,confident up,confident up
5045,5045,confident up,confident up,confident up
5046,5046,confident up,confident up,confident up
5047,5047,unconfident up,confident up,unconfident up
5048,5048,confident up,unconfident down,confident up
5049,5049,confident up,confident up,confident up
5050,5050,confident up,unconfident up,confident up
5051,5051,confident up,confident up,confident up
5052,5052,unconfident up,unconfident down,unconfident down
5053,5053,confident up,confident up,unconfident up
5054,5054,unconfident up,unconfident up,confident up
5055,5055,unconfident up,confident up,unconfident up
5056,5056,confident up,confident up,unconfident up
5057,5057,unconfident up,unconfident down,unconfident up
5058,5058,unconfident up,unconfident up,unconfident down
5059,5059,unconfident down,confident up,confident up
5060,5060,unconfident up,unconfident up,unconfident up
5061,5061,confident up,confident up,unconfident up
5062,5062,unconfident down,confident up,unconfident down
5063,5063,unconfident up,confident up,unconfident up
5064,5064,confident up,unconfident up,confident up
5065,5065,unconfident up,unconfident up,unconfident down
5066,5066,confident up,confident up,confident up
5067,5067,unconfident up,unconfident up,confident up
5068,5068,confident up,unconfident down,confident up
5069,5069,unconfident up,unconfident down,unconfident up
5070,5070,unconfident down,unconfident down,confident up
5071,5071,unconfident up,unconfident down,confident up
5072,5072,unconfident up,unconfident down,confident up
5073,5073,confident up,unconfident up,confident up
5074,5074,unconfident down,unconfident down,unconfident down
5075,5075,confident up,confident up,unconfident up
5076,5076,confident up,confident up,confident up
5077,5077,unconfident up,unconfident up,unconfident up
5078,5078,confident up,unconfident up,unconfident up
5079,5079,unconfident up,confident up,unconfident down
5080,5080,unconfident up,unconfident down,unconfident down
5081,5081,unconfident up,confident down,confident down
5082,5082,confident up,confident up,confident up
5083,5083,unconfident up,confident up,confident up
5084,5084,unconfident up,confident up,unconfident down
5085,5085,unconfident up,unconfident up,confident up
5086,5086,confident up,unconfident down,unconfident up
5087,5087,unconfident up,unconfident up,confident up
5088,5088,confident up,confident up,unconfident up
5089,5089,confident up,confident up,confident up
5090,5090,unconfident up,unconfident up,unconfident up
5091,5091,unconfident up,confident down,confident up
5092,5092,unconfident up,confident up,unconfident up
5093,5093,confident up,unconfident up,confident up
5094,5094,unconfident up,unconfident up,confident up
5095,5095,unconfident up,unconfident down,confident up
5096,5096,confident up,unconfident up,unconfident down
5097,5097,confident up,unconfident up,confident up
5098,5098,confident up,confident up,unconfident up
5099,5099,unconfident down,unconfident up,unconfident up
5100,5100,unconfident up,unconfident down,confident up
5101,5101,unconfident down,confident up,confident up
5102,5102,confident up,unconfident up,confident up
5103,5103,confident down,unconfident up,unconfident down
5104,5104,unconfident up,unconfident down,unconfident up
5105,5105,unconfident up,unconfident up,confident up
5106,5106,unconfident down,unconfident down,unconfident up
5107,5107,confident up,confident up,confident up
5108,5108,confident up,unconfident up,unconfident up
5109,5109,confident up,confident up,confident up
5110,5110,unconfident down,confident down,confident down
5111,5111,confident up,confident up,confident up
5112,5112,unconfident up,unconfident down,unconfident up
5113,5113,unconfident down,unconfident up,unconfident up
5114,5114,confident down,unconfident up,unconfident up
5115,5115,confident up,confident up,confident up
5116,5116,confident up,unconfident down,unconfident down
5117,5117,unconfident down,unconfident up,unconfident down
5118,5118,unconfident up,unconfident up,unconfident down
5119,5119,unconfident up,unconfident up,confident up
5120,5120,confident up,unconfident down,confident up
5121,5121,confident up,unconfident down,confident up
5122,5122,confident up,unconfident up,confident up
5123,5123,unconfident up,unconfident up,confident up
5124,5124,unconfident down,unconfident up,unconfident down
5125,5125,confident up,confident up,unconfident up
5126,5126,confident up,unconfident up,unconfident up
5127,5127,unconfident up,unconfident down,unconfident up
5128,5128,unconfident down,unconfident up,unconfident up
5129,5129,confident up,unconfident down,unconfident up
5130,5130,unconfident up,confident up,confident up
5131,5131,unconfident down,unconfident down,confident up
5132,5132,confident up,unconfident down,confident up
5133,5133,confident up,confident up,unconfident up
5134,5134,unconfident down,confident up,unconfident up
5135,5135,confident up,unconfident up,confident up
5136,5136,confident up,confident up,unconfident down
5137,5137,confident up,unconfident up,unconfident down
5138,5138,unconfident up,confident up,unconfident up
5139,5139,confident up,unconfident down,confident up
5140,5140,confident up,unconfident up,unconfident down
5141,5141,confident up,confident up,unconfident up
5142,5142,confident up,confident up,confident up
5143,5143,unconfident down,confident up,unconfident up
5144,5144,confident up,unconfident down,confident up
5145,5145,unconfident up,unconfident up,unconfident up
5146,5146,unconfident down,confident up,unconfident up
5147,5147,confident up,confident up,confident up
5148,5148,unconfident down,confident up,confident up
5149,5149,unconfident down,unconfident down,unconfident down
5150,5150,confident up,unconfident down,unconfident up
5151,5151,unconfident down,unconfident down,unconfident up
5152,5152,unconfident up,"unconfident up 

",unconfident up
5153,5153,confident up,confident up,unconfident up
5154,5154,unconfident up,unconfident up,confident up
5155,5155,unconfident up,unconfident up,unconfident down
5156,5156,unconfident up,confident up,confident up
5157,5157,confident up,unconfident down,confident up
5158,5158,confident up,confident up,unconfident up
5159,5159,confident up,unconfident up,unconfident down
5160,5160,confident up,confident up,unconfident up
5161,5161,confident up,confident up,confident up
5162,5162,unconfident up,unconfident down,unconfident down
5163,5163,confident up,unconfident up,unconfident down
5164,5164,confident down,confident down,unconfident up
5165,5165,unconfident up,confident up,confident up
5166,5166,confident down,confident down,confident down
5167,5167,confident up,unconfident up,unconfident up
5168,5168,unconfident down,unconfident down,unconfident down
5169,5169,confident up,confident up,unconfident up
5170,5170,unconfident up,confident up,confident up
5171,5171,confident up,confident up,confident up
5172,5172,unconfident up,unconfident up,unconfident up
5173,5173,unconfident up,unconfident down,confident up
5174,5174,unconfident up,unconfident up,confident up
5175,5175,unconfident up,unconfident up,unconfident up
5176,5176,unconfident down,confident up,confident up
5177,5177,unconfident up,confident up,confident up
5178,5178,confident up,confident up,confident up
5179,5179,unconfident down,unconfident up,unconfident up
5180,5180,confident up,unconfident up,confident up
5181,5181,unconfident up,unconfident down,unconfident down
5182,5182,unconfident up,unconfident up,unconfident up
5183,5183,unconfident up,confident up,unconfident up
5184,5184,confident up,unconfident up,unconfident up
5185,5185,unconfident up,unconfident down,unconfident down
5186,5186,unconfident up,confident down,unconfident up
5187,5187,unconfident up,unconfident down,confident up
5188,5188,unconfident up,unconfident down,unconfident down
5189,5189,unconfident up,unconfident up,unconfident up
5190,5190,unconfident down,unconfident down,confident up
5191,5191,confident up,unconfident up,confident up
5192,5192,unconfident up,confident up,confident up
5193,5193,confident up,confident up,unconfident up
5194,5194,confident up,confident up,confident up
5195,5195,unconfident up,confident up,unconfident up
5196,5196,unconfident up,confident up,confident up
5197,5197,unconfident up,unconfident up,confident up
5198,5198,confident up,unconfident up,unconfident up
5199,5199,unconfident up,unconfident up,unconfident up
5200,5200,confident up,unconfident down,confident up
5201,5201,unconfident up,unconfident up,confident up
5202,5202,confident up,unconfident up,confident up
5203,5203,unconfident down,unconfident up,confident up
5204,5204,confident up,unconfident up,unconfident up
5205,5205,unconfident up,confident down,unconfident down
5206,5206,unconfident up,unconfident up,unconfident down
5207,5207,unconfident up,unconfident up,unconfident down
5208,5208,confident up,confident up,confident up
5209,5209,unconfident up,confident up,unconfident up
5210,5210,unconfident up,unconfident up,unconfident up
5211,5211,unconfident up,confident up,unconfident up
5212,5212,confident up,confident up,confident up
5213,5213,confident up,confident up,unconfident down
5214,5214,unconfident down,unconfident down,unconfident up
5215,5215,confident up,confident up,confident down
5216,5216,unconfident down,confident up,confident up
5217,5217,unconfident up,unconfident up,confident up
5218,5218,unconfident up,unconfident up,unconfident up
5219,5219,confident up,unconfident up,unconfident up
5220,5220,unconfident up,unconfident up,unconfident up
5221,5221,unconfident down,unconfident up,confident up
5222,5222,unconfident up,unconfident up,unconfident down
5223,5223,confident up,unconfident up,confident up
5224,5224,confident up,confident up,unconfident up
5225,5225,confident up,confident up,confident up
5226,5226,unconfident up,unconfident up,unconfident up
5227,5227,confident up,confident up,confident up
5228,5228,confident up,confident up,confident up
5229,5229,confident up,unconfident up,confident up
5230,5230,unconfident up,confident down,confident up
5231,5231,unconfident up,confident up,confident up
5232,5232,confident up,confident up,confident down
5233,5233,unconfident down,unconfident down,unconfident up
5234,5234,unconfident up,confident up,unconfident down
5235,5235,unconfident up,confident up,unconfident up
5236,5236,unconfident up,confident up,unconfident down
5237,5237,unconfident up,unconfident up,unconfident up
5238,5238,confident up,unconfident down,unconfident up
5239,5239,confident down,unconfident down,confident down
5240,5240,unconfident up,confident up,confident up
5241,5241,unconfident down,confident up,unconfident down
5242,5242,confident up,confident down,confident up
5243,5243,unconfident up,unconfident up,confident up
5244,5244,unconfident down,unconfident up,confident up
5245,5245,confident up,confident up,confident up
5246,5246,confident up,unconfident down,confident up
5247,5247,unconfident up,unconfident up,unconfident up
5248,5248,unconfident up,unconfident up,confident up
5249,5249,confident up,unconfident up,unconfident up
5250,5250,unconfident up,confident up,confident up
5251,5251,confident up,confident up,confident up
5252,5252,unconfident up,confident up,confident up
5253,5253,unconfident up,unconfident up,confident up
5254,5254,unconfident up,confident up,unconfident up
5255,5255,unconfident up,confident up,unconfident up
5256,5256,unconfident up,unconfident down,confident up
5257,5257,confident down,confident up,confident down
5258,5258,unconfident up,unconfident up,unconfident up
5259,5259,confident up,unconfident up,unconfident down
5260,5260,unconfident up,unconfident down,unconfident up
5261,5261,unconfident up,unconfident down,confident up
5262,5262,unconfident down,unconfident down,confident up
5263,5263,confident up,unconfident up,confident up
5264,5264,unconfident up,confident up,unconfident down
5265,5265,unconfident down,unconfident down,unconfident up
5266,5266,confident up,unconfident up,confident up
5267,5267,confident up,unconfident down,confident up
5268,5268,unconfident down,confident up,unconfident up
5269,5269,unconfident up,unconfident down,confident up
5270,5270,confident up,confident up,unconfident up
5271,5271,confident up,confident up,confident up
5272,5272,confident up,confident up,confident up
5273,5273,unconfident up,unconfident down,unconfident up
5274,5274,unconfident up,confident up,confident up
5275,5275,unconfident up,confident up,unconfident down
5276,5276,confident up,confident up,confident up
5277,5277,confident up,confident up,confident up
5278,5278,unconfident up,confident up,confident up
5279,5279,confident up,unconfident down,confident up
5280,5280,confident up,confident up,confident up
5281,5281,confident up,confident up,confident up
5282,5282,confident up,unconfident up,confident up
5283,5283,confident up,confident up,confident up
5284,5284,unconfident down,unconfident up,unconfident up
5285,5285,confident up,confident up,confident up
5286,5286,unconfident up,confident up,unconfident down
5287,5287,unconfident down,confident up,unconfident up
5288,5288,confident up,confident up,unconfident down
5289,5289,confident up,unconfident up,unconfident down
5290,5290,confident up,unconfident up,confident up
5291,5291,confident up,confident up,confident up
5292,5292,unconfident up,unconfident up,confident up
5293,5293,unconfident up,unconfident up,unconfident up
5294,5294,unconfident up,unconfident up,unconfident up
5295,5295,confident up,unconfident down,confident up
5296,5296,unconfident up,confident up,unconfident down
5297,5297,unconfident down,unconfident down,unconfident up
5298,5298,unconfident up,confident up,confident up
5299,5299,unconfident up,confident up,unconfident up
5300,5300,unconfident up,confident up,confident up
5301,5301,unconfident up,confident up,unconfident down
5302,5302,confident up,unconfident down,confident up
5303,5303,confident up,confident up,confident up
5304,5304,unconfident up,unconfident down,confident up
5305,5305,unconfident down,confident down,unconfident down
5306,5306,unconfident up,unconfident down,unconfident down
5307,5307,confident up,confident up,confident up
5308,5308,unconfident down,unconfident down,unconfident up
5309,5309,confident up,confident up,confident up
5310,5310,unconfident up,unconfident down,confident up
5311,5311,confident up,unconfident down,unconfident down
5312,5312,unconfident up,unconfident down,unconfident up
5313,5313,confident up,unconfident down,unconfident up
5314,5314,unconfident down,unconfident up,unconfident up
5315,5315,unconfident down,confident down,unconfident up
5316,5316,unconfident up,unconfident up,unconfident up
5317,5317,unconfident up,unconfident up,confident up
5318,5318,confident up,confident up,confident up
5319,5319,confident up,confident up,unconfident up
5320,5320,unconfident up,unconfident down,unconfident up
5321,5321,confident up,confident up,confident up
5322,5322,unconfident up,confident up,unconfident down
5323,5323,unconfident up,confident up,unconfident up
5324,5324,unconfident up,confident up,unconfident down
5325,5325,unconfident down,unconfident up,unconfident up
5326,5326,unconfident down,unconfident up,unconfident up
5327,5327,confident down,unconfident up,unconfident up
5328,5328,confident up,confident up,confident up
5329,5329,confident up,confident up,confident up
5330,5330,unconfident up,unconfident up,confident down
5331,5331,confident up,confident up,unconfident up
5332,5332,unconfident down,unconfident down,confident up
5333,5333,confident up,unconfident up,unconfident up
5334,5334,confident up,unconfident up,confident up
5335,5335,unconfident up,confident up,confident up
5336,5336,confident up,unconfident up,confident up
5337,5337,confident up,unconfident up,unconfident up
5338,5338,unconfident up,confident up,unconfident up
5339,5339,unconfident up,unconfident up,unconfident up
5340,5340,unconfident down,unconfident down,unconfident down
5341,5341,confident up,unconfident up,unconfident down
5342,5342,confident up,confident up,confident up
5343,5343,unconfident up,unconfident up,confident up
5344,5344,unconfident down,unconfident up,confident up
5345,5345,unconfident down,confident up,confident up
5346,5346,confident up,unconfident up,confident up
5347,5347,unconfident up,confident up,unconfident up
5348,5348,confident down,confident up,unconfident up
5349,5349,confident up,confident up,unconfident up
5350,5350,unconfident up,unconfident down,confident up
5351,5351,confident up,confident up,confident up
5352,5352,unconfident down,confident down,confident down
5353,5353,unconfident down,unconfident up,unconfident up
5354,5354,unconfident down,unconfident up,confident up
5355,5355,unconfident up,confident up,confident up
5356,5356,unconfident up,unconfident down,unconfident up
5357,5357,unconfident down,unconfident down,unconfident up
5358,5358,confident up,unconfident down,confident up
5359,5359,unconfident up,confident up,unconfident down
5360,5360,unconfident up,unconfident down,unconfident down
5361,5361,unconfident down,unconfident up,unconfident up
5362,5362,confident up,confident up,unconfident up
5363,5363,confident up,confident up,confident up
5364,5364,confident up,unconfident up,confident up
5365,5365,unconfident down,unconfident up,unconfident up
5366,5366,unconfident down,unconfident up,unconfident up
5367,5367,confident up,confident up,confident up
5368,5368,confident up,unconfident down,confident up
5369,5369,unconfident up,confident up,unconfident down
5370,5370,unconfident up,unconfident down,unconfident up
5371,5371,unconfident up,unconfident up,unconfident down
5372,5372,unconfident up,unconfident up,confident up
5373,5373,confident up,confident up,unconfident down
5374,5374,unconfident up,unconfident up,unconfident up
5375,5375,confident up,confident up,confident up
5376,5376,unconfident down,unconfident up,unconfident up
5377,5377,confident up,confident up,unconfident up
5378,5378,unconfident up,unconfident up,confident up
5379,5379,confident up,unconfident down,unconfident up
5380,5380,confident up,confident up,confident up
5381,5381,confident up,unconfident down,unconfident down
5382,5382,unconfident up,confident up,confident down
5383,5383,unconfident down,unconfident down,confident up
5384,5384,confident up,confident up,confident up
5385,5385,unconfident down,unconfident down,unconfident up
5386,5386,unconfident down,confident up,unconfident down
5387,5387,unconfident up,unconfident up,unconfident down
5388,5388,confident up,confident up,unconfident up
5389,5389,confident down,unconfident down,unconfident up
5390,5390,unconfident up,unconfident up,unconfident down
5391,5391,unconfident up,unconfident up,unconfident up
5392,5392,confident up,unconfident up,unconfident up
5393,5393,confident up,confident up,confident up
5394,5394,confident up,confident up,confident up
5395,5395,confident up,confident up,confident up
5396,5396,unconfident up,unconfident down,confident down
5397,5397,confident up,confident up,confident up
5398,5398,confident up,confident up,unconfident up
5399,5399,confident up,confident up,confident up
5400,5400,confident up,confident up,confident up
5401,5401,confident up,unconfident up,confident up
5402,5402,confident up,unconfident down,unconfident down
5403,5403,confident up,confident up,confident up
5404,5404,unconfident up,unconfident down,confident up
5405,5405,unconfident up,unconfident up,unconfident up
5406,5406,unconfident up,unconfident down,confident up
5407,5407,unconfident up,unconfident down,unconfident down
5408,5408,unconfident up,unconfident up,unconfident up
5409,5409,confident up,unconfident up,unconfident up
5410,5410,confident up,unconfident up,confident up
5411,5411,unconfident down,unconfident down,confident up
5412,5412,unconfident up,unconfident down,unconfident up
5413,5413,unconfident up,unconfident up,unconfident up
5414,5414,unconfident up,confident up,confident up
5415,5415,unconfident up,unconfident down,unconfident up
5416,5416,unconfident up,unconfident down,unconfident down
5417,5417,confident up,unconfident up,confident up
5418,5418,unconfident up,confident up,unconfident up
5419,5419,unconfident down,unconfident up,unconfident down
5420,5420,unconfident up,unconfident up,confident up
5421,5421,unconfident up,confident up,unconfident down
5422,5422,unconfident down,unconfident up,unconfident up
5423,5423,confident up,unconfident up,confident up
5424,5424,unconfident up,confident up,confident up
5425,5425,confident up,confident up,confident up
5426,5426,unconfident up,unconfident up,unconfident up
5427,5427,confident up,confident up,unconfident up
5428,5428,unconfident up,confident up,unconfident up
5429,5429,confident up,confident up,confident up
5430,5430,confident up,confident up,confident up
5431,5431,confident up,confident up,unconfident up
5432,5432,confident up,unconfident up,unconfident up
5433,5433,unconfident up,unconfident up,unconfident up
5434,5434,confident up,unconfident up,confident up
5435,5435,confident up,unconfident up,confident up
5436,5436,unconfident up,unconfident up,unconfident up
5437,5437,confident down,unconfident down,confident down
5438,5438,unconfident up,confident up,confident up
5439,5439,confident up,unconfident up,confident up
5440,5440,confident up,unconfident up,unconfident up
5441,5441,unconfident up,unconfident down,unconfident up
5442,5442,confident up,confident up,confident up
5443,5443,confident up,confident up,confident up
5444,5444,unconfident down,unconfident up,unconfident down
5445,5445,unconfident down,unconfident down,unconfident down
5446,5446,unconfident up,unconfident up,unconfident up
5447,5447,confident up,confident up,confident up
5448,5448,confident up,confident up,unconfident up
5449,5449,unconfident down,confident up,confident up
5450,5450,unconfident up,confident up,confident up
5451,5451,unconfident up,confident up,unconfident up
5452,5452,unconfident down,unconfident up,unconfident up
5453,5453,confident up,unconfident up,confident up
5454,5454,unconfident up,unconfident up,confident up
5455,5455,confident down,unconfident down,unconfident up
5456,5456,unconfident up,unconfident up,unconfident up
5457,5457,unconfident up,unconfident up,confident up
5458,5458,confident down,unconfident up,confident up
5459,5459,unconfident up,unconfident down,unconfident down
5460,5460,unconfident up,confident up,unconfident down
5461,5461,confident up,confident up,unconfident up
5462,5462,confident up,confident up,confident up
5463,5463,confident up,unconfident up,confident up
5464,5464,unconfident up,confident up,unconfident up
5465,5465,confident up,confident up,unconfident up
5466,5466,confident up,confident up,confident up
5467,5467,confident up,confident up,unconfident up
5468,5468,unconfident up,unconfident down,confident up
5469,5469,unconfident down,unconfident down,confident down
5470,5470,confident up,unconfident up,unconfident up
5471,5471,confident up,unconfident up,unconfident down
5472,5472,unconfident up,confident up,unconfident down
5473,5473,confident up,confident up,confident up
5474,5474,confident up,unconfident up,unconfident up
5475,5475,unconfident down,confident up,unconfident up
5476,5476,unconfident up,unconfident up,unconfident down
5477,5477,confident up,confident up,unconfident up
5478,5478,unconfident up,unconfident up,confident up
5479,5479,confident up,unconfident up,confident up
5480,5480,unconfident up,unconfident up,unconfident up
5481,5481,unconfident up,confident up,confident up
5482,5482,confident up,confident up,unconfident up
5483,5483,confident up,unconfident down,unconfident up
5484,5484,confident up,unconfident up,unconfident up
5485,5485,unconfident up,unconfident up,confident up
5486,5486,unconfident up,unconfident up,unconfident up
5487,5487,confident up,unconfident down,unconfident up
5488,5488,unconfident up,confident up,unconfident up
5489,5489,confident up,unconfident up,unconfident up
5490,5490,confident up,confident up,confident up
5491,5491,unconfident up,unconfident down,confident up
5492,5492,unconfident up,confident up,unconfident up
5493,5493,unconfident up,confident up,unconfident up
5494,5494,confident up,confident up,unconfident up
5495,5495,unconfident down,unconfident down,unconfident down
5496,5496,unconfident up,confident up,unconfident up
5497,5497,confident up,confident up,unconfident up
5498,5498,unconfident up,confident up,unconfident up
5499,5499,unconfident up,unconfident down,confident up
5500,5500,unconfident up,unconfident up,confident up
5501,5501,unconfident down,confident up,unconfident up
5502,5502,confident down,unconfident down,unconfident down
5503,5503,confident up,confident up,confident up
5504,5504,confident up,confident up,confident up
5505,5505,unconfident down,unconfident up,confident up
5506,5506,unconfident up,unconfident up,confident up
5507,5507,confident down,unconfident down,confident down
5508,5508,unconfident up,confident up,confident up
5509,5509,unconfident up,confident up,unconfident up
5510,5510,unconfident down,confident up,confident up
5511,5511,unconfident up,confident up,unconfident up
5512,5512,confident up,unconfident up,unconfident down
5513,5513,confident up,unconfident up,unconfident up
5514,5514,unconfident up,unconfident up,unconfident down
5515,5515,unconfident down,unconfident down,unconfident down
5516,5516,confident up,confident up,unconfident up
5517,5517,confident up,confident up,confident up
5518,5518,confident up,confident up,confident up
5519,5519,confident up,confident up,unconfident up
5520,5520,unconfident down,unconfident up,confident up
5521,5521,confident up,unconfident up,confident up
5522,5522,confident up,unconfident up,confident up
5523,5523,confident up,confident up,unconfident up
5524,5524,unconfident down,unconfident up,unconfident up
5525,5525,confident up,confident up,confident up
5526,5526,confident up,unconfident up,unconfident down
5527,5527,confident up,confident up,confident up
5528,5528,confident up,confident up,unconfident up
5529,5529,confident up,unconfident down,unconfident down
5530,5530,unconfident up,unconfident up,confident up
5531,5531,unconfident up,unconfident up,unconfident up
5532,5532,confident up,unconfident up,unconfident up
5533,5533,confident up,confident up,unconfident up
5534,5534,unconfident up,unconfident down,confident down
5535,5535,confident up,confident up,confident up
5536,5536,confident up,confident up,confident up
5537,5537,confident up,confident up,unconfident up
5538,5538,confident up,confident up,unconfident up
5539,5539,confident up,unconfident up,unconfident up
5540,5540,confident up,confident up,unconfident down
5541,5541,unconfident up,unconfident down,confident up
5542,5542,confident up,unconfident down,confident down
5543,5543,confident up,unconfident down,unconfident down
5544,5544,confident up,unconfident down,unconfident down
5545,5545,unconfident up,confident down,unconfident up
5546,5546,confident up,confident up,confident up
5547,5547,confident up,unconfident up,unconfident down
5548,5548,confident up,unconfident up,confident up
5549,5549,unconfident up,unconfident up,confident up
5550,5550,confident up,confident up,confident up
5551,5551,confident up,unconfident down,unconfident down
5552,5552,unconfident down,unconfident down,unconfident down
5553,5553,unconfident down,confident up,confident up
5554,5554,unconfident up,unconfident down,unconfident up
5555,5555,confident up,confident up,unconfident up
5556,5556,unconfident up,unconfident down,unconfident up
5557,5557,confident up,unconfident up,unconfident up
5558,5558,confident up,confident up,confident up
5559,5559,unconfident up,confident up,unconfident up
5560,5560,confident up,unconfident up,unconfident up
5561,5561,unconfident up,unconfident up,confident up
5562,5562,confident up,confident up,confident up
5563,5563,confident up,unconfident down,confident up
5564,5564,unconfident up,confident up,confident up
5565,5565,unconfident down,confident down,confident up
5566,5566,confident up,unconfident up,unconfident up
5567,5567,confident down,unconfident down,unconfident down
5568,5568,unconfident up,unconfident down,unconfident up
5569,5569,confident up,unconfident up,confident up
5570,5570,unconfident up,unconfident up,confident up
5571,5571,unconfident down,unconfident down,unconfident up
5572,5572,confident up,unconfident down,unconfident down
5573,5573,confident up,unconfident down,unconfident up
5574,5574,unconfident down,confident up,unconfident up
5575,5575,unconfident down,confident up,confident up
5576,5576,unconfident up,confident down,unconfident up
5577,5577,confident up,confident up,confident up
5578,5578,unconfident down,unconfident up,confident down
5579,5579,confident up,confident up,confident up
5580,5580,confident up,confident up,confident up
5581,5581,unconfident down,confident down,confident down
5582,5582,unconfident up,confident up,confident up
5583,5583,confident up,unconfident down,unconfident down
5584,5584,unconfident down,unconfident down,unconfident up
5585,5585,unconfident up,unconfident up,confident up
5586,5586,unconfident up,unconfident up,unconfident up
5587,5587,confident up,unconfident up,confident up
5588,5588,confident up,unconfident up,unconfident up
5589,5589,confident up,confident up,unconfident down
5590,5590,confident up,unconfident up,unconfident down
5591,5591,unconfident up,unconfident up,unconfident up
5592,5592,unconfident up,unconfident up,unconfident up
5593,5593,unconfident up,unconfident up,confident up
5594,5594,unconfident down,confident up,confident up
5595,5595,unconfident up,confident up,confident up
5596,5596,unconfident down,confident up,unconfident down
5597,5597,unconfident up,confident up,confident up
5598,5598,unconfident up,unconfident up,unconfident up
5599,5599,unconfident down,unconfident down,unconfident up
5600,5600,unconfident up,unconfident down,confident up
5601,5601,confident up,unconfident up,confident up
5602,5602,confident up,confident up,confident up
5603,5603,confident up,confident up,confident up
5604,5604,confident up,confident up,unconfident up
5605,5605,confident up,unconfident up,confident up
5606,5606,unconfident up,unconfident up,unconfident up
5607,5607,unconfident up,confident up,confident up
5608,5608,unconfident up,confident up,confident up
5609,5609,confident up,confident up,confident up
5610,5610,unconfident up,unconfident up,unconfident down
5611,5611,unconfident down,unconfident down,unconfident up
5612,5612,unconfident up,confident up,confident up
5613,5613,confident up,confident up,unconfident up
5614,5614,unconfident up,unconfident up,unconfident up
5615,5615,confident up,confident up,confident up
5616,5616,unconfident down,unconfident up,unconfident up
5617,5617,unconfident up,unconfident up,unconfident up
5618,5618,confident up,unconfident up,unconfident up
5619,5619,confident up,confident up,unconfident down
5620,5620,confident up,confident up,unconfident up
5621,5621,confident up,confident up,unconfident up
5622,5622,confident up,unconfident up,confident up
5623,5623,confident up,confident up,confident up
5624,5624,unconfident up,confident up,confident up
5625,5625,confident up,unconfident up,unconfident up
5626,5626,unconfident up,unconfident up,unconfident down
5627,5627,unconfident up,unconfident up,unconfident up
5628,5628,unconfident up,unconfident up,confident up
5629,5629,confident up,confident up,confident up
5630,5630,confident up,unconfident up,confident up
5631,5631,confident up,confident up,confident up
5632,5632,unconfident up,confident up,unconfident up
5633,5633,unconfident down,unconfident down,confident down
5634,5634,confident up,unconfident up,unconfident up
5635,5635,unconfident down,confident up,confident up
5636,5636,unconfident down,confident up,unconfident up
5637,5637,confident down,unconfident up,confident up
5638,5638,confident up,unconfident up,unconfident up
5639,5639,unconfident up,confident up,unconfident up
5640,5640,unconfident down,confident down,unconfident down
5641,5641,unconfident down,unconfident up,unconfident up
5642,5642,unconfident up,unconfident down,unconfident up
5643,5643,unconfident up,unconfident up,confident up
5644,5644,unconfident up,unconfident up,confident up
5645,5645,unconfident up,confident up,confident up
5646,5646,unconfident up,unconfident up,confident up
5647,5647,confident up,confident up,confident up
5648,5648,confident up,confident up,confident up
5649,5649,unconfident down,unconfident down,unconfident down
5650,5650,unconfident up,confident up,confident up
5651,5651,confident up,confident up,unconfident up
5652,5652,confident up,unconfident up,unconfident up
5653,5653,confident up,unconfident up,unconfident down
5654,5654,confident up,confident up,confident up
5655,5655,confident up,confident up,confident up
5656,5656,confident up,confident up,confident up
5657,5657,confident up,unconfident down,unconfident down
5658,5658,unconfident down,unconfident down,unconfident up
5659,5659,confident up,confident up,unconfident up
5660,5660,unconfident up,confident up,unconfident up
5661,5661,unconfident up,unconfident up,confident up
5662,5662,confident up,unconfident up,unconfident up
5663,5663,confident up,confident up,confident up
5664,5664,confident up,unconfident down,confident up
5665,5665,unconfident up,unconfident down,unconfident down
5666,5666,unconfident up,confident up,confident up
5667,5667,confident up,confident up,confident up
5668,5668,unconfident up,unconfident down,unconfident down
5669,5669,unconfident down,confident up,confident up
5670,5670,unconfident down,confident up,unconfident down
5671,5671,confident up,unconfident up,unconfident down
5672,5672,unconfident up,unconfident down,unconfident up
5673,5673,unconfident down,unconfident down,unconfident down
5674,5674,unconfident up,confident up,unconfident up
5675,5675,unconfident down,confident up,unconfident up
5676,5676,unconfident up,unconfident down,unconfident down
5677,5677,confident up,confident up,confident up
5678,5678,confident up,unconfident down,confident up
5679,5679,confident up,unconfident up,confident up
5680,5680,unconfident down,confident up,unconfident down
5681,5681,confident down,confident down,unconfident down
5682,5682,unconfident up,confident up,unconfident up
5683,5683,confident down,confident down,unconfident down
5684,5684,confident up,confident up,confident up
5685,5685,confident up,confident up,confident up
5686,5686,unconfident up,unconfident up,unconfident up
5687,5687,confident up,confident up,confident up
5688,5688,unconfident down,confident up,unconfident up
5689,5689,confident up,unconfident down,confident up
5690,5690,confident up,unconfident up,unconfident up
5691,5691,confident up,unconfident up,confident up
5692,5692,confident up,confident up,unconfident up
5693,5693,confident up,confident up,confident up
5694,5694,confident up,unconfident down,unconfident up
5695,5695,confident up,confident up,unconfident up
5696,5696,confident up,confident up,confident up
5697,5697,confident up,unconfident up,confident up
5698,5698,confident up,unconfident up,confident up
5699,5699,unconfident up,unconfident up,unconfident up
5700,5700,unconfident up,confident up,unconfident up
5701,5701,unconfident up,confident up,unconfident down
5702,5702,confident up,unconfident up,confident up
5703,5703,confident up,confident up,confident up
5704,5704,confident up,unconfident down,unconfident down
5705,5705,confident up,confident up,confident up
5706,5706,unconfident up,confident up,confident up
5707,5707,confident up,unconfident up,confident up
5708,5708,unconfident down,confident up,unconfident up
5709,5709,unconfident down,unconfident down,unconfident up
5710,5710,confident up,confident up,unconfident up
5711,5711,confident up,unconfident up,confident up
5712,5712,unconfident down,unconfident up,unconfident up
5713,5713,confident down,unconfident down,unconfident down
5714,5714,unconfident up,confident up,unconfident up
5715,5715,unconfident up,confident up,confident up
5716,5716,unconfident up,confident up,confident up
5717,5717,confident up,confident up,confident up
5718,5718,confident up,confident up,unconfident up
5719,5719,unconfident down,confident up,confident up
5720,5720,unconfident up,confident up,unconfident up
5721,5721,unconfident up,unconfident up,confident up
5722,5722,confident up,confident up,confident up
5723,5723,unconfident up,confident up,confident up
5724,5724,confident up,unconfident up,unconfident up
5725,5725,confident up,confident up,confident up
5726,5726,confident up,unconfident up,unconfident down
5727,5727,unconfident down,unconfident up,confident up
5728,5728,confident down,confident up,confident down
5729,5729,unconfident down,unconfident down,unconfident down
5730,5730,unconfident down,confident up,confident up
5731,5731,confident up,unconfident up,confident up
5732,5732,unconfident down,unconfident down,unconfident up
5733,5733,confident down,unconfident down,unconfident up
5734,5734,confident up,unconfident up,unconfident up
5735,5735,confident down,confident up,confident up
5736,5736,unconfident down,unconfident up,confident down
5737,5737,confident up,confident up,unconfident up
5738,5738,confident up,confident up,unconfident up
5739,5739,unconfident up,confident down,unconfident up
5740,5740,unconfident down,confident down,confident up
5741,5741,unconfident up,confident down,confident down
5742,5742,confident up,unconfident up,confident up
5743,5743,unconfident up,unconfident up,confident up
5744,5744,unconfident up,confident up,unconfident up
5745,5745,confident up,confident up,confident up
5746,5746,confident up,confident up,confident up
5747,5747,unconfident down,confident down,confident up
5748,5748,unconfident down,unconfident up,unconfident up
5749,5749,confident up,confident up,confident up
5750,5750,unconfident up,unconfident up,confident up
5751,5751,confident up,unconfident up,unconfident up
5752,5752,confident up,confident up,unconfident down
5753,5753,unconfident up,unconfident up,unconfident up
5754,5754,confident up,unconfident down,unconfident up
5755,5755,confident up,confident up,confident up
5756,5756,confident up,unconfident up,confident up
5757,5757,confident up,unconfident up,unconfident up
5758,5758,confident up,confident up,confident up
5759,5759,confident up,unconfident up,unconfident up
5760,5760,confident up,unconfident up,unconfident up
5761,5761,unconfident up,confident up,confident up
5762,5762,unconfident up,confident up,confident up
5763,5763,unconfident up,unconfident up,unconfident up
5764,5764,unconfident up,confident up,unconfident up
5765,5765,confident up,unconfident down,unconfident up
5766,5766,confident up,confident up,confident up
5767,5767,confident down,confident up,confident up
5768,5768,confident up,confident up,unconfident down
5769,5769,unconfident up,unconfident down,confident up
5770,5770,unconfident up,unconfident up,unconfident down
5771,5771,confident down,confident up,unconfident down
5772,5772,confident up,confident up,unconfident down
5773,5773,unconfident down,unconfident down,unconfident down
5774,5774,unconfident up,confident up,confident up
5775,5775,confident up,confident up,unconfident up
5776,5776,confident up,unconfident up,unconfident up
5777,5777,unconfident up,confident up,confident up
5778,5778,unconfident down,unconfident down,confident down
5779,5779,confident up,unconfident up,confident up
5780,5780,confident up,confident up,unconfident up
5781,5781,unconfident down,unconfident up,confident up
5782,5782,confident up,confident up,unconfident up
5783,5783,confident up,unconfident up,confident up
5784,5784,unconfident up,unconfident up,unconfident up
5785,5785,confident up,unconfident down,confident up
5786,5786,confident up,unconfident down,confident up
5787,5787,confident up,unconfident down,unconfident up
5788,5788,confident up,unconfident up,confident down
5789,5789,unconfident down,unconfident down,unconfident down
5790,5790,unconfident down,unconfident down,confident up
5791,5791,unconfident up,confident down,unconfident up
5792,5792,confident up,confident up,unconfident up
5793,5793,unconfident up,unconfident up,unconfident down
5794,5794,unconfident up,confident up,unconfident up
5795,5795,unconfident up,confident up,confident up
5796,5796,confident up,unconfident up,unconfident up
5797,5797,unconfident down,confident up,unconfident up
5798,5798,unconfident up,unconfident up,confident up
5799,5799,confident up,unconfident down,confident up
5800,5800,unconfident down,unconfident down,unconfident down
5801,5801,confident up,confident down,unconfident up
5802,5802,unconfident up,unconfident up,confident up
5803,5803,unconfident down,confident up,unconfident up
5804,5804,confident up,confident up,confident up
5805,5805,confident up,unconfident up,confident up
5806,5806,confident up,unconfident up,unconfident down
5807,5807,unconfident down,confident up,confident down
5808,5808,unconfident up,unconfident up,confident up
5809,5809,confident up,confident up,confident up
5810,5810,unconfident up,unconfident down,unconfident down
5811,5811,confident up,confident up,confident up
5812,5812,confident up,unconfident down,confident up
5813,5813,confident up,unconfident up,unconfident up
5814,5814,unconfident up,unconfident up,confident up
5815,5815,unconfident down,unconfident up,unconfident down
5816,5816,confident up,unconfident up,unconfident up
5817,5817,confident up,unconfident up,confident up
5818,5818,unconfident up,confident down,unconfident down
5819,5819,confident up,confident up,confident up
5820,5820,unconfident up,confident up,unconfident up
5821,5821,confident up,unconfident up,unconfident up
5822,5822,unconfident up,confident up,unconfident down
5823,5823,confident up,confident up,confident up
5824,5824,confident up,unconfident up,confident up
5825,5825,unconfident up,confident up,confident up
5826,5826,confident up,unconfident down,unconfident down
5827,5827,unconfident down,confident up,unconfident down
5828,5828,confident up,confident up,confident up
5829,5829,confident up,confident up,unconfident down
5830,5830,confident down,unconfident up,unconfident down
5831,5831,unconfident down,confident up,confident up
5832,5832,confident up,unconfident up,confident up
5833,5833,unconfident up,unconfident up,confident up
5834,5834,confident up,confident up,unconfident down
5835,5835,confident up,confident up,confident up
5836,5836,unconfident up,confident up,unconfident up
5837,5837,unconfident up,confident down,confident up
5838,5838,unconfident up,confident up,confident up
5839,5839,unconfident up,confident up,confident up
5840,5840,unconfident up,confident up,unconfident up
5841,5841,confident up,unconfident up,confident up
5842,5842,unconfident up,confident up,unconfident up
5843,5843,confident up,confident up,confident up
5844,5844,unconfident up,confident up,unconfident up
5845,5845,unconfident down,unconfident up,unconfident up
5846,5846,unconfident up,unconfident up,confident up
5847,5847,unconfident up,confident up,confident up
5848,5848,confident up,unconfident up,confident up
5849,5849,confident up,unconfident up,unconfident up
5850,5850,confident up,unconfident up,unconfident down
5851,5851,confident up,confident up,confident up
5852,5852,unconfident down,confident up,unconfident down
5853,5853,confident up,confident up,unconfident up
5854,5854,unconfident up,confident up,unconfident up
5855,5855,confident up,unconfident up,unconfident up
5856,5856,unconfident up,unconfident up,confident up
5857,5857,unconfident up,unconfident down,unconfident up
5858,5858,confident up,unconfident down,"unconfident up 

"
5859,5859,unconfident up,unconfident up,unconfident up
5860,5860,unconfident down,unconfident down,confident up
5861,5861,confident up,confident up,confident up
5862,5862,confident up,confident up,confident up
5863,5863,unconfident up,unconfident up,unconfident down
5864,5864,confident up,unconfident down,unconfident up
5865,5865,unconfident up,unconfident up,confident up
5866,5866,unconfident up,unconfident up,unconfident up
5867,5867,unconfident down,unconfident up,unconfident up
5868,5868,unconfident down,unconfident down,confident up
5869,5869,unconfident up,unconfident down,unconfident up
5870,5870,unconfident up,confident up,confident up
5871,5871,unconfident up,unconfident up,unconfident up
5872,5872,confident up,unconfident up,unconfident up
5873,5873,unconfident up,confident up,confident up
5874,5874,confident up,unconfident up,unconfident up
5875,5875,unconfident down,unconfident up,unconfident down
5876,5876,unconfident down,unconfident down,confident up
5877,5877,confident up,confident up,unconfident up
5878,5878,confident down,unconfident down,unconfident up
5879,5879,unconfident up,confident up,confident up
5880,5880,confident up,unconfident down,confident up
5881,5881,confident up,confident up,confident up
5882,5882,confident up,confident up,confident up
5883,5883,unconfident down,confident up,confident up
5884,5884,confident up,unconfident up,unconfident up
5885,5885,confident up,unconfident up,confident up
5886,5886,confident up,confident up,confident up
5887,5887,confident up,unconfident up,unconfident up
5888,5888,unconfident down,unconfident up,unconfident up
5889,5889,unconfident up,unconfident up,unconfident down
5890,5890,unconfident down,unconfident down,unconfident down
5891,5891,unconfident up,confident up,confident up
5892,5892,confident up,confident up,confident up
5893,5893,unconfident up,confident up,unconfident up
5894,5894,unconfident up,unconfident down,unconfident up
5895,5895,confident up,unconfident up,unconfident up
5896,5896,confident up,confident up,confident up
5897,5897,confident up,confident up,unconfident up
5898,5898,unconfident up,confident up,unconfident up
5899,5899,confident up,confident up,unconfident up
5900,5900,unconfident up,confident up,unconfident up
5901,5901,confident up,unconfident down,confident up
5902,5902,confident up,unconfident down,confident up
5903,5903,unconfident down,confident up,unconfident up
5904,5904,confident up,confident up,confident up
5905,5905,confident up,confident up,unconfident up
5906,5906,confident up,confident up,confident up
5907,5907,unconfident up,confident up,unconfident up
5908,5908,unconfident up,confident up,unconfident up
5909,5909,confident up,unconfident up,confident up
5910,5910,unconfident up,unconfident up,confident up
5911,5911,confident up,unconfident up,unconfident up
5912,5912,confident up,confident up,confident up
5913,5913,unconfident down,unconfident down,confident up
5914,5914,confident up,confident up,unconfident up
5915,5915,unconfident down,confident up,unconfident up
5916,5916,unconfident down,unconfident up,unconfident up
5917,5917,confident up,confident up,confident up
5918,5918,confident up,unconfident up,confident up
5919,5919,unconfident up,unconfident down,unconfident down
5920,5920,unconfident up,confident up,unconfident up
5921,5921,confident up,confident up,unconfident up
5922,5922,confident up,unconfident up,unconfident up
5923,5923,confident up,confident up,unconfident up
5924,5924,unconfident up,confident down,confident up
5925,5925,unconfident down,unconfident down,unconfident down
5926,5926,unconfident up,unconfident up,confident up
5927,5927,confident up,unconfident up,unconfident up
5928,5928,confident up,unconfident down,confident up
5929,5929,unconfident up,confident up,unconfident down
5930,5930,unconfident up,unconfident up,unconfident up
5931,5931,unconfident up,confident up,unconfident up
5932,5932,confident up,confident up,confident up
5933,5933,unconfident up,unconfident down,unconfident up
5934,5934,confident up,unconfident up,confident up
5935,5935,confident up,unconfident up,unconfident up
5936,5936,unconfident up,unconfident down,unconfident up
5937,5937,confident down,unconfident down,confident up
5938,5938,unconfident up,unconfident up,unconfident down
5939,5939,unconfident down,unconfident down,unconfident down
5940,5940,unconfident down,confident up,unconfident down
5941,5941,unconfident up,confident up,confident up
5942,5942,confident up,confident up,unconfident up
5943,5943,confident up,confident up,confident up
5944,5944,unconfident down,confident down,unconfident down
5945,5945,confident up,unconfident up,confident up
5946,5946,unconfident up,unconfident up,confident up
5947,5947,unconfident up,unconfident up,confident up
5948,5948,confident up,confident up,unconfident up
5949,5949,unconfident up,confident up,confident up
5950,5950,unconfident up,unconfident up,unconfident down
5951,5951,unconfident down,confident up,confident up
5952,5952,confident up,confident up,confident up
5953,5953,unconfident up,confident down,confident up
5954,5954,unconfident up,unconfident up,confident up
5955,5955,confident down,unconfident up,confident up
5956,5956,unconfident up,unconfident down,unconfident up
5957,5957,unconfident up,unconfident up,confident up
5958,5958,unconfident up,confident up,unconfident up
5959,5959,unconfident down,confident up,unconfident down
5960,5960,unconfident down,unconfident down,unconfident down
5961,5961,confident up,confident up,unconfident down
5962,5962,confident up,unconfident up,unconfident up
5963,5963,confident up,confident up,confident up
5964,5964,confident up,confident up,unconfident up
5965,5965,unconfident down,confident down,unconfident down
5966,5966,confident up,confident up,confident up
5967,5967,confident up,unconfident up,confident up
5968,5968,confident up,confident up,confident up
5969,5969,confident down,confident down,confident down
5970,5970,confident up,unconfident up,unconfident down
5971,5971,confident up,confident up,unconfident down
5972,5972,unconfident down,unconfident up,unconfident up
5973,5973,unconfident up,unconfident up,confident up
5974,5974,confident up,unconfident up,unconfident up
5975,5975,confident up,confident up,unconfident up
5976,5976,unconfident up,unconfident up,unconfident up
5977,5977,confident up,confident up,unconfident up
5978,5978,unconfident up,confident up,unconfident up
5979,5979,unconfident up,confident up,unconfident up
5980,5980,unconfident up,unconfident up,unconfident down
5981,5981,confident up,confident up,confident up
5982,5982,unconfident up,unconfident up,unconfident up
5983,5983,unconfident up,unconfident up,unconfident up
5984,5984,confident down,confident down,confident down
5985,5985,unconfident up,unconfident up,confident up
5986,5986,unconfident down,unconfident down,unconfident down
5987,5987,confident up,confident up,confident up
5988,5988,confident up,unconfident up,confident up
5989,5989,unconfident up.,unconfident up,unconfident up
5990,5990,confident up,confident down,unconfident up
5991,5991,confident up,confident up,confident up
5992,5992,confident up,confident up,confident up
5993,5993,confident down,confident up,unconfident up
5994,5994,unconfident down,unconfident up,confident up
5995,5995,unconfident up,unconfident up,unconfident up
5996,5996,confident down,unconfident down,confident up
5997,5997,unconfident up,confident up,confident up
5998,5998,confident up,unconfident down,unconfident up
5999,5999,unconfident down,confident up,confident up
6000,6000,unconfident up,confident up,confident up
6001,6001,unconfident down,unconfident down,unconfident up
6002,6002,confident up,unconfident up,unconfident down
6003,6003,confident up,confident up,unconfident up
6004,6004,confident down,unconfident down,unconfident down
6005,6005,unconfident down,confident down,confident up
6006,6006,confident up,confident up,confident up
6007,6007,unconfident up,confident up,confident up
6008,6008,unconfident up,unconfident up,unconfident up
6009,6009,unconfident up,confident up,confident up
6010,6010,confident up,unconfident down,confident up
6011,6011,confident up,unconfident up,confident up
6012,6012,confident up,confident up,confident up
6013,6013,confident up,confident up,confident up
6014,6014,unconfident down,confident up,confident up
6015,6015,unconfident up,unconfident up,unconfident down
6016,6016,confident up,unconfident up,unconfident up
6017,6017,confident up,confident up,unconfident down
6018,6018,unconfident up,unconfident up,confident up
6019,6019,confident up,unconfident up,unconfident up
6020,6020,confident up,confident up,confident up
6021,6021,confident up,unconfident up,unconfident down
6022,6022,unconfident up,confident up,confident up
6023,6023,unconfident up,unconfident up,unconfident down
6024,6024,unconfident up,confident up,unconfident up
6025,6025,"unconfident up 

",unconfident down,confident up
6026,6026,unconfident down,confident up,unconfident up
6027,6027,unconfident up,unconfident up,unconfident up
6028,6028,confident down,unconfident up,unconfident up
6029,6029,confident up,confident up,unconfident up
6030,6030,unconfident up,unconfident up,confident up
6031,6031,confident down,confident up,unconfident up
6032,6032,confident up,unconfident up,unconfident up
6033,6033,unconfident down,unconfident up,confident up
6034,6034,confident up,unconfident up,unconfident down
6035,6035,confident up,confident up,unconfident up
6036,6036,confident up,unconfident up,unconfident up
6037,6037,unconfident up,confident up,confident up
6038,6038,unconfident up,unconfident up,confident up
6039,6039,unconfident down,confident down,unconfident down
6040,6040,confident up,unconfident down,unconfident up
6041,6041,confident up,unconfident up,confident up
6042,6042,unconfident up,unconfident up,confident up
6043,6043,unconfident up,unconfident up,unconfident up
6044,6044,unconfident down,confident up,unconfident down
6045,6045,unconfident down,confident up,confident up
6046,6046,unconfident up,confident up,unconfident up
6047,6047,confident up,unconfident up,unconfident up
6048,6048,confident up,confident up,confident up
6049,6049,unconfident down,confident up,unconfident down
6050,6050,unconfident down,unconfident up,unconfident up
6051,6051,confident up,unconfident up,confident up
6052,6052,confident up,unconfident down,unconfident up
6053,6053,confident up,confident up,confident up
6054,6054,unconfident up,confident up,confident up
6055,6055,unconfident down,unconfident down,unconfident up
6056,6056,unconfident down,unconfident up,unconfident up
6057,6057,unconfident up,unconfident down,unconfident down
6058,6058,confident up,unconfident down,unconfident up
6059,6059,confident up,confident up,unconfident up
6060,6060,unconfident down,confident down,confident down
6061,6061,unconfident up,unconfident up,unconfident down
6062,6062,unconfident up,unconfident up,unconfident up
6063,6063,confident up,unconfident down,confident down
6064,6064,unconfident up,unconfident down,confident up
6065,6065,confident up,unconfident up,unconfident down
6066,6066,unconfident up,confident up,unconfident up
6067,6067,confident up,unconfident down,unconfident down
6068,6068,unconfident up,unconfident up,confident up
6069,6069,unconfident down,confident up,confident up
6070,6070,confident up,confident up,unconfident up
6071,6071,confident up,confident up,unconfident up
6072,6072,confident up,confident up,confident up
6073,6073,unconfident up,confident up,confident up
6074,6074,unconfident up,unconfident up,unconfident up
6075,6075,unconfident up,unconfident up,confident up
6076,6076,unconfident up,unconfident up,unconfident up
6077,6077,confident up,unconfident up,confident up
6078,6078,confident up,unconfident up,confident up
6079,6079,confident up,confident up,confident up
6080,6080,confident up,confident up,unconfident up
6081,6081,unconfident up,unconfident up,unconfident up
6082,6082,confident down,confident up,unconfident down
6083,6083,confident up,confident up,unconfident up
6084,6084,confident up,unconfident up,confident up
6085,6085,unconfident up,confident down,confident up
6086,6086,confident up,unconfident down,unconfident down
6087,6087,confident up,confident up,confident up
6088,6088,unconfident up,unconfident down,unconfident down
6089,6089,confident down,unconfident down,unconfident down
6090,6090,confident up,confident up,confident up
6091,6091,unconfident down,unconfident down,confident up
6092,6092,unconfident up,unconfident down,confident up
6093,6093,unconfident up,unconfident up,unconfident up
6094,6094,unconfident up,confident up,unconfident down
6095,6095,unconfident up,confident up,unconfident up
6096,6096,unconfident up,unconfident down,unconfident up
6097,6097,unconfident up,confident up,confident up
6098,6098,unconfident down,unconfident up,confident down
6099,6099,unconfident down,unconfident down,unconfident down
6100,6100,confident up,confident up,confident up
6101,6101,unconfident down,confident up,unconfident up
6102,6102,confident up,unconfident down,unconfident down
6103,6103,unconfident up,confident up,confident up
6104,6104,unconfident up,unconfident up,confident up
6105,6105,unconfident down,confident up,confident up
6106,6106,confident up,confident up,confident up
6107,6107,unconfident up,unconfident up,confident up
6108,6108,confident up,confident up,confident up
6109,6109,confident up,unconfident down,confident up
6110,6110,confident up,confident up,confident up
6111,6111,confident up,unconfident up,confident up
6112,6112,unconfident up,unconfident up,unconfident down
6113,6113,unconfident up,confident down,confident down
6114,6114,unconfident up,confident up,confident up
6115,6115,unconfident up,unconfident up,unconfident up
6116,6116,unconfident up,unconfident up,unconfident up
6117,6117,confident up,unconfident down,confident up
6118,6118,confident up,confident up,unconfident up
6119,6119,unconfident up,unconfident down,unconfident down
6120,6120,unconfident down,confident up,unconfident down
6121,6121,unconfident up,confident up,confident up
6122,6122,unconfident up,unconfident up,unconfident up
6123,6123,unconfident up,confident up,confident up
6124,6124,confident up,confident up,confident up
6125,6125,unconfident up,confident up,unconfident up
6126,6126,confident up,unconfident down,confident up
6127,6127,unconfident down,confident up,unconfident up
6128,6128,unconfident up,unconfident up,confident up
6129,6129,confident down,unconfident down,unconfident down
6130,6130,unconfident down,confident up,unconfident down
6131,6131,confident up,confident up,confident up
6132,6132,unconfident up,unconfident up,unconfident down
6133,6133,confident up,confident up,confident up
6134,6134,confident up,unconfident up,unconfident down
6135,6135,confident up,confident up,unconfident up
6136,6136,confident up,confident up,confident up
6137,6137,unconfident down,unconfident up,confident up
6138,6138,confident up,unconfident down,unconfident up
6139,6139,confident up,confident up,confident up
6140,6140,confident up,unconfident down,unconfident down
6141,6141,confident up,confident up,confident up
6142,6142,unconfident down,confident up,unconfident up
6143,6143,unconfident down,unconfident down,unconfident down
6144,6144,confident up,confident up,unconfident up
6145,6145,confident up,unconfident up,unconfident up
6146,6146,confident up,confident up,confident up
6147,6147,confident down,"unconfident down 

",confident up
6148,6148,unconfident up,unconfident down,unconfident up
6149,6149,confident up,unconfident up,confident up
6150,6150,confident up,unconfident down,confident up
6151,6151,confident up,unconfident up,confident up
6152,6152,unconfident down,unconfident down,confident up
6153,6153,unconfident down,unconfident down,confident down
6154,6154,confident up,unconfident up,unconfident up
6155,6155,confident up,unconfident up,unconfident up
6156,6156,unconfident up,confident up,unconfident down
6157,6157,unconfident down,unconfident down,unconfident up
6158,6158,confident up,confident up,confident up
6159,6159,unconfident up,unconfident down,confident up
6160,6160,unconfident down,unconfident down,confident up
6161,6161,confident up,unconfident up,confident up
6162,6162,unconfident up,unconfident down,unconfident up
6163,6163,confident up,confident up,unconfident up
6164,6164,confident down,unconfident down,confident up
6165,6165,unconfident down,unconfident down,confident up
6166,6166,confident up,confident up,unconfident up
6167,6167,unconfident down,confident up,confident up
6168,6168,unconfident down,unconfident up,unconfident down
6169,6169,unconfident down,unconfident up,confident up
6170,6170,unconfident down,unconfident up,unconfident up
6171,6171,unconfident up,confident up,confident up
6172,6172,unconfident down,unconfident down,unconfident down
6173,6173,confident up,confident up,unconfident up
6174,6174,confident up,confident up,unconfident up
6175,6175,confident up,confident up,confident up
6176,6176,confident up,unconfident up,confident up
6177,6177,unconfident up,unconfident down,confident up
6178,6178,confident up,confident up,unconfident up
6179,6179,confident up,unconfident down,unconfident up
6180,6180,confident up,confident up,confident up
6181,6181,confident up,unconfident down,unconfident up
6182,6182,confident down,confident down,unconfident down
6183,6183,confident up,confident up,confident up
6184,6184,confident up,unconfident up,confident up
6185,6185,unconfident down,confident up,confident up
6186,6186,unconfident down,confident up,confident up
6187,6187,unconfident up,confident up,confident up
6188,6188,confident up,confident up,confident up
6189,6189,confident down,unconfident up,unconfident down
6190,6190,confident up,confident up,confident up
6191,6191,unconfident down,unconfident up,confident up
6192,6192,unconfident up,confident up,confident up
6193,6193,unconfident up,unconfident down,unconfident up
6194,6194,unconfident down,confident up,confident up
6195,6195,confident up,confident up,confident up
6196,6196,confident up,confident up,confident up
6197,6197,unconfident up,confident up,confident up
6198,6198,unconfident up,unconfident down,unconfident up
6199,6199,confident down,unconfident up,confident down
6200,6200,unconfident up,unconfident up,unconfident up
6201,6201,confident down,confident down,unconfident down
6202,6202,confident up,unconfident up,confident up
6203,6203,unconfident up,unconfident down,unconfident up
6204,6204,unconfident up,unconfident up,unconfident up
6205,6205,confident down,confident down,confident down
6206,6206,unconfident up,confident up,confident up
6207,6207,unconfident down,unconfident down,unconfident up
6208,6208,unconfident down,unconfident down,unconfident down
6209,6209,confident up,confident up,unconfident up
6210,6210,unconfident up,unconfident down,unconfident down
6211,6211,confident up,confident up,confident up
6212,6212,unconfident up,confident up,confident up
6213,6213,confident up,confident up,unconfident up
6214,6214,unconfident down,unconfident up,unconfident up
6215,6215,unconfident down,confident up,confident up
6216,6216,unconfident down,unconfident down,unconfident down
6217,6217,confident up,unconfident up,confident up
6218,6218,unconfident down,confident up,confident down
6219,6219,unconfident down,confident down,unconfident down
6220,6220,unconfident down,confident down,confident up
6221,6221,unconfident down,confident down,unconfident down
6222,6222,confident up,unconfident up,unconfident down
6223,6223,confident up,confident up,confident up
6224,6224,unconfident up,confident up,confident up
6225,6225,confident up,confident up,confident up
6226,6226,unconfident down,unconfident up,unconfident up
6227,6227,unconfident down,unconfident down,confident up
6228,6228,confident up,confident up,confident up
6229,6229,confident down,unconfident down,confident down
6230,6230,confident up,unconfident up,confident up
6231,6231,confident up,confident up,unconfident up
6232,6232,confident up,unconfident up,confident down
6233,6233,unconfident up,confident up,unconfident up
6234,6234,confident up,unconfident up,unconfident up
6235,6235,confident up,unconfident up,unconfident up
6236,6236,unconfident down,unconfident up,unconfident up
6237,6237,confident up,confident up,unconfident down
6238,6238,unconfident down,unconfident down,unconfident down
6239,6239,unconfident up,unconfident down,confident down
6240,6240,unconfident up,confident up,confident up
6241,6241,confident up,unconfident up,confident up
6242,6242,confident up,unconfident down,unconfident up
6243,6243,confident up,confident up,confident up
6244,6244,confident down,confident up,confident up
6245,6245,confident up,confident up,unconfident up
6246,6246,confident up,unconfident down,unconfident down
6247,6247,unconfident up,unconfident up,unconfident down
6248,6248,confident up,unconfident up,unconfident up
6249,6249,unconfident up,confident up,unconfident down
6250,6250,confident up,confident up,confident up
6251,6251,unconfident down,confident up,unconfident up
6252,6252,confident up,confident up,confident up
6253,6253,unconfident down,confident up,confident up
6254,6254,confident down,unconfident up,unconfident down
6255,6255,confident up,unconfident up,confident up
6256,6256,unconfident down,unconfident up,unconfident down
6257,6257,confident up,confident up,unconfident up
6258,6258,unconfident down,unconfident down,confident down
6259,6259,unconfident up,unconfident down,unconfident down
6260,6260,unconfident down,unconfident up,confident up
6261,6261,confident up,unconfident up,confident up
6262,6262,unconfident up,unconfident down,unconfident down
6263,6263,unconfident down,unconfident down,confident down
6264,6264,unconfident down,unconfident up,unconfident down
6265,6265,unconfident down,confident up,unconfident up
6266,6266,confident up,unconfident up,unconfident up
6267,6267,unconfident down,unconfident down,unconfident down
6268,6268,unconfident up,unconfident down,confident up
6269,6269,unconfident up,confident up,confident up
6270,6270,unconfident up,unconfident down,unconfident down
6271,6271,unconfident up,confident up,confident up
6272,6272,confident up,confident up,unconfident up
6273,6273,unconfident up,confident up,unconfident up
6274,6274,unconfident up,unconfident up,unconfident up
6275,6275,confident up,confident up,unconfident up
6276,6276,unconfident up,unconfident up,unconfident up
6277,6277,unconfident up,unconfident up,unconfident up
6278,6278,confident up,confident up,confident up
6279,6279,unconfident up,confident up,confident up
6280,6280,unconfident up,unconfident down,unconfident up
6281,6281,unconfident down,unconfident up,unconfident up
6282,6282,confident down,confident down,unconfident down
6283,6283,unconfident down,confident up,confident up
6284,6284,confident up,unconfident up,confident up
6285,6285,unconfident up,confident up,confident up
6286,6286,confident up,confident up,confident up
6287,6287,unconfident down,unconfident up,confident up
6288,6288,confident up,unconfident down,confident up
6289,6289,confident up,confident up,unconfident up
6290,6290,unconfident up,confident up,confident up
6291,6291,confident up,unconfident up,unconfident up
6292,6292,unconfident up,confident up,unconfident up
6293,6293,confident up,unconfident up,confident up
6294,6294,confident up,confident up,confident up
6295,6295,confident up,unconfident down,confident up
6296,6296,confident up,unconfident up,confident up
6297,6297,confident up,unconfident up,confident up
6298,6298,unconfident up,unconfident up,confident up
6299,6299,confident down,unconfident up,unconfident up
6300,6300,confident up,confident up,confident up
6301,6301,unconfident up,confident up,unconfident up
6302,6302,confident up,confident up,confident up
6303,6303,confident up,confident up,confident up
6304,6304,unconfident down,confident up,confident up
6305,6305,unconfident up,confident up,confident up
6306,6306,confident up,confident up,confident up
6307,6307,confident up,confident up,unconfident up
6308,6308,confident up,confident up,confident up
6309,6309,confident down,confident up,unconfident up
6310,6310,unconfident up,unconfident up,unconfident down
6311,6311,confident up,confident up,unconfident up
6312,6312,confident up,confident up,confident up
6313,6313,unconfident up,confident up,confident up
6314,6314,unconfident down,unconfident up,unconfident down
6315,6315,unconfident up,confident up,unconfident up
6316,6316,confident up,unconfident up,confident up
6317,6317,confident up,confident up,confident up
6318,6318,unconfident up,unconfident up,confident up
6319,6319,confident up,confident up,confident up
6320,6320,confident up,unconfident down,confident up
6321,6321,unconfident down,confident up,confident up
6322,6322,unconfident down,confident up,unconfident down
6323,6323,confident up,confident up,confident up
6324,6324,unconfident down,unconfident up,unconfident up
6325,6325,unconfident up,unconfident up,unconfident up
6326,6326,confident down,unconfident up,unconfident down
6327,6327,confident up,confident up,unconfident up
6328,6328,confident up,unconfident up,unconfident down
6329,6329,unconfident down,confident up,confident up
6330,6330,unconfident up,unconfident down,unconfident up
6331,6331,unconfident up,confident up,confident up
6332,6332,unconfident up,confident up,confident up
6333,6333,unconfident up,unconfident down,confident up
6334,6334,confident up,confident up,confident up
6335,6335,confident up,unconfident down,confident up
6336,6336,confident up,confident up,confident up
6337,6337,confident up,confident up,confident up
6338,6338,unconfident up,confident down,unconfident up
6339,6339,confident up,unconfident up,unconfident up
6340,6340,confident down,unconfident down,unconfident up
6341,6341,unconfident up,unconfident up,unconfident up
6342,6342,unconfident up,confident up,unconfident up
6343,6343,unconfident up,unconfident up,unconfident up
6344,6344,confident up,confident up,confident up
6345,6345,confident up,confident up,unconfident up
6346,6346,unconfident up,unconfident down,confident up
6347,6347,unconfident up,confident up,unconfident down
6348,6348,confident up,confident up,confident up
6349,6349,unconfident down,unconfident up,unconfident down
6350,6350,confident up,confident up,confident up
6351,6351,unconfident down,confident down,unconfident down
6352,6352,unconfident down,confident up,unconfident down
6353,6353,confident up,confident up,confident up
6354,6354,confident up,confident up,confident up
6355,6355,unconfident down,confident up,unconfident up
6356,6356,unconfident up,unconfident up,confident up
6357,6357,confident up,confident up,confident up
6358,6358,confident down,unconfident down,unconfident up
6359,6359,unconfident down,confident up,confident up
6360,6360,confident up,confident down,unconfident up
6361,6361,unconfident up,confident up,unconfident up
6362,6362,unconfident up,unconfident up,unconfident down
6363,6363,confident up,confident down,unconfident up
6364,6364,confident down,unconfident up,unconfident down
6365,6365,unconfident up,unconfident up,unconfident down
6366,6366,confident up,unconfident up,unconfident up
6367,6367,confident up,unconfident up,confident up
6368,6368,confident up,unconfident down,unconfident down
6369,6369,unconfident up,confident up,confident up
6370,6370,confident up,unconfident up,confident up
6371,6371,confident up,confident up,unconfident up
6372,6372,unconfident down,unconfident down,unconfident down
6373,6373,confident down,unconfident down,confident down
6374,6374,confident down,unconfident down,confident up
6375,6375,confident down,unconfident down,unconfident down
6376,6376,confident down,confident down,unconfident down
6377,6377,confident up,unconfident up,unconfident down
6378,6378,unconfident up,confident up,unconfident down
6379,6379,confident up,confident up,confident up
6380,6380,unconfident up,unconfident up,confident up
6381,6381,confident up,confident up,confident up
6382,6382,unconfident down,confident up,unconfident up
6383,6383,unconfident down,unconfident up,unconfident down
6384,6384,unconfident up,confident up,unconfident up
6385,6385,confident up,confident up,unconfident up
6386,6386,unconfident down,confident up,confident down
6387,6387,unconfident up,confident up,confident up
6388,6388,unconfident up,confident up,unconfident down
6389,6389,unconfident up,unconfident down,unconfident down
6390,6390,confident up,unconfident up,confident up
6391,6391,confident up,unconfident down,unconfident down
6392,6392,unconfident down,unconfident down,unconfident down
6393,6393,confident up,confident up,unconfident up
6394,6394,unconfident up,unconfident up,confident down
6395,6395,unconfident up,unconfident up,confident down
6396,6396,unconfident down,unconfident up,confident down
6397,6397,confident up,confident up,confident up
6398,6398,confident up,confident up,confident up
6399,6399,unconfident up,confident up,unconfident down
6400,6400,unconfident up,confident up,unconfident up
6401,6401,confident up,unconfident down,unconfident up
6402,6402,confident up,confident up,confident up
6403,6403,unconfident up,unconfident up,confident up
6404,6404,confident up,confident up,confident up
6405,6405,unconfident down,unconfident up,unconfident up
6406,6406,confident up,unconfident down,unconfident up
6407,6407,confident down,confident up,unconfident down
6408,6408,unconfident up,unconfident up,unconfident up
6409,6409,unconfident down,confident up,confident up
6410,6410,confident up,confident up,confident up
6411,6411,confident up,confident up,confident up
6412,6412,unconfident up,confident up,unconfident up
6413,6413,unconfident up,unconfident down,unconfident down
6414,6414,confident up,confident up,confident up
6415,6415,confident up,unconfident down,confident up
6416,6416,confident down,unconfident up,unconfident down
6417,6417,unconfident up,unconfident up,unconfident up
6418,6418,confident up,confident up,unconfident up
6419,6419,unconfident down,unconfident down,confident up
6420,6420,confident up,unconfident down,confident up
6421,6421,confident up,confident up,confident up
6422,6422,confident down,unconfident down,confident up
6423,6423,unconfident up,unconfident up,unconfident down
6424,6424,unconfident up,unconfident down,unconfident up
6425,6425,confident down,confident down,unconfident down
6426,6426,confident up,unconfident up,confident up
6427,6427,confident up,confident up,unconfident down
6428,6428,confident down,unconfident down,confident down
6429,6429,unconfident up,unconfident up,confident up
6430,6430,unconfident down,confident down,unconfident down
6431,6431,confident up,unconfident down,confident up
6432,6432,confident up,confident up,confident up
6433,6433,confident up,confident up,unconfident up
6434,6434,unconfident up,unconfident down,unconfident up
6435,6435,confident up,unconfident down,unconfident up
6436,6436,confident down,unconfident down,confident up
6437,6437,confident up,confident up,confident up
6438,6438,unconfident up,confident up,confident up
6439,6439,unconfident up,unconfident down,unconfident up
6440,6440,confident up,unconfident up,unconfident down
6441,6441,confident up,unconfident up,unconfident up
6442,6442,unconfident down,unconfident down,confident up
6443,6443,unconfident up,unconfident down,unconfident up
6444,6444,unconfident down,unconfident down,unconfident down
6445,6445,unconfident down,unconfident down,confident up
6446,6446,confident up,confident up,confident up
6447,6447,confident up,confident up,confident up
6448,6448,confident up,unconfident up,unconfident up
6449,6449,confident up,confident down,unconfident up
6450,6450,unconfident up,unconfident up,unconfident up
6451,6451,unconfident up,confident up,confident up
6452,6452,confident up,confident up,confident up
6453,6453,confident up,confident up,confident down
6454,6454,confident up,unconfident up,confident down
6455,6455,confident down,unconfident up,unconfident down
6456,6456,unconfident up,confident up,unconfident down
6457,6457,unconfident up,unconfident down,confident up
6458,6458,confident up,confident up,unconfident down
6459,6459,unconfident up,unconfident up,unconfident down
6460,6460,unconfident down,confident up,unconfident up
6461,6461,confident up,confident up,confident up
6462,6462,unconfident down,unconfident down,unconfident up
6463,6463,confident up,confident down,confident up
6464,6464,confident up,unconfident up,unconfident up
6465,6465,unconfident up,unconfident up,unconfident up
6466,6466,confident up,confident up,confident up
6467,6467,unconfident down,unconfident up,confident up
6468,6468,confident up,confident up,confident up
6469,6469,confident up,unconfident up,confident up
6470,6470,unconfident up,unconfident down,unconfident up
6471,6471,confident up,unconfident up,confident up
6472,6472,confident up,confident up,unconfident up
6473,6473,confident up,unconfident up,unconfident up
6474,6474,unconfident up,confident up,confident up
6475,6475,unconfident up,unconfident down,unconfident up
6476,6476,confident down,unconfident down,confident down
6477,6477,confident up,confident up,unconfident up
6478,6478,unconfident up,confident up,unconfident up
6479,6479,unconfident up,confident up,confident up
6480,6480,unconfident down,unconfident down,confident down
6481,6481,confident up,confident up,confident up
6482,6482,unconfident up,confident up,confident up
6483,6483,unconfident down,unconfident down,unconfident down
6484,6484,confident down,confident up,confident up
6485,6485,confident up,confident up,unconfident up
6486,6486,confident up,confident up,confident up
6487,6487,confident up,confident up,confident up
6488,6488,confident up,confident up,unconfident down
6489,6489,unconfident up,confident up,confident up
6490,6490,unconfident down,unconfident down,confident down
6491,6491,confident up,unconfident down,confident down
6492,6492,unconfident up,confident up,unconfident up
6493,6493,unconfident down,confident up,unconfident down
6494,6494,confident up,confident up,confident up
6495,6495,confident up,confident up,confident up
6496,6496,unconfident up,unconfident down,confident up
6497,6497,confident up,confident up,confident up
6498,6498,unconfident up,unconfident up,unconfident down
6499,6499,confident up,confident up,confident up
6500,6500,unconfident up,confident up,confident up
6501,6501,unconfident up,unconfident up,unconfident up
6502,6502,unconfident down,confident up,unconfident up
6503,6503,confident up,confident up,confident up
6504,6504,unconfident up,confident down,confident up
6505,6505,unconfident down,unconfident down,confident up
6506,6506,unconfident up,unconfident up,unconfident up
6507,6507,unconfident down,unconfident down,unconfident down
6508,6508,unconfident down,confident down,unconfident up
6509,6509,unconfident up,confident down,confident up
6510,6510,confident down,unconfident down,unconfident up
6511,6511,unconfident down,unconfident up,unconfident up
6512,6512,unconfident up,unconfident up,confident up
6513,6513,unconfident up,unconfident up,unconfident up
6514,6514,confident up,confident up,confident up
6515,6515,unconfident up,confident up,unconfident up
6516,6516,unconfident up,unconfident down,confident up
6517,6517,unconfident down,confident up,unconfident down
6518,6518,confident up,confident up,unconfident up
6519,6519,unconfident up,confident up,confident up
6520,6520,unconfident up,unconfident down,unconfident up
6521,6521,confident up,unconfident down,confident up
6522,6522,unconfident up,unconfident up,confident up
6523,6523,confident up,unconfident up,unconfident down
6524,6524,confident up,unconfident down,confident up
6525,6525,confident up,unconfident up,unconfident down
6526,6526,unconfident down,unconfident up,unconfident up
6527,6527,confident up,confident up,unconfident up
6528,6528,confident down,unconfident down,unconfident down
6529,6529,confident up,confident up,confident up
6530,6530,unconfident down,unconfident down,unconfident down
6531,6531,unconfident down,unconfident down,unconfident down
6532,6532,unconfident up,confident down,confident up
6533,6533,confident up,unconfident up,confident up
6534,6534,unconfident up,confident up,confident up
6535,6535,unconfident down,unconfident down,unconfident down
6536,6536,confident up,unconfident up,unconfident up
6537,6537,confident up,unconfident up,unconfident up
6538,6538,unconfident down,confident up,unconfident up
6539,6539,confident down,unconfident up,confident up
6540,6540,confident up,confident up,unconfident down
6541,6541,confident up,confident up,confident up
6542,6542,unconfident up,confident up,confident up
6543,6543,confident up,unconfident down,unconfident up
6544,6544,confident up,unconfident down,unconfident up
6545,6545,unconfident up,confident up,unconfident down
6546,6546,unconfident up,unconfident down,unconfident down
6547,6547,confident down,confident up,unconfident down
6548,6548,unconfident up,confident up,unconfident up
6549,6549,confident up,confident up,unconfident up
6550,6550,unconfident down,confident down,confident down
6551,6551,unconfident up,confident up,unconfident up
6552,6552,unconfident up,unconfident down,unconfident up
6553,6553,confident down,confident up,confident up
6554,6554,unconfident up,unconfident down,unconfident up
6555,6555,confident up,confident up,unconfident up
6556,6556,confident up,confident up,confident up
6557,6557,unconfident down,confident up,unconfident up
6558,6558,unconfident down,unconfident up,unconfident up
6559,6559,unconfident up,unconfident down,confident up
6560,6560,confident down,unconfident up,confident down
6561,6561,unconfident down,confident up,confident up
6562,6562,unconfident down,unconfident up,unconfident down
6563,6563,confident up,confident up,unconfident down
6564,6564,unconfident up,confident up,confident up
6565,6565,unconfident down,confident down,confident down
6566,6566,confident up,unconfident up,unconfident up
6567,6567,confident up,unconfident up,confident up
6568,6568,unconfident up,confident up,confident up
6569,6569,unconfident down,unconfident up,unconfident down
6570,6570,unconfident down,unconfident up,unconfident up
6571,6571,confident up,confident up,confident up
6572,6572,confident up,confident up,confident up
6573,6573,unconfident down,unconfident up,unconfident up
6574,6574,unconfident down,unconfident up,unconfident up
6575,6575,unconfident up,confident up,unconfident up
6576,6576,unconfident up,confident up,confident up
6577,6577,unconfident up,confident up,unconfident up
6578,6578,confident up,unconfident up,unconfident up
6579,6579,confident up,unconfident up,unconfident up
6580,6580,confident up,unconfident up,confident up
6581,6581,confident up,unconfident down,confident up
6582,6582,unconfident down,unconfident down,confident up
6583,6583,confident down,confident up,unconfident up
6584,6584,confident up,confident up,confident up
6585,6585,confident up,confident up,unconfident down
6586,6586,unconfident down,confident up,confident up
6587,6587,unconfident up,confident up,confident up
6588,6588,confident up,unconfident up,unconfident up
6589,6589,confident up,confident up,confident down
6590,6590,unconfident down,unconfident down,confident up
6591,6591,confident up,unconfident up,confident up
6592,6592,unconfident down,unconfident down,unconfident down
6593,6593,confident up,unconfident up,unconfident down
6594,6594,unconfident up,confident up,unconfident up
6595,6595,unconfident down,confident down,unconfident down
6596,6596,confident down,unconfident up,unconfident up
6597,6597,unconfident up,unconfident up,unconfident down
6598,6598,unconfident up,unconfident up,unconfident up
6599,6599,unconfident up,unconfident up,confident up
6600,6600,unconfident up,confident down,confident up
6601,6601,unconfident down,unconfident up,unconfident down
6602,6602,unconfident up,confident up,confident up
6603,6603,unconfident up,confident up,unconfident down
6604,6604,confident up,confident up,confident up
6605,6605,unconfident down,unconfident down,unconfident down
6606,6606,unconfident down,confident up,unconfident down
6607,6607,unconfident down,unconfident up,confident up
6608,6608,unconfident down,unconfident up,confident up
6609,6609,unconfident down,unconfident down,unconfident down
6610,6610,confident up,confident up,confident up
6611,6611,confident up,unconfident up,unconfident up
6612,6612,confident up,unconfident up,confident up
6613,6613,confident up,confident up,unconfident up
6614,6614,confident up,confident up,unconfident down
6615,6615,unconfident up,unconfident up,unconfident up
6616,6616,unconfident up,confident up,unconfident up
6617,6617,confident up,confident up,unconfident down
6618,6618,unconfident down,unconfident down,unconfident down
6619,6619,confident up,confident up,confident up
6620,6620,unconfident down,unconfident down,unconfident down
6621,6621,unconfident up,confident up,unconfident up
6622,6622,unconfident up,confident down,unconfident down
6623,6623,confident up,unconfident up,confident up
6624,6624,confident up,unconfident up,confident down
6625,6625,confident up,confident up,confident up
6626,6626,confident up,confident up,unconfident down
6627,6627,confident up,unconfident up,confident up
6628,6628,unconfident down,unconfident down,unconfident up
6629,6629,unconfident up,confident up,unconfident down
6630,6630,confident down,unconfident down,unconfident down
6631,6631,confident up,unconfident up,unconfident down
6632,6632,unconfident up,unconfident up,confident up
6633,6633,confident up,confident up,unconfident up
6634,6634,unconfident up,confident up,unconfident up
6635,6635,confident up,unconfident down,confident up
6636,6636,confident up,confident up,confident up
6637,6637,unconfident down,unconfident down,unconfident up
6638,6638,confident up,unconfident down,unconfident down
6639,6639,confident up,confident up,confident up
6640,6640,confident up,confident up,confident up
6641,6641,unconfident up,unconfident down,confident down
6642,6642,confident down,confident down,unconfident up
6643,6643,unconfident up.,confident up,unconfident up
6644,6644,confident up,unconfident up,unconfident up
6645,6645,unconfident down,confident up,confident up
6646,6646,unconfident up,unconfident down,unconfident up
6647,6647,unconfident up,unconfident up,confident down
6648,6648,unconfident down,unconfident up,unconfident down
6649,6649,confident up,unconfident up,confident down
6650,6650,unconfident down,confident down,unconfident down
6651,6651,unconfident up,confident up,confident up
6652,6652,unconfident down,unconfident down,unconfident up
6653,6653,confident up,unconfident up,confident up
6654,6654,unconfident down,unconfident up,confident up
6655,6655,unconfident down,confident up,confident up
6656,6656,unconfident up,unconfident up,confident up
6657,6657,confident up,unconfident up,confident up
6658,6658,unconfident up,unconfident up,unconfident up
6659,6659,confident up,unconfident up,confident up
6660,6660,unconfident down,confident up,unconfident up
6661,6661,confident up,confident up,unconfident up
6662,6662,confident up,confident up,unconfident up
6663,6663,confident up,confident up,unconfident up
6664,6664,confident up,confident up,confident up
6665,6665,unconfident down,confident down,unconfident down
6666,6666,confident up,confident up,confident up
6667,6667,confident down,confident down,unconfident down
6668,6668,unconfident down,unconfident down,unconfident down
6669,6669,confident up,confident up,unconfident up
6670,6670,confident up,confident up,unconfident up
6671,6671,confident up,confident up,confident up
6672,6672,unconfident down,unconfident up,unconfident up
6673,6673,confident up,confident up,confident up
6674,6674,unconfident down,confident up,unconfident down
6675,6675,confident down,unconfident down,confident down
6676,6676,unconfident down,unconfident up,unconfident up
6677,6677,confident up,unconfident down,unconfident down
6678,6678,unconfident down,unconfident down,unconfident up
6679,6679,confident down,confident up,unconfident down
6680,6680,unconfident down,confident up,confident up
6681,6681,confident up,confident up,unconfident up
6682,6682,confident down,unconfident down,unconfident up
6683,6683,confident up,unconfident up,unconfident down
6684,6684,unconfident up,confident up,confident up
6685,6685,unconfident down,confident up,unconfident down
6686,6686,unconfident down,confident up,unconfident up
6687,6687,confident up,unconfident up,unconfident down
6688,6688,confident up,confident up,confident down
6689,6689,unconfident down,confident up,confident up
6690,6690,unconfident up,confident up,confident up
6691,6691,unconfident up,confident up,unconfident up
6692,6692,unconfident down,confident up,unconfident up
6693,6693,unconfident up,unconfident up,unconfident up
6694,6694,confident up,confident up,confident up
6695,6695,confident up,confident up,confident up
6696,6696,unconfident up,unconfident up,unconfident up
6697,6697,unconfident down,unconfident up,confident up
6698,6698,unconfident down,confident up,unconfident up
6699,6699,unconfident down,unconfident up,unconfident up
6700,6700,unconfident up,confident up,unconfident down
6701,6701,confident up,confident down,unconfident down
6702,6702,unconfident down,confident up,unconfident up
6703,6703,unconfident up,unconfident up,unconfident down
6704,6704,unconfident up,unconfident up,unconfident up
6705,6705,confident up,confident up,confident up
6706,6706,confident up,unconfident up,unconfident up
6707,6707,unconfident up,unconfident down,confident up
6708,6708,unconfident up,confident up,unconfident down
6709,6709,unconfident down,confident down,unconfident down
6710,6710,unconfident up,confident up,confident up
6711,6711,confident up,confident up,confident up
6712,6712,unconfident down,confident up,unconfident down
6713,6713,unconfident down,unconfident up,unconfident up
6714,6714,unconfident up,unconfident up,unconfident down
6715,6715,unconfident up,confident up,confident up
6716,6716,confident up,confident up,confident up
6717,6717,unconfident up,unconfident down,unconfident up
6718,6718,unconfident down,confident up,unconfident down
6719,6719,unconfident down,unconfident up,confident up
6720,6720,unconfident up,unconfident up,unconfident down
6721,6721,unconfident up,unconfident up,unconfident down
6722,6722,unconfident down,unconfident up,confident up
6723,6723,unconfident up,unconfident down,unconfident down
6724,6724,confident up,unconfident up,unconfident up
6725,6725,unconfident down,unconfident up,unconfident down
6726,6726,confident up,unconfident up,unconfident up
6727,6727,confident up,unconfident down,unconfident up
6728,6728,unconfident down,unconfident down,confident up
6729,6729,confident up,unconfident up,confident up
6730,6730,unconfident down,unconfident up,unconfident down
6731,6731,confident up,unconfident up,unconfident up
6732,6732,confident up,unconfident up,unconfident down
6733,6733,unconfident up,unconfident up,unconfident up
6734,6734,unconfident down,unconfident up,unconfident down
6735,6735,confident up,confident up,unconfident up
6736,6736,unconfident up,confident up,confident up
6737,6737,confident up,unconfident down,confident up
6738,6738,confident up,confident up,confident up
6739,6739,unconfident down,unconfident up,confident up
6740,6740,unconfident up,unconfident down,confident up
6741,6741,confident up,confident up,unconfident up
6742,6742,unconfident up,unconfident up,unconfident up
6743,6743,unconfident up,confident up,confident up
6744,6744,confident up,unconfident up,unconfident up
6745,6745,unconfident up,unconfident down,confident up
6746,6746,unconfident down,unconfident down,confident up
6747,6747,unconfident up,confident up,confident up
6748,6748,unconfident up,confident up,unconfident down
6749,6749,unconfident up,confident up,unconfident down
6750,6750,confident up,unconfident down,unconfident up
6751,6751,unconfident up,unconfident up,unconfident down
6752,6752,unconfident up,unconfident down,unconfident up
6753,6753,unconfident down,unconfident down,unconfident up
6754,6754,unconfident down,unconfident up,unconfident down
6755,6755,unconfident down,confident up,confident up
6756,6756,unconfident up,unconfident up,unconfident down
6757,6757,confident up,confident up,confident up
6758,6758,confident up,confident down,confident down
6759,6759,confident up,unconfident up,unconfident down
6760,6760,unconfident up,unconfident up,unconfident up
6761,6761,unconfident up,confident up,confident up
6762,6762,unconfident up,unconfident up,unconfident up
6763,6763,unconfident up,confident down,unconfident down
6764,6764,confident up,unconfident up,confident up
6765,6765,unconfident up,confident up,unconfident down
6766,6766,unconfident down,unconfident down,unconfident up
6767,6767,confident up,confident up,confident up
6768,6768,unconfident up,confident up,confident up
6769,6769,unconfident up,unconfident up,unconfident up
6770,6770,unconfident up,unconfident down,unconfident up
6771,6771,unconfident down,confident up,unconfident down
6772,6772,confident up,unconfident up,unconfident up
6773,6773,confident up,confident up,unconfident up
6774,6774,confident up,confident up,confident up
6775,6775,unconfident down,unconfident down,confident down
6776,6776,unconfident down,unconfident down,unconfident down
6777,6777,unconfident up,unconfident down,unconfident up
6778,6778,confident up,confident up,unconfident up
6779,6779,unconfident up,unconfident down,confident down
6780,6780,unconfident up,unconfident down,confident up
6781,6781,confident up,confident up,confident down
6782,6782,confident down,confident down,unconfident down
6783,6783,confident up,unconfident up,unconfident up
6784,6784,unconfident up,unconfident down,confident up
6785,6785,unconfident up,confident up,unconfident down
6786,6786,confident up,unconfident up,confident up
6787,6787,confident up,unconfident up,unconfident down
6788,6788,unconfident up,confident down,confident up
6789,6789,unconfident up,unconfident up,unconfident down
6790,6790,unconfident down,confident up,unconfident up
6791,6791,unconfident up,unconfident up,confident up
6792,6792,unconfident up,unconfident down,unconfident down
6793,6793,confident up,unconfident down,confident up
6794,6794,confident up,confident up,confident up
6795,6795,confident up,confident up,confident up
6796,6796,confident down,confident down,unconfident down
6797,6797,confident up,confident up,confident up
6798,6798,confident up,confident up,unconfident down
6799,6799,unconfident up,confident up,confident up
6800,6800,"unconfident up 

",confident down,unconfident up
6801,6801,unconfident up,confident up,confident up
6802,6802,unconfident up,unconfident up,unconfident down
6803,6803,unconfident up,confident up,confident up
6804,6804,unconfident up,unconfident up,unconfident up
6805,6805,confident up,unconfident up,confident up
6806,6806,confident up,unconfident up,confident up
6807,6807,confident up,confident up,unconfident down
6808,6808,unconfident down,confident down,unconfident down
6809,6809,unconfident down,unconfident down,confident up
6810,6810,confident up,confident up,confident up
6811,6811,unconfident up,unconfident down,unconfident down
6812,6812,unconfident down,confident up,unconfident down
6813,6813,unconfident up,confident up,unconfident up
6814,6814,confident up,unconfident up,confident up
6815,6815,unconfident up,unconfident up,unconfident down
6816,6816,confident up,confident up,confident up
6817,6817,unconfident down,confident down,unconfident up
6818,6818,unconfident down,unconfident up,unconfident down
6819,6819,confident up,confident up,confident up
6820,6820,confident up,confident up,confident up
6821,6821,confident up,confident up,confident up
6822,6822,unconfident up,confident up,confident up
6823,6823,confident up,unconfident up,confident up
6824,6824,unconfident down,confident up,confident up
6825,6825,confident up,unconfident down,confident up
6826,6826,unconfident down,confident up,confident up
6827,6827,confident up,unconfident up,unconfident up
6828,6828,unconfident up,confident up,confident up
6829,6829,confident up,confident up,unconfident up
6830,6830,confident up,unconfident up,"unconfident up 

"
6831,6831,confident up,unconfident up,confident up
6832,6832,unconfident down,unconfident up,confident up
6833,6833,unconfident up,confident up,confident up
6834,6834,confident up,confident up,confident up
6835,6835,unconfident up,unconfident down,confident up
6836,6836,unconfident up,unconfident up,unconfident up
6837,6837,unconfident up,unconfident down,confident down
6838,6838,unconfident up,confident up,unconfident up
6839,6839,confident up,unconfident up,confident up
6840,6840,confident up,unconfident up,confident up
6841,6841,unconfident down,unconfident down,confident down
6842,6842,confident up,unconfident up,unconfident up
6843,6843,unconfident up,confident down,unconfident down
6844,6844,unconfident up,unconfident down,unconfident down
6845,6845,unconfident up,unconfident down,unconfident up
6846,6846,unconfident down,unconfident down,unconfident down
6847,6847,confident up,confident up,confident up
6848,6848,confident down,confident down,unconfident down
6849,6849,confident up,confident up,unconfident down
6850,6850,confident down,confident down,unconfident down
6851,6851,confident up,confident up,unconfident up
6852,6852,confident up,confident up,confident up
6853,6853,confident up,unconfident down,unconfident down
6854,6854,unconfident up,confident up,unconfident up
6855,6855,confident up,unconfident down,unconfident up
6856,6856,unconfident down,unconfident down,unconfident up
6857,6857,unconfident down,confident down,unconfident up
6858,6858,confident up,confident up,unconfident up
6859,6859,unconfident down,unconfident down,confident down
6860,6860,unconfident up,unconfident up,unconfident up
6861,6861,confident down,confident up,confident up
6862,6862,confident up,confident up,confident up
6863,6863,unconfident up,unconfident down,confident up
6864,6864,unconfident up,confident up,confident up
6865,6865,unconfident down,confident up,confident up
6866,6866,confident up,confident up,confident up
6867,6867,unconfident up,confident up,unconfident down
6868,6868,unconfident up,confident down,confident up
6869,6869,confident up,unconfident up,confident up
6870,6870,unconfident up,confident up,confident up
6871,6871,confident up,confident down,confident up
6872,6872,confident up,confident up,unconfident up
6873,6873,confident up,unconfident down,confident down
6874,6874,unconfident up,confident up,confident up
6875,6875,unconfident down,unconfident up,unconfident up
6876,6876,unconfident down,unconfident up,unconfident down
6877,6877,unconfident up,confident up,unconfident up
6878,6878,unconfident down,unconfident down,unconfident up
6879,6879,confident up,confident up,unconfident up
6880,6880,confident up,confident up,confident up
6881,6881,confident up,unconfident up,unconfident down
6882,6882,unconfident up,confident up,confident up
6883,6883,confident up,confident up,unconfident up
6884,6884,unconfident up,confident up,unconfident up
6885,6885,unconfident down,unconfident down,unconfident down
6886,6886,confident up,confident up,unconfident up
6887,6887,unconfident down,confident up,unconfident up
6888,6888,confident down,confident up,unconfident down
6889,6889,unconfident down,confident up,unconfident up
6890,6890,unconfident down,unconfident down,unconfident down
6891,6891,unconfident up,unconfident down,confident up
6892,6892,confident up,confident up,unconfident up
6893,6893,unconfident up,unconfident down,confident up
6894,6894,confident up,confident up,confident up
6895,6895,confident up,unconfident up,confident up
6896,6896,unconfident up,confident up,unconfident up
6897,6897,confident up,unconfident down,unconfident up
6898,6898,unconfident up,confident up,unconfident down
6899,6899,unconfident up,confident up,confident down
6900,6900,unconfident down,confident down,unconfident down
6901,6901,unconfident up,unconfident up,unconfident down
6902,6902,unconfident up,unconfident down,confident up
6903,6903,confident up,confident up,unconfident up
6904,6904,unconfident up,confident up,unconfident up
6905,6905,unconfident down,confident up,unconfident down
6906,6906,unconfident down,confident up,confident up
6907,6907,confident up,confident up,confident up
6908,6908,unconfident down,unconfident up,unconfident up
6909,6909,confident up,unconfident down,unconfident up
6910,6910,unconfident up,unconfident up,unconfident down
6911,6911,unconfident down,unconfident down,confident down
6912,6912,confident up,unconfident down,unconfident up
6913,6913,confident down,unconfident up,unconfident up
6914,6914,unconfident down,confident up,confident up
6915,6915,confident up,confident up,unconfident up
6916,6916,confident down,confident down,unconfident down
6917,6917,unconfident up,confident up,unconfident down
6918,6918,unconfident up,unconfident up,unconfident up
6919,6919,confident up,confident down,unconfident down
6920,6920,confident up,confident up,unconfident up
6921,6921,unconfident up,unconfident down,confident down
6922,6922,unconfident up,confident up,confident up
6923,6923,unconfident down,unconfident up,confident up
6924,6924,confident up,confident up,confident up
6925,6925,unconfident down,unconfident up,confident up
6926,6926,confident down,unconfident down,confident up
6927,6927,unconfident up,confident up,unconfident up
6928,6928,confident up,confident up,unconfident up
6929,6929,confident up,confident up,unconfident up
6930,6930,unconfident up,unconfident up,unconfident up
6931,6931,confident up,confident up,confident up
6932,6932,confident up,confident up,confident up
6933,6933,confident up,confident up,confident up
6934,6934,confident up,unconfident up,confident up
6935,6935,unconfident up,confident up,unconfident up
6936,6936,unconfident up,unconfident up,unconfident down
6937,6937,unconfident up,unconfident down,unconfident down
6938,6938,unconfident down,confident down,confident down
6939,6939,confident up,confident up,confident up
6940,6940,confident down,unconfident up,unconfident down
6941,6941,unconfident down,unconfident up,confident down
6942,6942,confident up,confident up,unconfident up
6943,6943,unconfident up,unconfident up,unconfident down
6944,6944,unconfident up,confident up,confident up
6945,6945,unconfident down,unconfident up,unconfident down
6946,6946,unconfident up,unconfident up,unconfident up
6947,6947,unconfident up,unconfident down,unconfident down
6948,6948,unconfident up,confident down,confident up
6949,6949,unconfident down,confident up,confident up
6950,6950,confident up,confident up,unconfident up
6951,6951,unconfident up,unconfident up,unconfident down
6952,6952,unconfident up,confident up,confident up
6953,6953,unconfident up,confident down,unconfident down
6954,6954,unconfident up,unconfident down,unconfident down
6955,6955,unconfident up,unconfident up,unconfident up
6956,6956,confident up,unconfident up,unconfident up
6957,6957,unconfident up,confident up,confident up
6958,6958,unconfident up,unconfident up,unconfident up
6959,6959,confident up,unconfident up,confident up
6960,6960,unconfident down,unconfident down,unconfident up
6961,6961,unconfident down,unconfident up,unconfident down
6962,6962,confident up,confident up,confident up
6963,6963,unconfident up,unconfident up,unconfident down
6964,6964,confident up,unconfident up,confident up
6965,6965,unconfident up,unconfident up,unconfident up
6966,6966,confident down,confident down,unconfident down
6967,6967,confident up,confident up,unconfident up
6968,6968,unconfident up,confident up,unconfident up
6969,6969,confident up,confident up,unconfident down
6970,6970,confident down,unconfident down,confident up
6971,6971,confident down,unconfident down,unconfident down
6972,6972,unconfident down,unconfident down,confident up
6973,6973,confident up,confident up,confident up
6974,6974,confident up,confident up,unconfident down
6975,6975,confident up,confident up,confident up
6976,6976,unconfident up,unconfident up,unconfident up
6977,6977,confident up,confident up,confident up
6978,6978,confident up,confident up,confident up
6979,6979,unconfident up,unconfident up,confident up
6980,6980,confident down,confident up,unconfident down
6981,6981,unconfident down,confident up,confident up
6982,6982,confident up,unconfident up,unconfident up
6983,6983,unconfident down,unconfident down,confident up
6984,6984,confident down,unconfident down,unconfident down
6985,6985,confident up,unconfident up,unconfident down
6986,6986,confident up,confident up,unconfident up
6987,6987,confident up,unconfident up,confident up
6988,6988,unconfident up,confident up,confident up
6989,6989,confident up,confident up,confident up
6990,6990,confident up,unconfident up,unconfident down
6991,6991,confident up,unconfident up,confident up
6992,6992,confident up,unconfident up,confident up
6993,6993,unconfident up,confident up,confident up
6994,6994,unconfident up,confident up,confident up
6995,6995,unconfident down,confident up,unconfident up
6996,6996,unconfident up,confident up,unconfident up
6997,6997,confident up,unconfident down,unconfident up
6998,6998,confident up,confident up,unconfident up
6999,6999,unconfident down,confident up,confident up
7000,7000,confident up,unconfident up,unconfident up
7001,7001,unconfident up,confident up,confident up
7002,7002,confident down,unconfident up,unconfident down
7003,7003,confident up,unconfident up,unconfident up
7004,7004,confident up,unconfident up,confident up
7005,7005,confident up,unconfident up,confident up
7006,7006,confident up,unconfident up,confident up
7007,7007,unconfident up,unconfident down,unconfident up
7008,7008,unconfident up,unconfident up,confident down
7009,7009,confident up,confident up,unconfident up
7010,7010,unconfident down,unconfident down,unconfident down
7011,7011,unconfident up,unconfident up,unconfident down
7012,7012,unconfident up,confident up,confident up
7013,7013,confident up,confident up,confident up
7014,7014,unconfident down,confident down,unconfident down
7015,7015,confident up,confident up,unconfident up
7016,7016,confident up,unconfident down,unconfident up
7017,7017,unconfident up,unconfident down,unconfident down
7018,7018,confident up,confident up,unconfident down
7019,7019,confident up,unconfident up,confident up
7020,7020,unconfident up,confident up,unconfident up
7021,7021,unconfident up,unconfident down,unconfident up
7022,7022,confident up,confident down,confident up
7023,7023,unconfident up,unconfident up,unconfident down
7024,7024,unconfident down,confident up,confident up
7025,7025,confident up,confident up,unconfident up
7026,7026,confident up,confident up,unconfident down
7027,7027,confident down,unconfident down,unconfident up
7028,7028,confident up,confident up,confident up
7029,7029,unconfident down,confident up,unconfident up
7030,7030,unconfident up,confident up,unconfident up
7031,7031,unconfident up,unconfident up,confident up
7032,7032,confident up,unconfident down,confident up
7033,7033,confident up,unconfident up,confident up
7034,7034,unconfident down,confident up,unconfident down
7035,7035,confident up,unconfident down,confident up
7036,7036,confident up,confident up,unconfident down
7037,7037,confident up,unconfident up,confident up
7038,7038,unconfident up,confident up,unconfident up
7039,7039,confident up,unconfident down,confident up
7040,7040,confident up,unconfident down,unconfident down
7041,7041,unconfident up,confident up,confident up
7042,7042,confident up,"unconfident down 

",unconfident up
7043,7043,confident up,confident up,unconfident up
7044,7044,unconfident down,unconfident down,unconfident down
7045,7045,confident up,unconfident up,unconfident up
7046,7046,unconfident up,confident up,unconfident up
7047,7047,unconfident up,unconfident down,confident up
7048,7048,confident up,confident up,confident up
7049,7049,unconfident up,confident up,confident up
7050,7050,unconfident up,confident up,unconfident up
7051,7051,unconfident down,unconfident up,unconfident up
7052,7052,confident up,confident up,unconfident down
7053,7053,confident up,confident up,confident up
7054,7054,unconfident down,unconfident up,unconfident down
7055,7055,unconfident up,unconfident up,unconfident up
7056,7056,unconfident down,confident down,confident up
7057,7057,unconfident up,unconfident up,unconfident up
7058,7058,confident up,unconfident up,confident up
7059,7059,confident up,confident up,unconfident up
7060,7060,unconfident up,unconfident up,confident up
7061,7061,unconfident up,confident up,unconfident down
7062,7062,unconfident up,confident up,unconfident up
7063,7063,unconfident down,unconfident down,unconfident up
7064,7064,unconfident up,confident up,confident up
7065,7065,unconfident up,unconfident up,unconfident up
7066,7066,unconfident down,confident up,confident up
7067,7067,unconfident up,unconfident up,unconfident down
7068,7068,unconfident down,unconfident down,unconfident down
7069,7069,unconfident up,unconfident up,unconfident down
7070,7070,unconfident up,confident up,unconfident up
7071,7071,confident up,confident up,unconfident up
7072,7072,unconfident down,unconfident down,unconfident down
7073,7073,unconfident down,unconfident up,unconfident up
7074,7074,unconfident up,unconfident up,confident up
7075,7075,unconfident up,unconfident up,confident up
7076,7076,unconfident up,confident up,confident up
7077,7077,confident up,confident up,confident up
7078,7078,unconfident down,confident up,confident up
7079,7079,unconfident down,unconfident up,unconfident up
7080,7080,confident up,unconfident up,confident up
7081,7081,unconfident down,unconfident up,confident up
7082,7082,confident up,confident up,confident up
7083,7083,unconfident up,confident up,confident up
7084,7084,confident up,confident down,unconfident down
7085,7085,confident down,confident down,unconfident down
7086,7086,confident up,confident up,unconfident up
7087,7087,confident up,confident up,unconfident down
7088,7088,unconfident up,unconfident up,confident up
7089,7089,confident up,unconfident down,unconfident up
7090,7090,unconfident up,confident down,confident down
7091,7091,unconfident up,unconfident up,confident up
7092,7092,unconfident up,unconfident down,unconfident up
7093,7093,confident down,unconfident down,unconfident up
7094,7094,unconfident down,unconfident down,confident up
7095,7095,unconfident up,unconfident down,unconfident up
7096,7096,confident up,confident up,confident up
7097,7097,unconfident up,unconfident up,unconfident down
7098,7098,unconfident up,unconfident up,confident up
7099,7099,confident up,unconfident up,confident up
7100,7100,confident up,confident up,unconfident down
7101,7101,confident up,confident up,unconfident up
7102,7102,unconfident down,confident up,unconfident down
7103,7103,confident up,confident up,unconfident up
7104,7104,unconfident up,confident up,confident down
7105,7105,unconfident up,confident up,unconfident up
7106,7106,unconfident up,unconfident down,unconfident up
7107,7107,confident up,unconfident up,unconfident up
7108,7108,confident up,confident up,confident up
7109,7109,unconfident up,unconfident down,confident down
7110,7110,confident up,confident up,confident up
7111,7111,unconfident down,unconfident up,confident up
7112,7112,unconfident up,confident up,unconfident up
7113,7113,confident up,unconfident up,unconfident up
7114,7114,confident up,unconfident up,unconfident up
7115,7115,unconfident up,confident down,confident up
7116,7116,unconfident up,confident up,confident up
7117,7117,confident up,unconfident up,confident up
7118,7118,unconfident up,unconfident up,confident up
7119,7119,confident up,confident up,confident up
7120,7120,unconfident down,confident up,confident up
7121,7121,unconfident down,unconfident down,unconfident up
7122,7122,unconfident up,confident up,confident up
7123,7123,confident up,confident up,unconfident up
7124,7124,confident up,unconfident down,unconfident up.
7125,7125,unconfident up,confident up,confident up
7126,7126,unconfident up,confident up,unconfident up
7127,7127,confident up,unconfident up,unconfident down
7128,7128,unconfident up,unconfident down,unconfident down
7129,7129,confident up,confident down,unconfident down
7130,7130,confident up,unconfident up,confident up
7131,7131,unconfident up,unconfident up,confident up
7132,7132,unconfident up,confident up,confident up
7133,7133,unconfident up,unconfident up,unconfident up
7134,7134,unconfident up,confident up,confident up
7135,7135,unconfident down,confident up,confident up
7136,7136,unconfident up,confident up,unconfident up
7137,7137,confident up,confident up,unconfident up
7138,7138,unconfident up,confident up,confident up
7139,7139,unconfident up,unconfident up,unconfident up
7140,7140,confident up,confident up,confident up
7141,7141,confident up,confident up,unconfident up
7142,7142,confident up,confident up,unconfident up
7143,7143,confident up,confident up,confident up
7144,7144,unconfident up,unconfident up,confident up
7145,7145,unconfident up,unconfident up,unconfident up
7146,7146,confident up,unconfident down,unconfident up
7147,7147,unconfident up,unconfident up,unconfident up
7148,7148,confident down,confident down,confident down
7149,7149,unconfident up,confident up,unconfident up
7150,7150,unconfident up,confident up,unconfident up
7151,7151,confident up,confident up,confident up
7152,7152,unconfident down,unconfident up,unconfident down
7153,7153,unconfident up,unconfident down,unconfident down
7154,7154,confident up,unconfident down,confident up
7155,7155,unconfident up,unconfident down,unconfident down
7156,7156,confident up,confident up,unconfident up
7157,7157,confident up,confident up,confident up
7158,7158,unconfident up,unconfident down,confident up
7159,7159,unconfident down,unconfident down,unconfident up
7160,7160,unconfident up,confident up,unconfident up
7161,7161,unconfident up,unconfident up,confident up
7162,7162,confident up,unconfident up,confident up
7163,7163,confident up,unconfident up,unconfident up
7164,7164,unconfident up,confident up,unconfident up
7165,7165,confident up,unconfident down,unconfident down
7166,7166,unconfident up,unconfident up,unconfident up
7167,7167,confident up,confident up,confident up
7168,7168,unconfident down,unconfident down,unconfident down
7169,7169,confident up,confident up,unconfident up
7170,7170,unconfident down,unconfident up,unconfident up
7171,7171,unconfident up,unconfident up,unconfident down
7172,7172,confident up,unconfident up,confident up
7173,7173,confident up,unconfident up,confident up
7174,7174,unconfident up,unconfident up,unconfident up
7175,7175,unconfident down,unconfident up,confident up
7176,7176,unconfident up,confident up,unconfident up
7177,7177,unconfident up,confident up,unconfident down
7178,7178,confident up,confident up,confident up
7179,7179,confident up,confident up,confident up
7180,7180,confident up,unconfident up,confident up
7181,7181,confident up,confident up,confident down
7182,7182,unconfident up,unconfident up,unconfident down
7183,7183,confident up,unconfident down,unconfident up
7184,7184,unconfident down,confident up,unconfident up
7185,7185,unconfident up,unconfident down,unconfident down
7186,7186,confident up,confident up,confident up
7187,7187,confident up,unconfident up,unconfident up
7188,7188,unconfident up,unconfident up,confident up
7189,7189,confident up,confident up,confident up
7190,7190,confident up,unconfident up,unconfident up
7191,7191,unconfident up,unconfident up,unconfident up
7192,7192,unconfident down,unconfident up,unconfident up
7193,7193,confident up,unconfident up,confident up
7194,7194,unconfident up,unconfident down,unconfident down
7195,7195,unconfident up,confident up,unconfident down
7196,7196,confident up,unconfident up,confident up
7197,7197,confident up,confident up,unconfident down
7198,7198,confident up,confident up,confident up
7199,7199,unconfident down,unconfident up,unconfident up
7200,7200,unconfident down,unconfident down,unconfident up
7201,7201,unconfident up,confident up,unconfident up
7202,7202,unconfident down,confident up,unconfident down
7203,7203,unconfident down,confident up,confident up
7204,7204,confident up,unconfident up,confident up
7205,7205,confident down,unconfident up,unconfident down
7206,7206,unconfident up,unconfident down,unconfident up
7207,7207,confident up,unconfident up,confident up
7208,7208,unconfident up,unconfident up,confident up
7209,7209,unconfident up,confident up,confident up
7210,7210,unconfident up,unconfident down,unconfident up
7211,7211,unconfident up,confident up,unconfident up
7212,7212,confident down,unconfident up,confident up
7213,7213,confident up,confident up,confident up
7214,7214,unconfident down,confident up,confident up
7215,7215,confident down,confident up,confident up
7216,7216,confident down,unconfident down,confident up
7217,7217,unconfident down,unconfident down,unconfident up
7218,7218,confident up,unconfident down,unconfident down
7219,7219,confident up,confident up,confident up
7220,7220,unconfident up,unconfident down,confident up
7221,7221,confident up,unconfident up,confident up
7222,7222,confident up,confident up,unconfident up
7223,7223,confident up,unconfident up,unconfident down
7224,7224,confident up,unconfident up,confident up
7225,7225,confident down,confident down,confident down
7226,7226,confident up,unconfident up,unconfident up
7227,7227,unconfident up,confident up,unconfident up
7228,7228,confident up,confident up,unconfident up
7229,7229,unconfident up,unconfident down,confident up
7230,7230,unconfident up,confident up,confident up
7231,7231,unconfident up,confident up,confident up
7232,7232,confident up,confident up,unconfident up
7233,7233,unconfident down,unconfident up,unconfident down
7234,7234,unconfident up,confident down,unconfident down
7235,7235,unconfident up,confident up,confident up
7236,7236,confident down,confident down,unconfident down
7237,7237,unconfident down,confident up,unconfident down
7238,7238,confident up,confident up,unconfident up
7239,7239,confident up,confident down,unconfident up
7240,7240,confident up,confident down,unconfident down
7241,7241,confident up,confident up,unconfident up
7242,7242,unconfident down,confident down,confident down
7243,7243,unconfident up,unconfident down,unconfident down
7244,7244,confident up,confident up,confident up
7245,7245,unconfident down,confident up,unconfident up
7246,7246,confident up,unconfident up,unconfident up
7247,7247,unconfident up,confident up,unconfident down
7248,7248,unconfident up,unconfident down,confident up
7249,7249,confident up,unconfident up,unconfident down
7250,7250,unconfident up,confident up,confident up
7251,7251,unconfident up,confident up,unconfident down
7252,7252,unconfident up,unconfident down,unconfident down
7253,7253,unconfident down,unconfident up,confident up
7254,7254,confident up,confident up,unconfident down
7255,7255,unconfident up,unconfident down,"unconfident up 

"
7256,7256,unconfident down,confident down,unconfident up
7257,7257,confident up,confident up,unconfident down
7258,7258,unconfident down,confident down,unconfident down
7259,7259,confident up,unconfident up,confident down
7260,7260,unconfident up,confident up,confident up
7261,7261,unconfident up,unconfident up,unconfident down
7262,7262,unconfident up,confident up,unconfident up
7263,7263,unconfident up,unconfident up,unconfident up
7264,7264,confident up,confident up,confident up
7265,7265,confident up,unconfident up,unconfident down
7266,7266,unconfident down,confident down,unconfident down
7267,7267,confident up,unconfident up,unconfident down
7268,7268,confident up,confident up,confident up
7269,7269,confident up,confident up,confident up
7270,7270,confident down,confident down,unconfident up
7271,7271,unconfident down,unconfident up,unconfident down
7272,7272,unconfident up,unconfident up,unconfident down
7273,7273,unconfident up,confident down,unconfident down
7274,7274,confident up,confident up,confident up
7275,7275,unconfident up,unconfident up,confident up
7276,7276,unconfident down,unconfident up,unconfident down
7277,7277,unconfident up,unconfident up,unconfident up
7278,7278,confident up,unconfident up,confident up
7279,7279,confident up,confident up,confident up
7280,7280,unconfident up,unconfident down,unconfident down
7281,7281,unconfident up,unconfident down,unconfident up
7282,7282,confident down,confident down,confident down
7283,7283,unconfident up,unconfident down,unconfident up
7284,7284,confident down,unconfident down,unconfident down
7285,7285,unconfident up,unconfident up,unconfident up
7286,7286,confident up,unconfident down.,confident down
7287,7287,unconfident up,unconfident up,unconfident up
7288,7288,unconfident down,confident down,confident down
7289,7289,confident down,unconfident up,unconfident up
7290,7290,unconfident up,unconfident up,unconfident up
7291,7291,unconfident up,unconfident up,confident up
7292,7292,confident down,unconfident up,confident down
7293,7293,confident up,confident up,unconfident down
7294,7294,unconfident down,confident up,unconfident down
7295,7295,confident up,confident up,unconfident down
7296,7296,unconfident up,unconfident up,unconfident up
7297,7297,unconfident up,unconfident down,unconfident up
7298,7298,confident up,confident up,confident up
7299,7299,unconfident up,unconfident down,unconfident up
7300,7300,unconfident up,unconfident up,unconfident up
7301,7301,unconfident down,unconfident down,unconfident down
7302,7302,unconfident up,unconfident up,confident up
7303,7303,unconfident up,confident up,confident up
7304,7304,unconfident up,unconfident up,confident up
7305,7305,confident up,unconfident up,confident up
7306,7306,unconfident up,unconfident up,unconfident down
7307,7307,confident up,confident down,unconfident down
7308,7308,confident up,confident up,unconfident up
7309,7309,unconfident down,unconfident up,confident up
7310,7310,unconfident up,confident up,unconfident down
7311,7311,unconfident down,confident down,unconfident down
7312,7312,unconfident down,unconfident up,confident up
7313,7313,unconfident up,confident up,unconfident up
7314,7314,unconfident up,confident up,unconfident down
7315,7315,confident up,unconfident up,unconfident down
7316,7316,unconfident down,unconfident down,unconfident down
7317,7317,unconfident up,confident up,confident down
7318,7318,confident up,unconfident up,confident up
7319,7319,unconfident up,confident up,unconfident up
7320,7320,unconfident up,unconfident up,confident up
7321,7321,unconfident down,unconfident up,confident down
7322,7322,confident down,unconfident up,unconfident up
7323,7323,unconfident down,confident up,confident up
7324,7324,confident up,confident up,unconfident up
7325,7325,confident down,unconfident up,confident up
7326,7326,confident up,unconfident up,confident up
7327,7327,unconfident down,confident down,unconfident down
7328,7328,unconfident up,confident down,unconfident up
7329,7329,unconfident down,unconfident down,unconfident down
7330,7330,unconfident down,unconfident up,unconfident down
7331,7331,unconfident up,confident up,unconfident up
7332,7332,unconfident up,unconfident up,unconfident up
7333,7333,confident up,unconfident down,confident up
7334,7334,confident up,confident up,confident up
7335,7335,confident down,unconfident down,unconfident down
7336,7336,confident up,confident up,confident up
7337,7337,unconfident up,unconfident up,unconfident down
7338,7338,unconfident up,confident up,unconfident down
7339,7339,unconfident up,unconfident down,unconfident up
7340,7340,unconfident up,confident up,confident up
7341,7341,unconfident up,unconfident down,confident up
7342,7342,unconfident down,confident up,confident up
7343,7343,confident up,unconfident up,unconfident up
7344,7344,confident up,confident up,unconfident down
7345,7345,confident up,confident up,unconfident up
7346,7346,confident up,confident up,unconfident up
7347,7347,unconfident up,unconfident down,unconfident up
7348,7348,confident up,confident up,confident up
7349,7349,unconfident up,unconfident up,unconfident up
7350,7350,unconfident up,confident up,unconfident down
7351,7351,confident up,unconfident up,unconfident down
7352,7352,unconfident up,unconfident down,unconfident down
7353,7353,unconfident down,unconfident up,unconfident down
7354,7354,unconfident up,unconfident up,unconfident down
7355,7355,unconfident up,unconfident up,confident down
7356,7356,confident up,unconfident down,confident up
7357,7357,confident up,confident up,unconfident up
7358,7358,unconfident down,unconfident up,unconfident up
7359,7359,unconfident down,unconfident down,unconfident down
7360,7360,confident up,unconfident down,confident up
7361,7361,confident up,confident up,unconfident up
7362,7362,unconfident down,unconfident down,unconfident down
7363,7363,unconfident down,unconfident down,unconfident down
7364,7364,unconfident down,unconfident up,unconfident down
7365,7365,unconfident down,unconfident up,unconfident up
7366,7366,unconfident up,unconfident up,unconfident up
7367,7367,confident up,unconfident down,unconfident down
7368,7368,unconfident down,unconfident down,unconfident up
7369,7369,confident up,confident up,unconfident up.
7370,7370,unconfident up,confident up,confident up
7371,7371,confident up,confident up,unconfident up
7372,7372,unconfident up,confident up,unconfident up
7373,7373,unconfident up,unconfident up,unconfident up
7374,7374,unconfident up,confident up,confident up
7375,7375,unconfident up,unconfident up,unconfident up
7376,7376,unconfident down,unconfident up,confident up
7377,7377,confident up,unconfident up,unconfident up
7378,7378,unconfident down,unconfident up,unconfident up
7379,7379,unconfident down,unconfident down,unconfident down
7380,7380,unconfident up,confident up,confident up
7381,7381,unconfident up,unconfident down,confident up
7382,7382,unconfident up,unconfident up,confident up
7383,7383,confident up,confident up,confident up
7384,7384,confident up,unconfident up,unconfident down
7385,7385,confident up,unconfident up,unconfident down
7386,7386,confident up,unconfident up,confident up
7387,7387,confident up,unconfident down,unconfident up
7388,7388,confident up,confident up,unconfident down
7389,7389,confident up,confident up,confident up
7390,7390,"unconfident up 

",unconfident up,confident up
7391,7391,confident down,confident down,confident down
7392,7392,confident down,unconfident up,unconfident down
7393,7393,unconfident up,unconfident down,unconfident up
7394,7394,unconfident down,unconfident up,unconfident up
7395,7395,unconfident up,confident up,unconfident down
7396,7396,unconfident up,unconfident up,unconfident up
7397,7397,confident up,confident up,confident up
7398,7398,unconfident down,unconfident down,unconfident up
7399,7399,confident up,confident up,unconfident up
7400,7400,unconfident up,unconfident up,confident up
7401,7401,unconfident down,unconfident up,unconfident up
7402,7402,unconfident down,confident down,unconfident down
7403,7403,confident up,unconfident down,unconfident down
7404,7404,unconfident up,confident up,unconfident up
7405,7405,unconfident up,unconfident up,confident up
7406,7406,confident up,confident up,confident up
7407,7407,unconfident down,confident up,unconfident up
7408,7408,unconfident up,unconfident up,unconfident down
7409,7409,confident up,confident up,confident up
7410,7410,confident up,confident up,unconfident up
7411,7411,unconfident up,confident up,confident up
7412,7412,unconfident down,unconfident down,unconfident down
7413,7413,confident up,confident up,unconfident up
7414,7414,unconfident down,unconfident up,unconfident up
7415,7415,unconfident up,confident up,confident up
7416,7416,confident up,unconfident up,confident up
7417,7417,confident up,confident up,confident up
7418,7418,confident up,confident up,unconfident up
7419,7419,confident up,confident up,confident up
7420,7420,confident up,unconfident up,unconfident up
7421,7421,unconfident up,confident up,unconfident up
7422,7422,confident up,confident up,confident up
7423,7423,confident up,confident up,unconfident up
7424,7424,unconfident down,unconfident down,unconfident up
7425,7425,unconfident up,unconfident down,unconfident down
7426,7426,unconfident down,unconfident down,confident down
7427,7427,unconfident down,unconfident down,unconfident up
7428,7428,confident down,unconfident down,unconfident down
7429,7429,unconfident up,confident up,unconfident up
7430,7430,unconfident down,unconfident down,unconfident down
7431,7431,unconfident down,confident up,unconfident down
7432,7432,confident up,confident up,confident up
7433,7433,confident down,confident down,confident down
7434,7434,confident up,confident up,unconfident down
7435,7435,unconfident up,unconfident down,unconfident down
7436,7436,unconfident down,confident down,unconfident down
7437,7437,confident down,confident up,unconfident up
7438,7438,confident up,confident up,unconfident down
7439,7439,unconfident up,unconfident up,unconfident up
7440,7440,unconfident up,confident up,unconfident up
7441,7441,unconfident up,unconfident up,unconfident up
7442,7442,unconfident down,unconfident up,unconfident down
7443,7443,unconfident up,unconfident up,unconfident down
7444,7444,unconfident up,unconfident up,unconfident up
7445,7445,confident up,confident up,confident up
7446,7446,confident up,confident up,unconfident down
7447,7447,unconfident down,unconfident down,confident down
7448,7448,unconfident up,confident up,unconfident up
7449,7449,unconfident up,unconfident down,confident up
7450,7450,confident down,confident up,confident up
7451,7451,confident up,confident up,confident up
7452,7452,unconfident down,confident up,unconfident up
7453,7453,confident up,confident up,confident up
7454,7454,confident down,confident up,unconfident up
7455,7455,confident down,confident down,confident down
7456,7456,unconfident down,unconfident down,unconfident down
7457,7457,confident up,confident up,confident up
7458,7458,unconfident up,confident down,unconfident up
7459,7459,unconfident up,unconfident up,unconfident up
7460,7460,confident up,unconfident up,confident up
7461,7461,unconfident up,confident up,unconfident down
7462,7462,confident up,confident up,unconfident up
7463,7463,confident up,confident up,confident up
7464,7464,unconfident up,unconfident up,confident up
7465,7465,unconfident up,unconfident up,unconfident up
7466,7466,unconfident down,unconfident down,confident down
7467,7467,confident down,unconfident down,unconfident down
7468,7468,confident up,unconfident up,confident up
7469,7469,unconfident up,confident up,unconfident up
7470,7470,unconfident down,unconfident up,confident up
7471,7471,confident up,unconfident up,unconfident up
7472,7472,confident up,confident up,unconfident up
7473,7473,unconfident down,confident up,unconfident down
7474,7474,unconfident up,confident up,confident up
7475,7475,confident up,confident up,confident up
7476,7476,confident up,unconfident up,confident up
7477,7477,unconfident up,unconfident down,unconfident up
7478,7478,unconfident up,unconfident up,unconfident up
7479,7479,confident down,unconfident up,unconfident down
7480,7480,confident up,unconfident up,confident up
7481,7481,confident up,confident up,unconfident up
7482,7482,confident up,confident up,unconfident up
7483,7483,unconfident up,confident up,confident up
7484,7484,unconfident up,unconfident up,confident up
7485,7485,unconfident up,unconfident up,unconfident up
7486,7486,unconfident down,unconfident up,confident down
7487,7487,confident up,unconfident down,unconfident down
7488,7488,unconfident up,confident up,confident up
7489,7489,confident up,unconfident up,unconfident down
7490,7490,unconfident down,confident up,confident up
7491,7491,unconfident down,unconfident down,unconfident down
7492,7492,unconfident down,unconfident down,confident down
7493,7493,unconfident down,unconfident down,confident up
7494,7494,unconfident down,unconfident down,unconfident up
7495,7495,unconfident up,unconfident up,unconfident up
7496,7496,confident up,unconfident up,unconfident up
7497,7497,confident down,unconfident down,unconfident up
7498,7498,unconfident up,unconfident up,unconfident down
7499,7499,confident up,confident up,confident up
7500,7500,unconfident down,unconfident down,confident down
7501,7501,confident up,confident up,confident up
7502,7502,unconfident up,unconfident up,unconfident up
7503,7503,confident up,unconfident up,unconfident up
7504,7504,confident up,unconfident up,unconfident up
7505,7505,unconfident down,confident up,unconfident up
7506,7506,confident up,unconfident down,confident up
7507,7507,unconfident up,unconfident down,unconfident down
7508,7508,confident up,unconfident up,confident up
7509,7509,unconfident up,unconfident up,unconfident down
7510,7510,unconfident up,confident up,confident up
7511,7511,unconfident up,"unconfident up 

",unconfident up
7512,7512,unconfident up,unconfident up,confident down
7513,7513,confident up,confident up,unconfident up
7514,7514,confident up,unconfident down,unconfident down
7515,7515,confident up,unconfident down,confident up
7516,7516,unconfident down,unconfident down,unconfident down
7517,7517,unconfident up,confident up,confident up
7518,7518,confident up,confident up,unconfident down
7519,7519,unconfident up,confident up,confident up
7520,7520,unconfident up,confident up,unconfident up
7521,7521,unconfident down,unconfident up,unconfident up
7522,7522,unconfident down,confident up,unconfident down
7523,7523,confident down,unconfident down,unconfident down
7524,7524,confident down,confident down,unconfident down
7525,7525,unconfident up,confident down,unconfident down
7526,7526,unconfident down,unconfident down,unconfident down
7527,7527,confident up,confident up,confident up
7528,7528,unconfident up,unconfident up,confident up
7529,7529,confident up,unconfident up,unconfident up
7530,7530,unconfident down,unconfident up,unconfident up
7531,7531,confident up,confident up,confident up
7532,7532,confident down,unconfident down,unconfident down
7533,7533,confident down,unconfident up,unconfident down
7534,7534,unconfident down,unconfident up,unconfident down
7535,7535,confident up,confident up,unconfident up
7536,7536,confident up,unconfident up,confident up
7537,7537,confident up,confident up,confident up
7538,7538,confident up,confident up,unconfident down
7539,7539,confident up,confident up,confident up
7540,7540,confident up,unconfident up,confident up
7541,7541,confident up,unconfident up,unconfident down
7542,7542,unconfident down,unconfident up,unconfident down
7543,7543,unconfident down,confident up,unconfident down
7544,7544,unconfident up,confident up,confident down
7545,7545,confident up,unconfident up,confident up
7546,7546,confident up,confident up,unconfident down
7547,7547,unconfident up,unconfident up,unconfident up
7548,7548,unconfident up,confident up,unconfident up
7549,7549,confident up,unconfident up,confident up
7550,7550,unconfident down,confident up,unconfident up
7551,7551,unconfident down,unconfident down,unconfident down
7552,7552,unconfident up,unconfident up,unconfident down
7553,7553,confident up,confident up,confident up
7554,7554,confident up,confident up,unconfident down
7555,7555,unconfident up,confident up,confident up
7556,7556,unconfident down,confident up,confident up
7557,7557,unconfident up,unconfident up,confident up
7558,7558,confident up,confident up,confident up
7559,7559,unconfident up,unconfident down,unconfident up
7560,7560,unconfident up,confident up,unconfident down
7561,7561,confident up,confident up,unconfident down
7562,7562,unconfident up,confident up,confident up
7563,7563,confident up,unconfident up,unconfident up
7564,7564,confident up,confident up,confident up
7565,7565,unconfident up,confident up,unconfident up
7566,7566,unconfident up,unconfident up,unconfident up
7567,7567,confident up,unconfident up,unconfident up
7568,7568,confident up,confident up,confident up
7569,7569,unconfident up,confident up,unconfident up
7570,7570,confident up,confident up,confident up
7571,7571,unconfident down,confident up,unconfident down
7572,7572,confident down,unconfident up,unconfident down
7573,7573,confident up,confident up,confident up
7574,7574,unconfident up,unconfident up,unconfident up
7575,7575,unconfident down,unconfident down,unconfident down
7576,7576,confident up,confident up,unconfident up
7577,7577,confident up,confident up,unconfident up
7578,7578,confident up,confident up,confident up
7579,7579,confident up,unconfident up,confident up
7580,7580,unconfident down,unconfident down,unconfident down
7581,7581,unconfident down,unconfident up,confident up
7582,7582,unconfident up,unconfident down,confident up
7583,7583,unconfident up,confident up,unconfident up
7584,7584,confident up,confident up,unconfident up
7585,7585,confident up,confident up,unconfident down
7586,7586,unconfident down,unconfident down,unconfident up
7587,7587,confident up,unconfident down,confident up
7588,7588,confident up,confident up,unconfident up
7589,7589,unconfident up,unconfident up,unconfident up
7590,7590,unconfident up,unconfident up,confident up
7591,7591,confident up,unconfident up,confident up
7592,7592,unconfident up,unconfident up,confident up
7593,7593,unconfident down,unconfident down,unconfident up
7594,7594,confident up,confident up,confident up
7595,7595,unconfident up,unconfident down,unconfident up
7596,7596,unconfident up,confident up,confident up
7597,7597,confident up,unconfident up,confident up
7598,7598,confident up,unconfident up,confident up
7599,7599,confident up,unconfident up,confident up
7600,7600,confident up,unconfident down,unconfident down
7601,7601,unconfident down,confident up,confident down
7602,7602,unconfident down,unconfident down,unconfident down
7603,7603,unconfident down,confident up,unconfident down
7604,7604,unconfident up,unconfident up,unconfident up
7605,7605,unconfident down,confident up,confident up
7606,7606,unconfident down,unconfident down,confident down
7607,7607,unconfident up,confident up,unconfident up
7608,7608,unconfident up,confident up,unconfident up
7609,7609,confident up,unconfident up,confident up
7610,7610,unconfident down,unconfident down,unconfident down
7611,7611,confident up,confident up,unconfident down
7612,7612,confident up,confident up,confident up
7613,7613,confident up,confident up,confident up
7614,7614,unconfident up,confident up,unconfident up
7615,7615,unconfident down,confident down,unconfident down
7616,7616,unconfident up,unconfident up,unconfident up
7617,7617,unconfident up,confident up,unconfident up
7618,7618,confident up,unconfident down,unconfident up
7619,7619,unconfident up,unconfident up,unconfident up
7620,7620,confident up,unconfident up,confident up
7621,7621,confident down,unconfident down,confident up
7622,7622,confident up,unconfident up,unconfident up
7623,7623,unconfident up,unconfident down,confident up
7624,7624,unconfident up,confident down,unconfident up
7625,7625,unconfident up,unconfident down,confident down
7626,7626,unconfident down,unconfident down,unconfident down
7627,7627,confident up,unconfident up,confident up
7628,7628,unconfident up,unconfident up,unconfident down
7629,7629,unconfident down,unconfident down,unconfident down
7630,7630,confident down,unconfident down,unconfident down
7631,7631,unconfident down,confident down,unconfident down
7632,7632,confident up,confident up,confident up
7633,7633,unconfident up,unconfident down,confident down
7634,7634,unconfident up,unconfident down,unconfident down
7635,7635,unconfident up,confident up,unconfident up
7636,7636,confident up,confident up,confident up
7637,7637,unconfident up,unconfident down,confident up
7638,7638,unconfident up,unconfident up,unconfident up
7639,7639,confident up,unconfident down,unconfident down
7640,7640,unconfident up,unconfident up,unconfident up
7641,7641,confident up,unconfident down,unconfident up
7642,7642,confident up,confident up,confident up
7643,7643,unconfident up,confident up,unconfident down
7644,7644,unconfident down,unconfident down,unconfident down
7645,7645,unconfident up,unconfident up,unconfident up
7646,7646,unconfident up,unconfident down,confident up
7647,7647,confident down,confident down,confident down
7648,7648,confident up,confident up,unconfident down
7649,7649,unconfident up,unconfident up,unconfident up
7650,7650,confident up,unconfident down,confident up
7651,7651,confident up,confident up,confident up
7652,7652,unconfident down,confident up,unconfident up
7653,7653,unconfident up,unconfident down,unconfident up
7654,7654,unconfident down,confident up,unconfident up
7655,7655,unconfident up,confident up,unconfident up
7656,7656,confident down,unconfident up,confident up
7657,7657,unconfident up,confident up,unconfident up
7658,7658,confident up,unconfident down,confident up
7659,7659,confident up,unconfident up,confident up
7660,7660,confident up,confident up,unconfident down
7661,7661,confident up,confident up,confident up
7662,7662,unconfident up,confident up,confident up
7663,7663,unconfident up,unconfident up,unconfident up
7664,7664,confident up,confident up,confident up
7665,7665,confident up,confident up,confident up
7666,7666,confident up,unconfident down,confident up
7667,7667,unconfident down,confident up,confident up
7668,7668,unconfident up,unconfident up,unconfident up
7669,7669,confident up,confident up,unconfident up
7670,7670,confident down,unconfident down,unconfident down
7671,7671,confident up,confident up,unconfident down
7672,7672,confident down,unconfident down,unconfident down
7673,7673,unconfident down,unconfident up,unconfident up
7674,7674,unconfident up,unconfident down,confident up
7675,7675,confident down,unconfident down,unconfident up
7676,7676,unconfident up,unconfident up,confident up
7677,7677,confident up,confident up,confident up
7678,7678,unconfident down,confident down,unconfident down
7679,7679,unconfident up,confident up,unconfident down
7680,7680,unconfident down,unconfident up,confident up
7681,7681,unconfident down,confident down,unconfident down
7682,7682,unconfident down,confident up,confident up
7683,7683,confident up,confident up,confident up
7684,7684,unconfident down,unconfident up,unconfident up
7685,7685,confident up,confident up,unconfident up
7686,7686,unconfident down,unconfident down,unconfident down
7687,7687,unconfident up,confident up,unconfident up
7688,7688,confident up,confident up,confident up
7689,7689,unconfident up,unconfident up,unconfident up
7690,7690,unconfident down,confident up,unconfident down
7691,7691,unconfident down,unconfident up,unconfident down
7692,7692,confident up,unconfident down,unconfident up
7693,7693,confident up,confident up,confident up
7694,7694,unconfident down,unconfident down,unconfident down
7695,7695,confident up,unconfident down,confident up
7696,7696,unconfident up,confident up,confident up
7697,7697,unconfident up,unconfident down,unconfident down
7698,7698,unconfident up,unconfident up,confident up
7699,7699,unconfident down,unconfident up,unconfident up
7700,7700,unconfident down,unconfident up,unconfident up
7701,7701,unconfident down,unconfident up,unconfident down
7702,7702,unconfident up,confident down,unconfident up
7703,7703,confident up,unconfident up,confident up
7704,7704,confident up,confident up,confident up
7705,7705,confident up,unconfident up,confident down
7706,7706,unconfident down,unconfident down,unconfident down
7707,7707,unconfident up,unconfident up,unconfident up
7708,7708,unconfident up,unconfident up,confident up
7709,7709,unconfident up,unconfident down,unconfident down
7710,7710,unconfident up,confident up,confident up
7711,7711,unconfident up,confident up,unconfident up
7712,7712,unconfident up,unconfident up,unconfident up
7713,7713,confident down,unconfident down,confident down
7714,7714,unconfident down,unconfident up,confident up
7715,7715,unconfident up,unconfident up,unconfident up
7716,7716,unconfident down,unconfident up,confident down
7717,7717,confident up,confident up,confident up
7718,7718,unconfident down,confident up,unconfident down
7719,7719,confident up,unconfident down,confident up
7720,7720,unconfident up,unconfident up,unconfident down
7721,7721,confident up,confident up,unconfident up
7722,7722,unconfident down,unconfident up,unconfident up
7723,7723,unconfident down,confident up,unconfident up
7724,7724,unconfident down,unconfident down,unconfident down
7725,7725,confident up,unconfident up,unconfident up
7726,7726,unconfident down,confident up,unconfident up
7727,7727,unconfident down,confident up,confident up
7728,7728,unconfident up,unconfident down,confident down
7729,7729,confident down,confident down,unconfident up
7730,7730,unconfident down,unconfident up,unconfident up
7731,7731,confident up,confident up,unconfident down
7732,7732,confident up,unconfident down,confident up
7733,7733,confident down,unconfident up,unconfident up
7734,7734,confident up,confident up,unconfident down
7735,7735,unconfident down,confident down,confident down
7736,7736,confident up,confident up,confident up
7737,7737,unconfident up,unconfident up,unconfident down
7738,7738,unconfident down,unconfident down,unconfident down
7739,7739,unconfident up,confident up,confident up
7740,7740,unconfident up,confident up,unconfident up
7741,7741,confident up,confident up,unconfident down
7742,7742,confident up,confident up,confident up
7743,7743,unconfident up,unconfident down,unconfident up
7744,7744,unconfident up,confident up,unconfident up
7745,7745,unconfident down,unconfident down,unconfident down
7746,7746,unconfident down,unconfident up,unconfident up
7747,7747,unconfident up,confident up,unconfident up
7748,7748,confident up,confident up,unconfident up
7749,7749,confident up,confident up,confident up
7750,7750,confident up,confident up,confident down
7751,7751,confident up,confident up,confident up
7752,7752,unconfident up,confident up,confident up
7753,7753,unconfident up,unconfident up,confident up
7754,7754,unconfident up,unconfident down,unconfident up
7755,7755,unconfident up,unconfident down,unconfident down
7756,7756,confident up,confident up,unconfident up
7757,7757,confident up,unconfident up,unconfident up
7758,7758,confident up,confident up,unconfident up
7759,7759,unconfident up,confident up,unconfident up
7760,7760,confident up,unconfident up,confident up
7761,7761,unconfident up,unconfident up,unconfident down
7762,7762,unconfident up,confident up,confident up
7763,7763,unconfident up,unconfident down,unconfident down
7764,7764,confident up,confident up,confident up
7765,7765,confident up,unconfident up,confident up
7766,7766,confident up,confident up,confident up
7767,7767,unconfident up,unconfident up,unconfident up
7768,7768,confident up,confident up,unconfident up
7769,7769,unconfident down,unconfident up,unconfident down
7770,7770,unconfident down,unconfident up,confident up
7771,7771,confident up,confident up,unconfident down
7772,7772,unconfident up,unconfident up,confident up
7773,7773,unconfident down,unconfident down,unconfident down
7774,7774,confident up,unconfident down,confident up
7775,7775,unconfident up,unconfident down,unconfident down
7776,7776,unconfident down,confident up,unconfident down
7777,7777,confident up,confident up,confident up
7778,7778,unconfident up,unconfident up,confident up
7779,7779,unconfident up,confident up,confident up
7780,7780,confident up,confident up,confident up
7781,7781,unconfident up,unconfident up,confident up
7782,7782,unconfident down,unconfident up,unconfident down
7783,7783,unconfident down,unconfident down,confident up
7784,7784,unconfident up,unconfident up,unconfident down
7785,7785,unconfident up,unconfident up,unconfident up
7786,7786,confident up,confident up,unconfident down
7787,7787,unconfident up,confident up,confident up
7788,7788,confident up,unconfident up,confident up
7789,7789,unconfident down,unconfident down,unconfident down
7790,7790,confident up,unconfident up,unconfident up
7791,7791,confident up,confident up,unconfident up
7792,7792,unconfident up,confident up,confident up
7793,7793,unconfident up,unconfident up,confident up
7794,7794,confident up,confident up,unconfident up
7795,7795,unconfident down,unconfident up,unconfident down
7796,7796,unconfident up,unconfident up,unconfident down
7797,7797,unconfident up,unconfident up,confident up
7798,7798,unconfident up,unconfident down,unconfident up
7799,7799,confident down,confident up,confident up
7800,7800,confident up,confident up,confident up
7801,7801,unconfident up,unconfident up,unconfident up
7802,7802,unconfident up,unconfident up,confident up
7803,7803,unconfident down,unconfident down,unconfident up
7804,7804,confident up,confident up,unconfident up
7805,7805,unconfident up,unconfident up,confident up
7806,7806,unconfident up,confident up,unconfident down
7807,7807,unconfident up,unconfident down,confident up
7808,7808,confident up,confident up,unconfident up
7809,7809,confident down,confident up,confident up
7810,7810,confident up,"unconfident up 

",unconfident up
7811,7811,confident down,unconfident down,unconfident down
7812,7812,confident up,unconfident up,confident up
7813,7813,unconfident up,confident up,unconfident up
7814,7814,unconfident down,confident up,unconfident up
7815,7815,unconfident up,unconfident up,confident up
7816,7816,unconfident up,confident up,confident up
7817,7817,confident up,confident up,confident up
7818,7818,unconfident up,unconfident down,unconfident down
7819,7819,unconfident up,unconfident down,confident up
7820,7820,unconfident down,unconfident down,confident up
7821,7821,confident up,unconfident up,confident up
7822,7822,unconfident up,confident down,confident down
7823,7823,unconfident down,unconfident down,unconfident down
7824,7824,unconfident up,confident up,unconfident up
7825,7825,confident up,confident up,confident up
7826,7826,unconfident down,confident up,unconfident up
7827,7827,confident up,unconfident down,unconfident up
7828,7828,confident up,confident up,confident up
7829,7829,unconfident up,unconfident down,unconfident up
7830,7830,confident down,confident down,unconfident down
7831,7831,confident up,confident up,confident up
7832,7832,unconfident down,confident down,unconfident down
7833,7833,confident up,confident up,confident up
7834,7834,confident up,confident up,confident up
7835,7835,unconfident up,unconfident down,unconfident up
7836,7836,confident up,unconfident up,confident up
7837,7837,unconfident down,confident down,confident down
7838,7838,unconfident up,confident up,unconfident down
7839,7839,confident up,unconfident up,confident up
7840,7840,unconfident down,confident down,unconfident down
7841,7841,unconfident down,unconfident up,unconfident up
7842,7842,unconfident down,confident up,confident up
7843,7843,unconfident up,unconfident down,unconfident up
7844,7844,unconfident up,confident up,confident up
7845,7845,unconfident up,confident up,unconfident up
7846,7846,confident down,unconfident down,unconfident down
7847,7847,confident down,confident down,unconfident up
7848,7848,unconfident down,confident up,unconfident down
7849,7849,confident up,unconfident up,unconfident down
7850,7850,unconfident up,confident down,unconfident down
7851,7851,unconfident down,confident down,unconfident down
7852,7852,confident down,confident down,unconfident down
7853,7853,unconfident up,unconfident down,confident up
7854,7854,unconfident up,unconfident up,confident up
7855,7855,unconfident up,unconfident up,confident up
7856,7856,confident up,unconfident up,unconfident down
7857,7857,unconfident up,confident up,confident up
7858,7858,unconfident up,confident up,confident up
7859,7859,confident down,unconfident down,unconfident down
7860,7860,confident up,unconfident up,unconfident up
7861,7861,confident up,unconfident down,unconfident down
7862,7862,unconfident up,unconfident up,unconfident down
7863,7863,unconfident up,unconfident down,unconfident up
7864,7864,confident up,confident up,unconfident up
7865,7865,unconfident up,unconfident up,unconfident up
7866,7866,unconfident down,confident up,confident down
7867,7867,confident up,confident up,unconfident down
7868,7868,confident up,confident up,confident up
7869,7869,confident up,confident down,confident up
7870,7870,confident down,unconfident down,unconfident down
7871,7871,confident down,confident down,unconfident down
7872,7872,unconfident down,unconfident down,confident down
7873,7873,confident up,confident up,confident up
7874,7874,unconfident up,unconfident up,confident up
7875,7875,unconfident up,unconfident up,confident up
7876,7876,unconfident down,confident up,confident up
7877,7877,unconfident down,confident down,unconfident down
7878,7878,unconfident up,unconfident up,unconfident up
7879,7879,unconfident up,confident up,unconfident up
7880,7880,unconfident up,unconfident up,unconfident down
7881,7881,unconfident down,unconfident up,unconfident down
7882,7882,confident down,confident down,confident down
7883,7883,confident up,confident up,unconfident down
7884,7884,confident up,unconfident down,unconfident down
7885,7885,confident up,confident up,confident down
7886,7886,unconfident up,unconfident down,unconfident down
7887,7887,unconfident down,confident up,unconfident up
7888,7888,confident up,confident up,confident up
7889,7889,confident up,unconfident up,confident up
7890,7890,unconfident up,confident up,unconfident up
7891,7891,unconfident down,confident up,confident up
7892,7892,unconfident up,unconfident up,confident up
7893,7893,unconfident down,unconfident up,unconfident down
7894,7894,unconfident up,unconfident down,confident up
7895,7895,confident up,unconfident up,confident up
7896,7896,unconfident down,unconfident down,unconfident down
7897,7897,confident up,unconfident down,unconfident up
7898,7898,confident up,unconfident up,confident up
7899,7899,unconfident down,unconfident down,unconfident down
7900,7900,unconfident down,confident up,unconfident up
7901,7901,unconfident up,confident up,unconfident down
7902,7902,unconfident down,confident up,confident up
7903,7903,confident up,unconfident up,unconfident up
7904,7904,unconfident up,unconfident up,unconfident down
7905,7905,confident up,unconfident up,confident up
7906,7906,unconfident up,unconfident up,unconfident down
7907,7907,confident down,unconfident down,unconfident down
7908,7908,unconfident down,confident down,unconfident down
7909,7909,unconfident down,unconfident up,unconfident up
7910,7910,unconfident up,unconfident down,unconfident down
7911,7911,unconfident down,unconfident down,unconfident up
7912,7912,unconfident down,unconfident up,confident up
7913,7913,confident down,unconfident down,unconfident down
7914,7914,unconfident down,unconfident up,unconfident down
7915,7915,confident up,confident up,confident up
7916,7916,unconfident up,Unconfident down,unconfident down
7917,7917,unconfident down,unconfident up,unconfident up
7918,7918,confident up,unconfident up,confident up
7919,7919,confident up,unconfident up,unconfident up
7920,7920,confident up,unconfident up,unconfident down
7921,7921,confident up,confident up,confident up
7922,7922,unconfident down,unconfident down,confident down
7923,7923,unconfident up,unconfident down,unconfident down
7924,7924,unconfident up,unconfident down,confident up
7925,7925,confident up,confident up,unconfident up
7926,7926,confident down,confident down,unconfident down
7927,7927,unconfident up,unconfident up,unconfident up
7928,7928,confident up,confident up,confident up
7929,7929,unconfident up,unconfident up,confident up
7930,7930,confident down,unconfident up,unconfident up
7931,7931,confident up,unconfident up,confident up
7932,7932,confident up,unconfident up,unconfident up
7933,7933,unconfident down,unconfident down,unconfident up
7934,7934,unconfident down,unconfident down,unconfident up
7935,7935,confident up,unconfident down,confident up
7936,7936,confident up,unconfident up,confident up
7937,7937,unconfident down,confident down,unconfident down
7938,7938,confident down,unconfident down,unconfident down
7939,7939,unconfident down,unconfident down,unconfident down
7940,7940,confident up,unconfident up,confident up
7941,7941,unconfident down,unconfident down,unconfident up
7942,7942,unconfident up,confident up,confident up
7943,7943,unconfident up,unconfident up,confident up
7944,7944,unconfident up,unconfident up,confident up
7945,7945,confident up,confident up,unconfident down
7946,7946,unconfident down,unconfident down,confident up
7947,7947,confident up,unconfident up,confident up
7948,7948,unconfident down,unconfident up,unconfident up
7949,7949,unconfident up,unconfident down,unconfident up
7950,7950,unconfident up,unconfident down,unconfident up
7951,7951,unconfident up,confident up,confident up
7952,7952,confident down,unconfident up,unconfident down
7953,7953,confident up,unconfident down,unconfident up
7954,7954,unconfident up,unconfident up,confident up
7955,7955,confident up,unconfident up,confident up
7956,7956,confident up,unconfident up,confident up
7957,7957,confident up,confident up,confident up
7958,7958,unconfident down,unconfident up,unconfident up
7959,7959,unconfident down,unconfident up,unconfident up
7960,7960,unconfident down,unconfident up,unconfident down
7961,7961,unconfident down,unconfident up,confident up
7962,7962,confident up,confident up,confident up
7963,7963,unconfident down,unconfident down,unconfident down
7964,7964,unconfident up,unconfident down,unconfident up
7965,7965,confident up,confident up,confident up
7966,7966,unconfident down,unconfident up,unconfident down
7967,7967,unconfident up,unconfident down,confident up
7968,7968,confident up,unconfident down,unconfident up
7969,7969,confident up,unconfident down,confident up
7970,7970,confident up,unconfident down,confident up
7971,7971,unconfident down,unconfident down,unconfident down
7972,7972,confident up,confident down,unconfident up
7973,7973,confident up,confident up,unconfident down
7974,7974,unconfident up,confident up,unconfident up
7975,7975,unconfident up,unconfident up,unconfident down
7976,7976,unconfident up,unconfident up,unconfident up
7977,7977,unconfident up,unconfident up,unconfident up
7978,7978,confident up,unconfident down,unconfident down
7979,7979,unconfident down,confident up,confident up
7980,7980,confident up,unconfident up,confident up
7981,7981,confident up,unconfident up,unconfident up
7982,7982,confident up,confident up,unconfident up
7983,7983,unconfident up,confident up,confident up
7984,7984,unconfident down,confident down,confident up
7985,7985,confident up,confident up,confident up
7986,7986,confident up,confident up,confident up
7987,7987,confident up,unconfident up,unconfident up
7988,7988,unconfident down,unconfident up,unconfident up
7989,7989,unconfident up,unconfident up,unconfident up
7990,7990,unconfident up,unconfident up,unconfident up
7991,7991,unconfident up,confident up,unconfident up
7992,7992,unconfident up,unconfident down,confident up
7993,7993,unconfident up,confident up,unconfident up
7994,7994,confident up,confident up,confident up
7995,7995,unconfident down,unconfident up,unconfident up
7996,7996,unconfident up,confident up,confident up
7997,7997,confident down,confident up,unconfident up
7998,7998,confident up,confident up,unconfident down
7999,7999,confident up,confident up,confident up
8000,8000,unconfident up,confident up,confident up
8001,8001,unconfident up,unconfident up,confident up
8002,8002,confident up,unconfident up,unconfident down
8003,8003,confident up,unconfident up,confident up
8004,8004,unconfident up,confident up,confident up
8005,8005,unconfident down,unconfident down,unconfident down
8006,8006,confident up,confident up,confident up
8007,8007,confident up,unconfident up,confident up
8008,8008,confident up,unconfident up,confident up
8009,8009,confident up,confident up,unconfident up
8010,8010,confident up,confident up,confident up
8011,8011,confident up,confident up,confident up
8012,8012,confident down,unconfident up,confident down
8013,8013,confident up,confident up,unconfident up
8014,8014,confident down,unconfident up,unconfident up
8015,8015,confident up,confident up,confident up
8016,8016,confident down,unconfident up,confident down
8017,8017,unconfident up,confident up,confident up
8018,8018,confident up,unconfident down,confident up
8019,8019,unconfident down,unconfident down,unconfident down
8020,8020,unconfident down,unconfident down,confident down
8021,8021,confident up,confident up,unconfident up
8022,8022,unconfident up,confident up,confident up
8023,8023,confident up,confident up,confident up
8024,8024,confident up,confident up,confident up
8025,8025,unconfident down,unconfident down,unconfident down
8026,8026,confident up,unconfident up,unconfident up
8027,8027,confident up,unconfident down,unconfident up
8028,8028,confident down,confident up,confident down
8029,8029,unconfident up,unconfident down,confident up
8030,8030,unconfident up,unconfident up,confident down
8031,8031,unconfident up,unconfident down,unconfident down
8032,8032,unconfident up,unconfident up,confident up
8033,8033,unconfident down,unconfident down,unconfident down
8034,8034,confident up,confident up,confident up
8035,8035,unconfident up,confident up,unconfident down
8036,8036,confident up,confident up,unconfident up
8037,8037,unconfident down,unconfident down,confident down
8038,8038,unconfident up,unconfident up,unconfident down
8039,8039,unconfident up,confident down,unconfident down
8040,8040,confident up,unconfident up,unconfident up
8041,8041,unconfident up,unconfident up,confident up
8042,8042,confident down,confident down,unconfident down
8043,8043,confident up,confident up,unconfident down
8044,8044,unconfident down,confident down,unconfident down
8045,8045,confident up,confident up,confident up
8046,8046,unconfident up,unconfident down,confident up
8047,8047,confident up,unconfident up,unconfident up
8048,8048,unconfident up,unconfident down,unconfident up
8049,8049,unconfident down,confident up,unconfident up
8050,8050,unconfident up,confident up,confident up
8051,8051,unconfident down,unconfident up,unconfident down
8052,8052,confident up,unconfident up,confident up
8053,8053,unconfident up,unconfident down,confident down
8054,8054,confident up,unconfident down,confident up
8055,8055,unconfident up,unconfident down,unconfident down
8056,8056,confident up,confident up,confident up
8057,8057,unconfident up,confident up,unconfident down
8058,8058,confident down,confident up,confident up
8059,8059,confident up,unconfident up,confident up
8060,8060,confident up,confident up,confident up
8061,8061,unconfident up,confident up,confident up
8062,8062,confident up,unconfident down,unconfident up
8063,8063,confident up,confident up,confident up
8064,8064,confident up,unconfident down,unconfident up
8065,8065,confident up,confident up,unconfident up
8066,8066,unconfident up,confident up,unconfident up
8067,8067,confident up,confident up,unconfident up
8068,8068,confident up,unconfident up,confident up
8069,8069,unconfident up,unconfident up,confident up
8070,8070,confident up,unconfident up,confident down
8071,8071,confident up,confident up,unconfident up
8072,8072,unconfident up,confident up,unconfident up
8073,8073,confident up,unconfident up,confident up
8074,8074,confident down,confident up,unconfident up
8075,8075,confident down,unconfident down,unconfident down
8076,8076,confident up,confident up,confident up
8077,8077,confident down,confident down,unconfident down
8078,8078,unconfident down,confident down,confident down
8079,8079,confident up,unconfident up,confident up
8080,8080,confident up,confident up,confident up
8081,8081,confident up,unconfident up,confident up
8082,8082,unconfident up,unconfident down,confident up
8083,8083,confident up,unconfident down,confident up
8084,8084,confident down,confident up,unconfident down
8085,8085,unconfident down,unconfident down,unconfident up
8086,8086,unconfident up,unconfident down,confident up
8087,8087,unconfident down,unconfident up,unconfident down
8088,8088,unconfident up,unconfident up,confident up
8089,8089,unconfident down,unconfident up,confident down
8090,8090,unconfident up,confident up,unconfident down
8091,8091,confident up,unconfident down,unconfident up
8092,8092,unconfident up,confident up,confident up
8093,8093,unconfident up,confident up,confident up
8094,8094,unconfident up,confident up,confident up
8095,8095,unconfident up,unconfident down,confident down
8096,8096,confident up,confident up,confident up
8097,8097,confident up,confident up,confident up
8098,8098,confident up,unconfident down,confident up
8099,8099,unconfident down,confident up,confident up
8100,8100,confident up,unconfident up,unconfident up
8101,8101,confident up,confident up,unconfident up
8102,8102,unconfident down,unconfident up,unconfident up
8103,8103,confident up,unconfident down,confident up
8104,8104,unconfident up,unconfident down,unconfident down
8105,8105,confident up,unconfident up,confident up
8106,8106,confident up,confident up,confident up
8107,8107,confident up,confident up,confident up
8108,8108,unconfident up,unconfident up,confident up
8109,8109,unconfident down,confident down,unconfident down
8110,8110,confident down,unconfident down,confident up
8111,8111,unconfident up,confident up,confident up
8112,8112,unconfident down,confident down,unconfident down
8113,8113,confident up,confident up,unconfident up
8114,8114,unconfident up,unconfident up,confident up
8115,8115,confident down,unconfident up,unconfident up
8116,8116,confident up,confident up,confident up
8117,8117,unconfident down,unconfident up,unconfident down
8118,8118,confident up,unconfident up,unconfident down
8119,8119,unconfident down,unconfident down,confident down
8120,8120,confident up,unconfident up,unconfident up
8121,8121,unconfident down,unconfident down,unconfident down
8122,8122,confident up,unconfident up,unconfident up
8123,8123,unconfident up,unconfident down,unconfident down
8124,8124,confident up,unconfident up,unconfident up
8125,8125,unconfident down,unconfident down,unconfident down
8126,8126,unconfident down,unconfident down,unconfident up
8127,8127,unconfident down,unconfident down,unconfident up
8128,8128,unconfident up,confident up,unconfident up
8129,8129,unconfident up,confident up,confident up
8130,8130,unconfident down,confident down,unconfident down
8131,8131,unconfident down,unconfident down,confident up
8132,8132,unconfident down,unconfident up,unconfident up
8133,8133,unconfident up,unconfident up,confident up
8134,8134,confident down,confident down,unconfident up
8135,8135,confident up,unconfident down,unconfident up
8136,8136,confident up,unconfident up,confident up
8137,8137,confident up,confident up,unconfident up
8138,8138,unconfident down,unconfident down,confident down
8139,8139,unconfident down,confident up,confident down
8140,8140,unconfident up,unconfident up,unconfident up
8141,8141,unconfident up,confident up,unconfident up
8142,8142,unconfident down,unconfident down,unconfident down
8143,8143,unconfident up,confident up,confident up
8144,8144,unconfident down,unconfident down,unconfident up
8145,8145,unconfident down,confident down,unconfident down
8146,8146,unconfident up,unconfident down,confident up
8147,8147,unconfident up,confident up,unconfident up
8148,8148,confident up,confident up,unconfident up
8149,8149,confident up,confident up,confident up
8150,8150,confident down,confident down,unconfident down
8151,8151,confident up,unconfident down,unconfident up
8152,8152,unconfident up,unconfident down,unconfident down
8153,8153,unconfident down,confident down,confident down
8154,8154,confident up,confident up,confident up
8155,8155,confident up,unconfident up,confident up
8156,8156,unconfident down,unconfident down,confident down
8157,8157,unconfident down,unconfident down,unconfident down
8158,8158,unconfident up,unconfident up,confident up
8159,8159,unconfident up,unconfident up,unconfident up
8160,8160,unconfident up,unconfident up,unconfident up
8161,8161,confident up,unconfident up,unconfident down
8162,8162,unconfident down,confident up,unconfident up
8163,8163,confident up,unconfident down,confident down
8164,8164,confident up,confident up,unconfident down
8165,8165,unconfident up,unconfident down,unconfident up
8166,8166,confident up,unconfident up,confident up
8167,8167,unconfident up,confident up,confident up
8168,8168,unconfident down,unconfident down,unconfident down
8169,8169,confident up,confident up,confident up
8170,8170,confident up,unconfident up,unconfident up
8171,8171,unconfident down,unconfident down,unconfident down
8172,8172,unconfident up,unconfident up,confident up
8173,8173,confident up,confident up,unconfident up
8174,8174,unconfident down,unconfident down,confident up
8175,8175,confident up,confident up,confident up
8176,8176,unconfident down,confident down,unconfident down
8177,8177,unconfident up,confident up,unconfident up
8178,8178,confident up,confident up,confident up
8179,8179,unconfident up,unconfident down,unconfident up
8180,8180,unconfident down,unconfident up,unconfident down
8181,8181,unconfident up,unconfident up,confident up
8182,8182,unconfident up,unconfident up,unconfident down
8183,8183,unconfident down,unconfident down,unconfident down
8184,8184,confident up,unconfident up,unconfident up
8185,8185,unconfident up,unconfident down,confident up
8186,8186,unconfident up,confident up,unconfident down
8187,8187,unconfident up,confident up,confident up
8188,8188,confident up,unconfident up,unconfident up
8189,8189,confident up,confident up,unconfident down
8190,8190,unconfident up,unconfident up,confident up
8191,8191,confident up,unconfident up,unconfident down
8192,8192,unconfident down,unconfident down,unconfident down
8193,8193,confident up,unconfident up,confident down
8194,8194,confident up,confident up,confident up
8195,8195,confident up,confident up,confident up
8196,8196,confident up,unconfident up,unconfident up
8197,8197,confident up,unconfident up,confident up
8198,8198,confident up,confident up,confident up
8199,8199,confident down,unconfident up,confident down
8200,8200,unconfident down,confident up,confident up
8201,8201,unconfident down,confident up,unconfident up
8202,8202,confident up,confident up,unconfident up
8203,8203,confident up,unconfident up,unconfident up
8204,8204,unconfident up,confident up,unconfident down
8205,8205,unconfident up,unconfident up,confident up
8206,8206,confident up,unconfident up,unconfident up
8207,8207,unconfident up,unconfident up,confident up
8208,8208,confident up,unconfident up,confident up
8209,8209,unconfident down,unconfident up,unconfident up
8210,8210,confident up,unconfident down,unconfident down
8211,8211,unconfident up,unconfident up,unconfident down
8212,8212,unconfident down,confident up,confident up
8213,8213,unconfident down,unconfident down,unconfident down
8214,8214,unconfident down,unconfident down,unconfident down
8215,8215,confident up,unconfident down,confident up
8216,8216,unconfident up,unconfident up,unconfident up
8217,8217,unconfident up,unconfident up,unconfident up
8218,8218,unconfident up,confident down,confident down
8219,8219,confident up,unconfident down,unconfident down
8220,8220,unconfident up,unconfident up,confident up
8221,8221,unconfident up,unconfident down,unconfident down
8222,8222,unconfident up,unconfident down,unconfident up
8223,8223,unconfident down,confident up,unconfident down
8224,8224,unconfident up,unconfident down,unconfident up
8225,8225,confident up,unconfident up,unconfident up
8226,8226,unconfident down,unconfident up,confident up
8227,8227,unconfident up,unconfident down,unconfident up
8228,8228,confident up,unconfident up,unconfident up
8229,8229,unconfident up,confident up,confident up
8230,8230,unconfident up,unconfident down,unconfident down
8231,8231,unconfident up,confident up,confident up
8232,8232,unconfident up,unconfident up,unconfident up
8233,8233,unconfident down,confident up,unconfident up
8234,8234,unconfident up,confident up,unconfident up
8235,8235,confident up,confident up,unconfident down
8236,8236,confident up,unconfident up,unconfident up
8237,8237,confident down,confident down,unconfident up
8238,8238,unconfident down,unconfident down,confident up
8239,8239,unconfident down,unconfident up,confident up
8240,8240,unconfident up,confident up,unconfident up
8241,8241,confident up,confident up,unconfident up
8242,8242,unconfident up,confident up,confident up
8243,8243,confident up,unconfident up,confident up
8244,8244,unconfident up,unconfident up,confident down
8245,8245,unconfident up,confident up,unconfident down
8246,8246,unconfident up,unconfident up,unconfident up
8247,8247,unconfident down,confident up,unconfident up
8248,8248,unconfident up,unconfident up,confident up
8249,8249,unconfident up,unconfident down,unconfident up
8250,8250,unconfident down,confident up,unconfident up
8251,8251,unconfident down,unconfident down,unconfident down
8252,8252,unconfident up,unconfident down,confident up
8253,8253,confident up,confident up,confident up
8254,8254,unconfident up,unconfident up,unconfident up
8255,8255,confident up,confident up,unconfident up
8256,8256,unconfident up,confident up,confident up
8257,8257,unconfident up,unconfident up,unconfident up
8258,8258,confident up,unconfident up,unconfident down
8259,8259,unconfident down,confident up,unconfident down
8260,8260,unconfident up,unconfident down,unconfident down
8261,8261,confident up,confident up,confident up
8262,8262,confident up,confident up,unconfident up
8263,8263,confident up,unconfident up,unconfident up
8264,8264,confident up,unconfident down,unconfident up
8265,8265,confident down,unconfident down,unconfident down
8266,8266,confident down,unconfident down,unconfident down
8267,8267,confident up,confident up,confident up
8268,8268,confident up,unconfident down,unconfident up
8269,8269,confident up,confident up,unconfident up
8270,8270,confident up,confident up,unconfident up
8271,8271,unconfident down,unconfident up,confident up
8272,8272,unconfident up,unconfident up,unconfident up
8273,8273,unconfident up,unconfident up,unconfident up
8274,8274,confident up,unconfident up,confident up
8275,8275,unconfident down,unconfident down,unconfident up
8276,8276,unconfident up,unconfident up,unconfident up
8277,8277,unconfident up,confident up,unconfident down
8278,8278,confident up,confident up,unconfident up
8279,8279,unconfident down,unconfident up,unconfident up
8280,8280,confident up,confident up,unconfident up
8281,8281,unconfident down,unconfident down,confident up
8282,8282,unconfident down,unconfident down,unconfident down
8283,8283,unconfident up,confident up,unconfident down
8284,8284,confident up,unconfident up,unconfident up
8285,8285,unconfident up,unconfident down,unconfident down
8286,8286,confident up,unconfident down,unconfident up
8287,8287,confident up,confident up,confident up
8288,8288,unconfident down,unconfident down,unconfident up
8289,8289,confident down,confident up,unconfident down
8290,8290,unconfident up,unconfident up,unconfident up
8291,8291,unconfident up,unconfident up,confident down
8292,8292,confident up,confident up,confident up
8293,8293,confident up,unconfident up,unconfident down
8294,8294,unconfident up,confident up,confident up
8295,8295,confident up,confident up,unconfident up
8296,8296,confident up,confident up,confident up
8297,8297,unconfident up,confident up,unconfident down
8298,8298,unconfident up,unconfident up,confident up
8299,8299,confident up,unconfident up,unconfident up
8300,8300,unconfident down,unconfident up,unconfident down
8301,8301,unconfident up,unconfident down,unconfident down
8302,8302,confident down,confident down,unconfident down
8303,8303,confident down,confident down,confident down
8304,8304,confident up,unconfident up,confident up
8305,8305,unconfident down,unconfident down,confident down
8306,8306,confident up,unconfident down,unconfident up
8307,8307,confident up,unconfident up,confident up
8308,8308,confident up,confident up,confident up
8309,8309,unconfident up,confident up,confident up
8310,8310,confident up,confident up,confident up
8311,8311,confident up,unconfident up,unconfident down
8312,8312,unconfident up,confident up,confident up
8313,8313,confident up,confident up,unconfident down
8314,8314,confident up,unconfident down,unconfident up
8315,8315,unconfident up,unconfident down,confident up
8316,8316,unconfident up,confident up,unconfident up
8317,8317,confident up,confident up,confident up
8318,8318,unconfident down,unconfident up,unconfident up
8319,8319,unconfident down,confident down,unconfident down
8320,8320,confident up,unconfident down,unconfident up
8321,8321,unconfident up,confident up,unconfident up
8322,8322,confident up,confident up,confident up
8323,8323,confident up,confident up,confident up
8324,8324,confident up,unconfident up,confident up
8325,8325,confident up,unconfident up,unconfident down
8326,8326,unconfident down,unconfident down,unconfident down
8327,8327,unconfident up,confident up,unconfident up
8328,8328,unconfident up,confident up,unconfident up
8329,8329,confident up,unconfident up,unconfident up
8330,8330,unconfident down,unconfident up,unconfident down
8331,8331,unconfident down,confident up,confident up
8332,8332,confident up,confident down,unconfident down
8333,8333,unconfident up,confident up,unconfident up
8334,8334,unconfident down,unconfident down,confident up
8335,8335,unconfident up,confident up,confident up
8336,8336,unconfident down,unconfident down,unconfident up
8337,8337,unconfident up,unconfident up,confident up
8338,8338,unconfident up,confident up,confident down
8339,8339,confident up,unconfident up,confident up
8340,8340,confident up,unconfident up,confident up
8341,8341,unconfident down,unconfident down,unconfident down
8342,8342,unconfident up,confident up,confident up
8343,8343,unconfident up,confident up,unconfident up
8344,8344,confident down,confident down,unconfident down
8345,8345,unconfident down,confident down,unconfident up
8346,8346,unconfident up,unconfident up,confident up
8347,8347,unconfident up,unconfident up,confident up
8348,8348,unconfident up,confident up,confident up
8349,8349,unconfident up,unconfident up,unconfident up
8350,8350,confident up,unconfident up,unconfident up
8351,8351,unconfident up,unconfident up,unconfident up
8352,8352,confident up,confident up,confident up
8353,8353,confident up,confident up,unconfident down
8354,8354,confident up,unconfident up,confident up
8355,8355,confident up,unconfident up,"unconfident up 

"
8356,8356,confident up,unconfident up,unconfident down
8357,8357,unconfident up,unconfident up,confident up
8358,8358,unconfident up,confident up,confident up
8359,8359,confident up,confident up,unconfident up
8360,8360,confident up,unconfident up,confident up
8361,8361,confident up,unconfident up,confident up
8362,8362,unconfident down,unconfident up,Unconfident down
8363,8363,unconfident down,unconfident up,unconfident down
8364,8364,unconfident down,confident up,unconfident down
8365,8365,confident up,unconfident up,unconfident up
8366,8366,unconfident up,confident up,confident up
8367,8367,unconfident down,unconfident down,unconfident down
8368,8368,unconfident up,confident up,confident up
8369,8369,confident up,unconfident up,confident up
8370,8370,confident up,confident up,confident up
8371,8371,unconfident down,unconfident up,unconfident up
8372,8372,unconfident down,unconfident up,unconfident up
8373,8373,confident up,unconfident up,unconfident up
8374,8374,confident up,confident up,unconfident up
8375,8375,unconfident down,confident up,confident up
8376,8376,unconfident up,unconfident down,unconfident up
8377,8377,unconfident up,unconfident up,unconfident up
8378,8378,unconfident down,unconfident down,confident down
8379,8379,unconfident up,confident up,unconfident down
8380,8380,unconfident down,confident down,confident up
8381,8381,unconfident up,confident up,confident up
8382,8382,confident up,confident up,unconfident up
8383,8383,confident up,confident up,confident up
8384,8384,unconfident down,unconfident down,unconfident up
8385,8385,confident down,confident down,confident up
8386,8386,confident up,unconfident up,confident up
8387,8387,unconfident down,confident down,unconfident down
8388,8388,confident up,confident up,confident up
8389,8389,confident up,unconfident up,unconfident up
8390,8390,confident up,unconfident up,confident up
8391,8391,confident up,unconfident up,unconfident down
8392,8392,unconfident down,confident down,confident down
8393,8393,unconfident down,unconfident up,unconfident down
8394,8394,unconfident up,confident up,unconfident up
8395,8395,unconfident down,confident up,confident down
8396,8396,unconfident up,unconfident up,confident up
8397,8397,confident down,confident up,confident up
8398,8398,confident up,unconfident up,confident up
8399,8399,unconfident down,confident down,unconfident down
8400,8400,confident up,confident up,unconfident down
8401,8401,unconfident up,unconfident up,unconfident down
8402,8402,confident up,unconfident down,unconfident down
8403,8403,unconfident up,confident up,confident up
8404,8404,unconfident up,confident down,unconfident down
8405,8405,unconfident down,unconfident up,unconfident down
8406,8406,unconfident down,confident up,unconfident up
8407,8407,confident up,unconfident up,unconfident up
8408,8408,confident up,unconfident up,confident up
8409,8409,unconfident up,confident up,confident up
8410,8410,unconfident up,confident up,unconfident up
8411,8411,unconfident up,confident up,unconfident up
8412,8412,confident up,confident up,confident up
8413,8413,unconfident down,unconfident up,unconfident up
8414,8414,unconfident up,unconfident up,unconfident down
8415,8415,unconfident up,confident up,confident up
8416,8416,confident up,confident up,confident up
8417,8417,confident up,unconfident up,confident up
8418,8418,unconfident down,unconfident down,confident up
8419,8419,unconfident down,unconfident up,unconfident up
8420,8420,unconfident up,unconfident up,unconfident up
8421,8421,confident up,unconfident up,confident up
8422,8422,unconfident up,confident down,unconfident up
8423,8423,confident down,unconfident down,unconfident down
8424,8424,unconfident up,confident up,confident up
8425,8425,unconfident down,confident up,unconfident down
8426,8426,confident up,confident up,unconfident up
8427,8427,unconfident down,unconfident down,confident up
8428,8428,unconfident up,unconfident up,unconfident down
8429,8429,unconfident up,confident up,unconfident up
8430,8430,unconfident down,unconfident up,unconfident up
8431,8431,unconfident down,confident down,unconfident down
8432,8432,unconfident up,unconfident down,confident up
8433,8433,unconfident down,confident up,confident up
8434,8434,unconfident up,unconfident up,confident up
8435,8435,unconfident up,confident up,confident up
8436,8436,unconfident up,confident up,unconfident down
8437,8437,unconfident down,unconfident up,confident up
8438,8438,confident down,confident down,confident down
8439,8439,confident up,confident up,unconfident up
8440,8440,confident up,confident up,confident up
8441,8441,confident up,confident up,confident up
8442,8442,confident down,unconfident down,unconfident down
8443,8443,unconfident up,unconfident up,unconfident up
8444,8444,confident up,confident up,unconfident up
8445,8445,unconfident up,confident up,confident up
8446,8446,confident up,confident up,unconfident up
8447,8447,unconfident up,unconfident up,confident up
8448,8448,confident up,confident up,unconfident up
8449,8449,unconfident up,unconfident up,unconfident up
8450,8450,confident up,confident up,confident up
8451,8451,unconfident up,unconfident up,confident up
8452,8452,unconfident down,unconfident up,confident down
8453,8453,unconfident down,unconfident up,confident down
8454,8454,confident up,confident up,unconfident down
8455,8455,confident up,unconfident up,confident up
8456,8456,unconfident down,confident down,unconfident down
8457,8457,unconfident down,confident up,confident up
8458,8458,confident up,confident up,confident down
8459,8459,unconfident up,confident up,unconfident down
8460,8460,confident up,unconfident up,confident up
8461,8461,confident up,unconfident up,confident up
8462,8462,confident up,unconfident up,unconfident down
8463,8463,unconfident down,unconfident up,confident up
8464,8464,unconfident down,unconfident down,unconfident down
8465,8465,unconfident up,unconfident down,unconfident down
8466,8466,unconfident up,confident up,confident up
8467,8467,unconfident up,unconfident up,unconfident up
8468,8468,unconfident up,unconfident up,confident up
8469,8469,unconfident up,unconfident up,confident up
8470,8470,unconfident down,unconfident down,unconfident down
8471,8471,unconfident down,confident down,unconfident down
8472,8472,unconfident down,unconfident up,confident down
8473,8473,unconfident up,unconfident down,unconfident up
8474,8474,unconfident up,confident up,confident up
8475,8475,unconfident down,unconfident up,unconfident down
8476,8476,unconfident up,unconfident up,confident up
8477,8477,confident up,unconfident down,confident up
8478,8478,confident up,unconfident up,unconfident down
8479,8479,confident up,unconfident up,unconfident up
8480,8480,confident up,unconfident up,unconfident up
8481,8481,unconfident up,confident up,confident up
8482,8482,confident up,confident up,confident up
8483,8483,unconfident up,unconfident up,unconfident down
8484,8484,unconfident up,confident up,unconfident up
8485,8485,unconfident up,unconfident down,unconfident up
8486,8486,confident up,unconfident up,confident down
8487,8487,unconfident up,confident up,confident up
8488,8488,confident up,confident up,unconfident up
8489,8489,unconfident down,unconfident up,confident up
8490,8490,unconfident up,confident up,unconfident up
8491,8491,unconfident up,unconfident down,confident down
8492,8492,unconfident up,confident up,confident up
8493,8493,unconfident up,confident up,unconfident down
8494,8494,unconfident up,unconfident up,unconfident down
8495,8495,confident up,unconfident down,unconfident up
8496,8496,unconfident down,unconfident down,unconfident down
8497,8497,unconfident up,confident up,unconfident up
8498,8498,confident up,confident up,unconfident up
8499,8499,confident up,unconfident up,unconfident up
8500,8500,confident up,unconfident up,confident down
8501,8501,confident up,confident up,confident up
8502,8502,unconfident up,confident up,confident up
8503,8503,unconfident up,unconfident down,unconfident down
8504,8504,confident up,confident up,confident up
8505,8505,unconfident down,unconfident up,confident down
8506,8506,confident up,unconfident up,confident up
8507,8507,confident up,confident down,unconfident up
8508,8508,confident up,unconfident up,unconfident down
8509,8509,unconfident up,confident up,confident up
8510,8510,unconfident up,unconfident up,unconfident up
8511,8511,confident up,confident up,confident up
8512,8512,unconfident up,confident down,unconfident down
8513,8513,unconfident up.,unconfident up,confident down
8514,8514,unconfident up,confident up,confident up
8515,8515,unconfident down,unconfident down,unconfident down
8516,8516,unconfident down,unconfident down,unconfident down
8517,8517,unconfident up,confident down,unconfident down
8518,8518,unconfident up,unconfident up,confident up
8519,8519,unconfident up,confident up,confident up
8520,8520,unconfident down,unconfident up,confident up
8521,8521,confident down,unconfident down,unconfident down
8522,8522,confident up,unconfident down,unconfident up
8523,8523,confident down,unconfident up,unconfident down
8524,8524,unconfident down,unconfident up,unconfident up
8525,8525,confident down,unconfident down,unconfident up
8526,8526,confident up,unconfident up,unconfident up
8527,8527,unconfident up,unconfident down,unconfident down
8528,8528,unconfident up,unconfident down,confident up
8529,8529,unconfident down,unconfident up,unconfident up
8530,8530,unconfident up,unconfident down,unconfident down
8531,8531,confident up,confident up,confident up
8532,8532,confident up,confident up,unconfident down
8533,8533,unconfident up,unconfident down,unconfident down
8534,8534,confident down,confident down,unconfident down
8535,8535,unconfident up,unconfident down,unconfident down
8536,8536,confident up,unconfident up,unconfident up
8537,8537,confident up,unconfident up,unconfident down
8538,8538,confident up,unconfident down,confident up
8539,8539,unconfident up,unconfident down,unconfident down
8540,8540,confident up,unconfident up,unconfident up
8541,8541,confident up,confident up,confident up
8542,8542,confident up,unconfident up,"unconfident up

"
8543,8543,confident down,unconfident down,confident down
8544,8544,unconfident up,confident up,unconfident up
8545,8545,confident down,confident down,confident up
8546,8546,confident up,confident up,confident up
8547,8547,unconfident down,unconfident up,unconfident down
8548,8548,confident up,confident up,confident up
8549,8549,unconfident down,unconfident up,confident up
8550,8550,confident up,unconfident up,confident up
8551,8551,unconfident down,confident up,confident up
8552,8552,confident up,unconfident up,unconfident down
8553,8553,unconfident down,confident up,confident down
8554,8554,unconfident down,unconfident up,unconfident down
8555,8555,confident up,confident up,confident up
8556,8556,unconfident down,confident up,unconfident down
8557,8557,confident up,confident up,confident up
8558,8558,unconfident down,confident down,unconfident down
8559,8559,unconfident down,unconfident down,unconfident down
8560,8560,confident up,unconfident down,confident up
8561,8561,unconfident down,unconfident up,unconfident down
8562,8562,confident up,confident up,confident up
8563,8563,unconfident up,confident up,unconfident up
8564,8564,unconfident down,confident down,unconfident down
8565,8565,unconfident up,unconfident up,unconfident up
8566,8566,unconfident down,unconfident up,unconfident up
8567,8567,unconfident up,unconfident up,confident up
8568,8568,unconfident up,confident up,confident up
8569,8569,confident up,unconfident up,unconfident down
8570,8570,confident up,confident up,confident up
8571,8571,confident up,unconfident down,unconfident down
8572,8572,unconfident up,unconfident up,unconfident down
8573,8573,confident up,confident up,unconfident up
8574,8574,unconfident up,unconfident up,confident up
8575,8575,unconfident down,confident up,confident up
8576,8576,unconfident down,unconfident up,unconfident up
8577,8577,confident up,unconfident up,confident up
8578,8578,unconfident up,confident down,unconfident up
8579,8579,unconfident up,confident up,unconfident down
8580,8580,unconfident down,unconfident up,unconfident up
8581,8581,confident down,confident down,unconfident down
8582,8582,unconfident up,confident up,unconfident up
8583,8583,unconfident up,unconfident up,unconfident up
8584,8584,confident up,confident up,unconfident up
8585,8585,unconfident down,unconfident down,confident up
8586,8586,unconfident up,unconfident up,confident down
8587,8587,unconfident up,confident up,unconfident up
8588,8588,unconfident down,unconfident down,unconfident down
8589,8589,unconfident up,confident up,confident up
8590,8590,unconfident up,confident down,unconfident down
8591,8591,confident up,unconfident down,confident up
8592,8592,confident up,confident up,unconfident down
8593,8593,unconfident down,unconfident up,unconfident up
8594,8594,unconfident down,confident up,confident up
8595,8595,unconfident down,confident down,unconfident down
8596,8596,unconfident up,unconfident down,unconfident up
8597,8597,confident up,confident up,confident up
8598,8598,unconfident down,unconfident down,unconfident down
8599,8599,unconfident up,unconfident up,unconfident up
8600,8600,confident up,confident up,unconfident up
8601,8601,unconfident up,confident up,confident up
8602,8602,confident up,confident up,unconfident up
8603,8603,unconfident up,confident up,confident up
8604,8604,unconfident up,unconfident up,confident up
8605,8605,confident up,confident down,unconfident up
8606,8606,unconfident down,confident up,unconfident down
8607,8607,confident up,unconfident down,unconfident down
8608,8608,unconfident down,unconfident down,unconfident up
8609,8609,unconfident down,unconfident down,unconfident up
8610,8610,unconfident up,unconfident up,unconfident up.
8611,8611,unconfident up,unconfident up,unconfident up
8612,8612,confident up,confident up,unconfident down
8613,8613,confident up,unconfident down,confident up
8614,8614,unconfident down,confident up,confident down
8615,8615,unconfident down,unconfident up,confident up
8616,8616,confident up,unconfident up,confident up
8617,8617,unconfident down,unconfident down,unconfident down
8618,8618,confident down,unconfident down,unconfident down
8619,8619,confident up,confident up,confident up
8620,8620,confident up,unconfident up,unconfident up
8621,8621,unconfident down,confident down,confident down
8622,8622,unconfident down,unconfident up,unconfident up
8623,8623,unconfident down,unconfident up,unconfident down
8624,8624,unconfident up,unconfident down,confident up
8625,8625,unconfident down,unconfident down,unconfident down
8626,8626,confident down,unconfident down,unconfident down
8627,8627,unconfident down,unconfident down,unconfident down
8628,8628,confident down,unconfident down,unconfident down
8629,8629,unconfident up,confident up,unconfident down
8630,8630,unconfident down,unconfident down,unconfident down
8631,8631,unconfident up,unconfident up,unconfident up
8632,8632,unconfident up,unconfident down,unconfident up
8633,8633,confident up,confident up,confident up
8634,8634,unconfident down,unconfident up,unconfident up
8635,8635,confident down,unconfident down,unconfident down
8636,8636,confident down,unconfident down,unconfident up
8637,8637,unconfident down,unconfident up,unconfident up
8638,8638,unconfident down,confident down,unconfident down
8639,8639,confident down,unconfident up,confident down
8640,8640,confident down,unconfident up,confident up
8641,8641,unconfident up,confident up,unconfident up
8642,8642,unconfident up,confident down,confident down
8643,8643,unconfident down,confident down,unconfident up
8644,8644,unconfident down,confident down,unconfident down
8645,8645,unconfident down,confident up,unconfident down
8646,8646,confident down,unconfident up,unconfident up
8647,8647,unconfident down,unconfident down,unconfident down
8648,8648,unconfident up,unconfident down,unconfident down
8649,8649,confident down,unconfident up,unconfident up
8650,8650,unconfident down,unconfident up,unconfident down
8651,8651,confident down,confident up,unconfident down
8652,8652,unconfident up,unconfident down,confident up
8653,8653,unconfident up,confident down,unconfident up
8654,8654,unconfident down,unconfident down,confident down
8655,8655,unconfident down,unconfident down,unconfident down
8656,8656,unconfident down,confident down,unconfident down
8657,8657,confident up,unconfident up,confident up
8658,8658,unconfident down,unconfident down,unconfident up
8659,8659,confident down,unconfident up,unconfident down
8660,8660,unconfident down,unconfident down,unconfident up
8661,8661,unconfident down,unconfident up,unconfident up
8662,8662,unconfident down,unconfident down,unconfident down
8663,8663,unconfident down,unconfident down,unconfident down
8664,8664,unconfident up,unconfident down,unconfident up
8665,8665,unconfident up,unconfident down,unconfident up
8666,8666,unconfident up,unconfident down,unconfident up
8667,8667,unconfident down,unconfident down,unconfident up
8668,8668,unconfident up,unconfident down,unconfident down
8669,8669,confident up,unconfident down,confident up
8670,8670,unconfident down,unconfident down,unconfident down
8671,8671,unconfident down,unconfident down,"unconfident up 

"
8672,8672,unconfident down,unconfident down,unconfident up
8673,8673,confident up,unconfident up,unconfident down
8674,8674,unconfident down,unconfident down,unconfident down
8675,8675,unconfident up,unconfident up,confident down
8676,8676,confident down,unconfident down,unconfident down
8677,8677,confident down,unconfident up,unconfident down
8678,8678,unconfident down,unconfident down,confident down
8679,8679,unconfident down,confident down,unconfident up
8680,8680,unconfident down,unconfident up,confident down
8681,8681,confident down,unconfident down,unconfident down
8682,8682,unconfident down,unconfident down,unconfident up
8683,8683,confident down,unconfident up,unconfident up
8684,8684,unconfident down,confident down,confident down
8685,8685,unconfident down,unconfident up,unconfident up
8686,8686,confident up,confident up,"unconfident up 

"
8687,8687,"unconfident down 

",confident down,unconfident down
8688,8688,unconfident down,confident up,unconfident down
8689,8689,unconfident down,unconfident up,unconfident down
8690,8690,unconfident down,unconfident down,unconfident down
8691,8691,unconfident down,confident down,unconfident down
8692,8692,unconfident down,unconfident down,unconfident down
8693,8693,unconfident down,confident down,confident down
8694,8694,confident up,confident up,unconfident down
8695,8695,confident up,unconfident down,unconfident up
8696,8696,confident up,unconfident up,confident up
8697,8697,unconfident down,unconfident down,unconfident up
8698,8698,confident up,unconfident up,confident up
8699,8699,unconfident down,unconfident up,confident down
8700,8700,confident up,confident up,confident up
8701,8701,unconfident up,unconfident up,confident down
8702,8702,unconfident up,confident up,confident up
8703,8703,confident up,unconfident down,unconfident up
8704,8704,confident down,unconfident down,unconfident down
8705,8705,unconfident down,unconfident down,unconfident up
8706,8706,confident down,unconfident down,unconfident down
8707,8707,unconfident down,unconfident down,unconfident down
8708,8708,unconfident down,unconfident down,unconfident down
8709,8709,unconfident down,unconfident down,confident down
8710,8710,confident down,unconfident down,unconfident down
8711,8711,unconfident up,unconfident down,unconfident up
8712,8712,unconfident down,unconfident down,confident up
8713,8713,confident down,unconfident up,confident down
8714,8714,unconfident up,confident up,unconfident up
8715,8715,confident down,confident down,confident down
8716,8716,unconfident down,unconfident down,unconfident down
8717,8717,confident up,confident up,confident down
8718,8718,unconfident down,unconfident up,unconfident down
8719,8719,unconfident down,unconfident down,unconfident up
8720,8720,confident down,unconfident down,unconfident down
8721,8721,unconfident up,unconfident down,unconfident down
8722,8722,unconfident down,confident up,unconfident up
8723,8723,confident down,unconfident up,confident down
8724,8724,unconfident down,unconfident down,unconfident down
8725,8725,unconfident down,unconfident down,unconfident down
8726,8726,unconfident up,unconfident down,unconfident up
8727,8727,unconfident up,unconfident up,confident up
8728,8728,unconfident down,unconfident up,unconfident down
8729,8729,unconfident up,unconfident up,unconfident down
8730,8730,unconfident down,unconfident down,unconfident down
8731,8731,unconfident up,unconfident down,unconfident down
8732,8732,unconfident up,unconfident down,unconfident down
8733,8733,unconfident down,confident down,unconfident down
8734,8734,unconfident down,unconfident down,unconfident up
8735,8735,confident up,confident up,unconfident up
8736,8736,unconfident up,unconfident up,unconfident down
8737,8737,unconfident up,unconfident down,unconfident down
8738,8738,unconfident down,unconfident up,confident up
8739,8739,unconfident down,unconfident up,confident down
8740,8740,confident up,confident up,unconfident up
8741,8741,confident down,unconfident down,unconfident down
8742,8742,confident down,unconfident down,confident up
8743,8743,unconfident down,unconfident up,confident down
8744,8744,confident down,unconfident down,confident down
8745,8745,unconfident down,unconfident up,confident down
8746,8746,unconfident down,unconfident down,unconfident down
8747,8747,unconfident up,unconfident down,unconfident down
8748,8748,confident up,unconfident down,confident down
8749,8749,unconfident up,unconfident down,unconfident down
8750,8750,unconfident up,confident up,confident up
8751,8751,unconfident down,unconfident down,unconfident up
8752,8752,confident down,unconfident down,unconfident down
8753,8753,unconfident up,unconfident down,unconfident up
8754,8754,unconfident down,confident up,confident down
8755,8755,unconfident up,confident up,confident up
8756,8756,confident down,confident down,unconfident up
8757,8757,unconfident down,unconfident down,unconfident up
8758,8758,confident up,confident up,confident up
8759,8759,unconfident down,unconfident down,confident down
8760,8760,unconfident up,unconfident up,unconfident up
8761,8761,confident down,confident up,unconfident up
8762,8762,confident down,unconfident down,unconfident down
8763,8763,confident up,unconfident up,unconfident up
8764,8764,unconfident down,unconfident down,unconfident up
8765,8765,unconfident down,confident down,unconfident down
8766,8766,unconfident down,unconfident up,confident down
8767,8767,unconfident up,unconfident up,unconfident down
8768,8768,unconfident up,confident up,confident up
8769,8769,confident down,unconfident down,unconfident down
8770,8770,unconfident down,unconfident up,unconfident down
8771,8771,confident down,unconfident down,unconfident down
8772,8772,unconfident down,unconfident down,confident down
8773,8773,unconfident down,unconfident down,unconfident up
8774,8774,confident down,unconfident down,unconfident down
8775,8775,unconfident down,unconfident down,unconfident up
8776,8776,unconfident down,unconfident up,unconfident down
8777,8777,confident up,"unconfident up 

",confident up
8778,8778,confident down,unconfident down,unconfident down
8779,8779,unconfident up,unconfident down,unconfident down
8780,8780,unconfident up,unconfident up,confident up
8781,8781,unconfident down,unconfident down,unconfident down
8782,8782,confident down,unconfident up,unconfident down
8783,8783,unconfident down,unconfident down,unconfident up
8784,8784,unconfident down,unconfident down,unconfident up
8785,8785,unconfident up,unconfident up,unconfident up
8786,8786,unconfident down,unconfident up,confident down
8787,8787,unconfident up,unconfident down,confident up
8788,8788,confident up,unconfident up,confident up
8789,8789,unconfident down,confident up,confident down
8790,8790,unconfident down,unconfident down,confident down
8791,8791,unconfident up,unconfident down,unconfident down
8792,8792,unconfident down,confident down,unconfident down
8793,8793,unconfident up,confident down,confident down
8794,8794,confident down,confident down,unconfident down
8795,8795,confident down,unconfident up,confident down
8796,8796,unconfident down,"unconfident up

",unconfident up
8797,8797,unconfident up,unconfident down,unconfident down
8798,8798,confident up,unconfident up,unconfident down
8799,8799,confident down,unconfident up,confident down
8800,8800,confident up,confident up,confident up
8801,8801,unconfident up,confident up,unconfident up
8802,8802,unconfident down,confident up,unconfident up
8803,8803,unconfident down,confident up,unconfident down
8804,8804,unconfident down,confident down,unconfident down
8805,8805,confident down,unconfident down,confident down
8806,8806,unconfident down,unconfident down,unconfident down
8807,8807,unconfident down,unconfident down,confident down
8808,8808,confident down,unconfident down,confident down
8809,8809,unconfident down,confident down,confident down
8810,8810,unconfident down,confident up,confident down
8811,8811,confident up,confident down,confident up
8812,8812,unconfident down,confident down,unconfident up
8813,8813,unconfident down,confident up,confident up
8814,8814,unconfident up,confident up,unconfident up
8815,8815,confident down,unconfident up,unconfident up
8816,8816,confident down,unconfident down,unconfident down
8817,8817,unconfident down,unconfident up,unconfident up
8818,8818,unconfident down,unconfident down,unconfident up
8819,8819,unconfident down,unconfident down,unconfident up
8820,8820,unconfident down,confident down,unconfident down
8821,8821,unconfident down,confident down,unconfident down
8822,8822,unconfident up,unconfident down,unconfident up
8823,8823,unconfident up,unconfident down,confident down
8824,8824,unconfident down,unconfident down,unconfident down
8825,8825,unconfident down,confident up,unconfident up
8826,8826,confident up,confident down,unconfident up
8827,8827,unconfident up,confident up,confident up
8828,8828,confident up,confident up,unconfident up
8829,8829,unconfident up,unconfident down,unconfident up
8830,8830,confident up,unconfident up,unconfident up
8831,8831,unconfident down,unconfident down,unconfident down
8832,8832,unconfident up,unconfident down,confident down
8833,8833,unconfident down,confident up,confident up
8834,8834,unconfident up,unconfident down,unconfident up
8835,8835,unconfident down,unconfident up,unconfident up
8836,8836,unconfident up,unconfident up,confident up
8837,8837,confident up,unconfident down,unconfident down
8838,8838,confident up,unconfident down,unconfident up
8839,8839,unconfident up,confident down,unconfident down
8840,8840,confident up,unconfident down,unconfident up
8841,8841,unconfident down,confident down,unconfident down
8842,8842,unconfident down,unconfident up,confident up
8843,8843,confident down,confident down,unconfident down
8844,8844,unconfident down,unconfident down,unconfident down
8845,8845,unconfident down,confident down,confident up
8846,8846,confident down,confident down,unconfident down
8847,8847,unconfident down,unconfident down,unconfident up
8848,8848,unconfident down,unconfident down,unconfident down
8849,8849,unconfident up,confident up,confident up
8850,8850,unconfident down,confident up,unconfident down
8851,8851,unconfident up,unconfident up,unconfident up
8852,8852,unconfident up,confident up,unconfident up
8853,8853,unconfident down,unconfident up,unconfident down
8854,8854,confident up,unconfident up,unconfident up
8855,8855,unconfident down,unconfident down,unconfident up
8856,8856,unconfident up,unconfident down,confident down
8857,8857,confident down,unconfident up,confident down
8858,8858,unconfident up,unconfident down,confident up
8859,8859,unconfident up,unconfident up,unconfident up
8860,8860,unconfident down,unconfident down,confident down
8861,8861,unconfident down,confident down,unconfident up
8862,8862,unconfident down,confident down,unconfident down
8863,8863,unconfident down,confident down,unconfident down
8864,8864,confident down,confident down,unconfident down
8865,8865,unconfident down,unconfident up,unconfident down
8866,8866,unconfident down,unconfident up,unconfident down
8867,8867,unconfident up,unconfident down,unconfident down
8868,8868,confident up,unconfident up,unconfident up
8869,8869,confident up,unconfident down,unconfident down
8870,8870,unconfident down,unconfident up,unconfident up
8871,8871,confident down,confident down,confident down
8872,8872,unconfident up,unconfident up,confident up
8873,8873,unconfident down,confident down,unconfident down
8874,8874,unconfident up,unconfident up,unconfident down
8875,8875,confident up,confident up,unconfident up
8876,8876,confident down,confident up,confident up
8877,8877,confident up,confident up,confident down
8878,8878,confident up,confident up,confident up
8879,8879,unconfident down,unconfident down,unconfident down
8880,8880,unconfident up,unconfident up,unconfident down
8881,8881,confident down,unconfident down,unconfident down
8882,8882,unconfident down,unconfident up,unconfident down
8883,8883,unconfident up,unconfident up,unconfident up
8884,8884,unconfident down,unconfident down,unconfident down
8885,8885,unconfident down,unconfident down,unconfident down
8886,8886,unconfident up,unconfident down,unconfident down
8887,8887,confident up,confident up,unconfident down
8888,8888,unconfident up,unconfident up,unconfident up
8889,8889,unconfident down,unconfident down,unconfident down
8890,8890,unconfident up,confident up,unconfident up
8891,8891,unconfident up,unconfident up,unconfident down
8892,8892,confident down,unconfident up,confident down
8893,8893,unconfident up,confident down,confident up
8894,8894,confident down,unconfident down,unconfident down
8895,8895,unconfident down,unconfident down,unconfident down
8896,8896,unconfident up,unconfident up,unconfident down
8897,8897,unconfident down,unconfident up,confident down
8898,8898,unconfident down,unconfident down,confident up
8899,8899,confident up,unconfident down,confident up
8900,8900,unconfident up,unconfident up,unconfident up
8901,8901,unconfident up,unconfident down,unconfident up
8902,8902,unconfident down,unconfident down,unconfident down
8903,8903,confident up,unconfident up,unconfident down
8904,8904,unconfident up,unconfident down,unconfident down
8905,8905,unconfident down,unconfident down,unconfident down
8906,8906,unconfident down,unconfident down,unconfident down
8907,8907,unconfident up,unconfident up,confident up
8908,8908,unconfident up,confident up,confident up
8909,8909,unconfident down,unconfident down,unconfident down
8910,8910,unconfident up,confident up,confident down
8911,8911,unconfident down,unconfident down,unconfident up
8912,8912,unconfident up,unconfident down,unconfident up
8913,8913,unconfident up,unconfident down,unconfident down
8914,8914,unconfident up,confident up,confident up
8915,8915,unconfident up,unconfident up,unconfident up
8916,8916,confident down,unconfident down,unconfident up
8917,8917,confident up,unconfident up,unconfident down
8918,8918,unconfident up,unconfident up,confident up
8919,8919,unconfident down,unconfident down,unconfident down
8920,8920,confident down,confident up,unconfident up
8921,8921,confident down,unconfident down,unconfident down
8922,8922,confident up,unconfident down,unconfident down
8923,8923,unconfident up,confident up,confident up
8924,8924,unconfident down,unconfident down,unconfident down
8925,8925,confident down,unconfident up,confident up
8926,8926,unconfident down,confident down,unconfident down
8927,8927,unconfident up,confident down,unconfident down
8928,8928,confident down,unconfident up,unconfident up
8929,8929,unconfident up,unconfident down,unconfident down
8930,8930,unconfident up,confident up,confident up
8931,8931,unconfident up,unconfident up,confident up
8932,8932,unconfident up,confident up,confident down
8933,8933,unconfident up,confident down,unconfident down
8934,8934,confident up,unconfident up,unconfident up
8935,8935,unconfident up,unconfident down,confident down
8936,8936,unconfident down,unconfident down,confident down
8937,8937,confident up,unconfident up,unconfident down
8938,8938,unconfident up,confident up,unconfident down
8939,8939,confident up,confident up,unconfident down
8940,8940,unconfident up,unconfident down,unconfident up
8941,8941,unconfident up,unconfident up,unconfident down
8942,8942,confident down,unconfident up,unconfident down
8943,8943,unconfident down,confident down,unconfident up
8944,8944,unconfident up,confident down,confident down
8945,8945,confident up,confident up,unconfident up
8946,8946,unconfident down,unconfident down,unconfident down
8947,8947,unconfident up,confident down,confident down
8948,8948,confident up,unconfident down,confident up
8949,8949,confident down,unconfident down,unconfident down
8950,8950,unconfident down,unconfident down,unconfident down
8951,8951,confident up,unconfident up,unconfident up
8952,8952,confident down,unconfident down,confident down
8953,8953,unconfident down,unconfident down,unconfident up
8954,8954,unconfident up,confident up,unconfident up
8955,8955,confident down,unconfident down,confident down
8956,8956,unconfident down,confident down,unconfident down
8957,8957,unconfident up,unconfident down,unconfident down
8958,8958,unconfident down,confident down,unconfident down
8959,8959,unconfident up,unconfident down,confident down
8960,8960,confident up,unconfident up,unconfident down
8961,8961,unconfident up,unconfident down,confident up
8962,8962,unconfident up,unconfident down,unconfident up
8963,8963,confident down,unconfident down,unconfident up
8964,8964,unconfident up,unconfident down,confident up
8965,8965,confident up,unconfident up,unconfident up
8966,8966,unconfident down,confident down,unconfident down
8967,8967,unconfident up,confident up,unconfident down
8968,8968,unconfident down,unconfident down,unconfident down
8969,8969,unconfident down,unconfident down,unconfident down
8970,8970,unconfident up,unconfident up,unconfident down
8971,8971,unconfident down,confident up,unconfident down
8972,8972,confident down,unconfident up,unconfident up
8973,8973,unconfident up,unconfident down,unconfident down
8974,8974,confident up,unconfident up,confident up
8975,8975,unconfident down,confident down,unconfident up
8976,8976,unconfident down,confident up,confident up
8977,8977,confident up,unconfident down,unconfident down
8978,8978,unconfident down,unconfident down,unconfident down
8979,8979,unconfident down,unconfident up,confident up
8980,8980,confident up,unconfident up,confident up
8981,8981,confident up,unconfident up,confident up
8982,8982,confident down,confident down,unconfident down
8983,8983,unconfident up,confident down,confident down
8984,8984,unconfident down,confident down,unconfident down
8985,8985,unconfident up,unconfident up,unconfident up
8986,8986,unconfident up,unconfident up,unconfident up
8987,8987,unconfident up,unconfident up,confident down
8988,8988,unconfident up,confident up,unconfident down
8989,8989,unconfident down,unconfident down,unconfident down
8990,8990,unconfident up,unconfident down,unconfident up
8991,8991,confident down,unconfident down,unconfident down
8992,8992,unconfident down,unconfident down,confident down
8993,8993,unconfident down,confident down,confident down
8994,8994,confident down,unconfident up,confident up
8995,8995,unconfident up,unconfident down,unconfident down
8996,8996,unconfident down,unconfident down,unconfident down
8997,8997,confident down,unconfident down,confident down
8998,8998,confident up,unconfident down,unconfident down
8999,8999,unconfident down,unconfident down,unconfident down
9000,9000,unconfident down,confident up,unconfident down
9001,9001,unconfident down,confident up,unconfident down
9002,9002,unconfident down,confident up,unconfident up
9003,9003,unconfident up,unconfident up,unconfident down
9004,9004,unconfident up,confident up,unconfident down
9005,9005,confident down,confident down,confident down
9006,9006,unconfident up,unconfident down,unconfident down
9007,9007,unconfident up,unconfident up,confident down
9008,9008,unconfident up,unconfident up,confident down
9009,9009,unconfident up,confident down,unconfident up
9010,9010,confident up,unconfident down,unconfident down
9011,9011,unconfident down,unconfident up,unconfident down
9012,9012,confident down,unconfident down,unconfident up
9013,9013,confident up,unconfident up,unconfident up
9014,9014,confident down,unconfident down,unconfident up
9015,9015,confident up,confident up,unconfident up
9016,9016,unconfident down,unconfident up,confident down
9017,9017,unconfident up,unconfident down,confident up
9018,9018,confident down,unconfident down,unconfident down
9019,9019,unconfident down,unconfident down,confident up
9020,9020,unconfident down,unconfident down,unconfident down
9021,9021,confident up,unconfident down,unconfident down
9022,9022,unconfident up,unconfident up,unconfident up
9023,9023,unconfident up,confident up,unconfident up
9024,9024,unconfident down,confident up,unconfident up
9025,9025,unconfident up,unconfident down,unconfident up
9026,9026,unconfident up,unconfident down,confident up
9027,9027,unconfident up,unconfident down,unconfident up
9028,9028,unconfident down,confident down,unconfident up
9029,9029,unconfident down,confident up,unconfident down
9030,9030,unconfident down,unconfident up,unconfident up
9031,9031,unconfident up,confident up,unconfident down
9032,9032,unconfident down,unconfident down,unconfident up
9033,9033,unconfident down,unconfident down,unconfident down
9034,9034,unconfident down,confident up,unconfident up
9035,9035,unconfident up,unconfident up,confident up
9036,9036,unconfident down,unconfident down,unconfident down
9037,9037,unconfident up,unconfident down,unconfident down
9038,9038,unconfident down,unconfident down,unconfident up
9039,9039,unconfident down,unconfident down,unconfident down
9040,9040,unconfident up,confident up,unconfident down
9041,9041,unconfident up,unconfident up,unconfident up
9042,9042,unconfident down,unconfident down,confident down
9043,9043,unconfident down,unconfident up,unconfident up
9044,9044,unconfident down,unconfident down,unconfident down
9045,9045,confident up,confident up,confident up
9046,9046,unconfident up,confident down,unconfident up
9047,9047,unconfident down,unconfident up,unconfident up
9048,9048,confident up,unconfident up,confident down
9049,9049,confident down,unconfident up,unconfident up
9050,9050,unconfident up,confident up,unconfident down
9051,9051,confident down,unconfident down,unconfident down
9052,9052,confident up,confident up,unconfident down
9053,9053,unconfident up,unconfident up,unconfident up
9054,9054,unconfident down,unconfident down,confident up
9055,9055,confident up,unconfident down,unconfident up
9056,9056,unconfident down,unconfident down,unconfident down
9057,9057,unconfident down,unconfident up,unconfident up
9058,9058,unconfident up,unconfident down,unconfident down
9059,9059,unconfident up,unconfident down,unconfident up
9060,9060,unconfident down,unconfident up,unconfident up
9061,9061,confident down,unconfident down,unconfident down
9062,9062,unconfident up,confident up,unconfident down
9063,9063,unconfident up,unconfident up,unconfident down
9064,9064,confident up,confident up,unconfident up
9065,9065,unconfident down,unconfident up,confident up
9066,9066,unconfident down,unconfident up,unconfident up
9067,9067,unconfident up,unconfident up,unconfident down
9068,9068,unconfident up,unconfident up,confident up
9069,9069,unconfident up,confident up,confident up
9070,9070,unconfident up,unconfident down,confident up
9071,9071,unconfident down,confident up,unconfident up
9072,9072,unconfident down,unconfident down,unconfident down
9073,9073,confident up,unconfident up,confident up
9074,9074,unconfident up.,unconfident up,unconfident up
9075,9075,unconfident up,unconfident down,unconfident up
9076,9076,unconfident down,unconfident up.,confident up
9077,9077,confident up,unconfident up,unconfident up
9078,9078,confident up,unconfident up,confident down
9079,9079,unconfident down,unconfident up,unconfident down
9080,9080,unconfident up,unconfident up,unconfident up
9081,9081,unconfident down,confident down,confident down
9082,9082,unconfident up,unconfident down,confident down
9083,9083,unconfident up,unconfident up,unconfident up
9084,9084,unconfident up,unconfident up,unconfident up
9085,9085,unconfident up,unconfident down,unconfident up
9086,9086,confident down,confident up,confident up
9087,9087,unconfident down,unconfident up,unconfident up
9088,9088,unconfident up,unconfident down,confident down
9089,9089,unconfident down,unconfident up,confident up
9090,9090,confident up,unconfident up,confident up
9091,9091,confident down,unconfident down,unconfident down
9092,9092,unconfident up,confident up,unconfident up
9093,9093,unconfident up,unconfident up,confident up
9094,9094,unconfident down,unconfident up,unconfident up
9095,9095,confident up,confident up,confident up
9096,9096,unconfident down,unconfident down,unconfident down
9097,9097,confident down,unconfident down,confident up
9098,9098,unconfident down,unconfident down,unconfident down
9099,9099,unconfident up,unconfident up,unconfident up
9100,9100,unconfident up,unconfident down,confident down
9101,9101,confident up,confident up,unconfident down
9102,9102,confident down,unconfident up,unconfident down
9103,9103,confident up,confident up,confident up
9104,9104,confident down,unconfident down,unconfident up
9105,9105,confident up,confident up,confident up
9106,9106,confident down,unconfident down,unconfident up
9107,9107,unconfident up,unconfident down,confident up
9108,9108,unconfident down,unconfident up,unconfident down
9109,9109,unconfident up,unconfident up,unconfident up
9110,9110,unconfident up,confident up,unconfident up
9111,9111,unconfident down,unconfident down,unconfident down
9112,9112,unconfident down,unconfident up,unconfident down
9113,9113,confident down,unconfident down,unconfident up
9114,9114,unconfident down,unconfident up,unconfident down
9115,9115,confident up,unconfident down,confident down
9116,9116,confident up,unconfident up,unconfident up
9117,9117,confident up,unconfident up,unconfident up
9118,9118,confident up,unconfident up,confident up
9119,9119,confident up,confident up,confident up
9120,9120,unconfident down,unconfident down,confident down
9121,9121,unconfident up,unconfident up,confident up
9122,9122,confident down,unconfident up,unconfident down
9123,9123,confident up,confident up,confident up
9124,9124,"unconfident down 

",unconfident down,unconfident up
9125,9125,confident up,unconfident up,unconfident down
9126,9126,confident up,unconfident down,unconfident up
9127,9127,unconfident down,unconfident down,unconfident down
9128,9128,confident up,confident up,unconfident up
9129,9129,unconfident up,unconfident up,unconfident up
9130,9130,confident up,unconfident down,unconfident up
9131,9131,unconfident up,unconfident down,confident up
9132,9132,confident up,unconfident up,unconfident up
9133,9133,confident down,unconfident up,confident down
9134,9134,confident down,unconfident down,unconfident down
9135,9135,unconfident up,unconfident up,unconfident up
9136,9136,unconfident up,unconfident up,unconfident up
9137,9137,confident up,unconfident down,confident up
9138,9138,confident up,unconfident up,confident up
9139,9139,unconfident down,unconfident down,confident down
9140,9140,confident up,confident up,unconfident up
9141,9141,unconfident up,unconfident up,"unconfident up 

"
9142,9142,confident up,unconfident up,confident up
9143,9143,unconfident down,unconfident down,unconfident down
9144,9144,confident up,confident up,unconfident up
9145,9145,unconfident up,unconfident up,confident down
9146,9146,unconfident up,unconfident down,unconfident down
9147,9147,unconfident down,unconfident up,confident up
9148,9148,unconfident down,confident down,confident down
9149,9149,unconfident up,unconfident up,unconfident up
9150,9150,confident up,unconfident down,confident up
9151,9151,unconfident down,unconfident down,unconfident up
9152,9152,confident up,unconfident up,unconfident up
9153,9153,unconfident down,unconfident up,unconfident down
9154,9154,unconfident down,confident up,unconfident up
9155,9155,unconfident down,unconfident up,unconfident down
9156,9156,unconfident up,unconfident down,confident up
9157,9157,confident down,unconfident down,unconfident down
9158,9158,unconfident up,unconfident up,unconfident up
9159,9159,unconfident down,unconfident down,unconfident up
9160,9160,confident up,confident up,"unconfident down 

"
9161,9161,unconfident up,confident up,unconfident up
9162,9162,confident up,confident up,confident up
9163,9163,confident down,confident up,unconfident down
9164,9164,confident down,unconfident down,unconfident down
9165,9165,unconfident down,unconfident down,confident up
9166,9166,unconfident up,unconfident down,unconfident up
9167,9167,confident down,unconfident down,confident down
9168,9168,confident up,confident up,confident up
9169,9169,unconfident up,unconfident up,unconfident up
9170,9170,confident up,unconfident up,confident up
9171,9171,unconfident up,unconfident up,confident up
9172,9172,unconfident up,confident up,confident up
9173,9173,confident up,confident up,unconfident down
9174,9174,unconfident up,unconfident down,unconfident up
9175,9175,unconfident up,unconfident down,unconfident down
9176,9176,unconfident up,unconfident down,confident down
9177,9177,confident up,unconfident down,confident down
9178,9178,unconfident up,unconfident up,unconfident down
9179,9179,"unconfident up 

",confident up,unconfident down
9180,9180,confident up,confident up,unconfident down
9181,9181,unconfident down,unconfident up,unconfident up
9182,9182,confident down,confident up,unconfident down
9183,9183,unconfident up,unconfident down,unconfident down
9184,9184,unconfident up,confident down,confident up
9185,9185,unconfident down,unconfident down,unconfident down
9186,9186,unconfident down,unconfident down,unconfident down
9187,9187,confident up,unconfident up,confident up
9188,9188,unconfident up,unconfident down,unconfident down
9189,9189,unconfident down,unconfident down,unconfident down
9190,9190,confident up,confident up,confident up
9191,9191,confident up,confident up,confident up
9192,9192,confident up,confident up,unconfident up
9193,9193,unconfident up,confident down,unconfident down
9194,9194,unconfident down,unconfident down,unconfident up
9195,9195,unconfident up,confident up,unconfident up
9196,9196,unconfident up,unconfident up,confident up
9197,9197,unconfident up,unconfident up,unconfident up
9198,9198,unconfident up,unconfident up,unconfident up
9199,9199,unconfident up,unconfident up,unconfident up
9200,9200,confident up,unconfident up,unconfident down
9201,9201,confident up,confident up,confident up
9202,9202,unconfident down,unconfident up,unconfident down
9203,9203,unconfident up,unconfident up,unconfident up
9204,9204,unconfident down,unconfident down,confident down
9205,9205,unconfident down,unconfident up,unconfident up
9206,9206,confident up,unconfident up,unconfident up
9207,9207,confident up,unconfident up,confident down
9208,9208,unconfident up,unconfident up,confident up
9209,9209,unconfident up,unconfident down,confident up
9210,9210,unconfident down,unconfident down,unconfident up
9211,9211,unconfident up,unconfident up,confident up
9212,9212,unconfident down,unconfident down,unconfident down
9213,9213,confident up,confident up,confident up
9214,9214,confident up,unconfident up,unconfident up
9215,9215,unconfident down,unconfident up,unconfident up
9216,9216,unconfident up,confident up,confident up
9217,9217,confident up,unconfident down,unconfident down
9218,9218,confident up,confident up,unconfident up
9219,9219,unconfident up,confident up,unconfident down
9220,9220,unconfident up,unconfident up,unconfident up
9221,9221,unconfident up,confident up,confident up
9222,9222,confident up,confident up,confident up
9223,9223,unconfident down,unconfident up,unconfident down
9224,9224,confident up,unconfident up,unconfident down
9225,9225,confident up,unconfident up,confident up
9226,9226,unconfident up,unconfident up,unconfident down
9227,9227,confident up,unconfident up,unconfident up
9228,9228,unconfident up,confident down,unconfident up
9229,9229,confident down,confident up,unconfident down
9230,9230,unconfident down,unconfident down,unconfident down
9231,9231,confident up,unconfident down,unconfident down
9232,9232,confident up,unconfident down,unconfident up
9233,9233,confident up,unconfident down,confident up
9234,9234,confident up,unconfident up,unconfident up
9235,9235,unconfident up,confident up,confident up
9236,9236,confident down,unconfident up,unconfident down
9237,9237,unconfident up,unconfident down,unconfident up
9238,9238,unconfident down,unconfident down,confident down
9239,9239,unconfident down,confident down,unconfident down
9240,9240,unconfident down,unconfident down,unconfident up
9241,9241,unconfident down,unconfident down,confident up
9242,9242,unconfident down,unconfident up,unconfident down
9243,9243,unconfident down,unconfident down,confident down
9244,9244,unconfident down,confident up,unconfident up
9245,9245,unconfident up,unconfident down,confident up
9246,9246,confident up,unconfident up,unconfident up
9247,9247,unconfident up,confident down,confident up
9248,9248,unconfident down,confident down,unconfident down
9249,9249,unconfident up,unconfident up,unconfident up
9250,9250,unconfident up,unconfident down,confident down
9251,9251,unconfident up,unconfident up,confident up
9252,9252,unconfident down,unconfident down,unconfident up
9253,9253,confident up,unconfident down,confident up
9254,9254,unconfident up,unconfident up,unconfident down
9255,9255,confident up,unconfident up,unconfident up
9256,9256,unconfident down,confident down,unconfident down
9257,9257,confident up,confident up,confident up
9258,9258,confident up,confident up,confident up
9259,9259,confident up,confident up,confident up
9260,9260,unconfident up,confident up,confident up
9261,9261,unconfident up,confident up,unconfident up
9262,9262,unconfident up,confident up,confident up
9263,9263,unconfident up,unconfident up,confident up
9264,9264,unconfident down,unconfident down,confident down
9265,9265,unconfident up,unconfident down,confident up
9266,9266,confident up,unconfident down,confident up
9267,9267,unconfident down,confident down,unconfident up
9268,9268,confident down,confident down,confident down
9269,9269,unconfident up,confident up,unconfident down
9270,9270,unconfident up,unconfident up,unconfident up
9271,9271,confident down,confident down,unconfident up
9272,9272,confident down,confident down,unconfident up
9273,9273,unconfident up,confident up,unconfident up
9274,9274,unconfident up,confident up,unconfident up
9275,9275,unconfident up,confident up,confident up
9276,9276,confident up,unconfident down,unconfident up
9277,9277,unconfident up,confident up,confident up
9278,9278,confident up,confident up,unconfident up
9279,9279,confident up,unconfident down,confident up
9280,9280,unconfident up,confident up,confident up
9281,9281,unconfident down,unconfident up,unconfident up
9282,9282,unconfident up,unconfident up,unconfident down
9283,9283,unconfident down,unconfident down,unconfident up
9284,9284,unconfident up,confident up,unconfident up
9285,9285,unconfident down,confident up,confident up
9286,9286,unconfident up,unconfident up,confident up
9287,9287,unconfident down,unconfident down,confident up
9288,9288,unconfident up,unconfident up,unconfident up
9289,9289,confident up,unconfident up,unconfident down
9290,9290,unconfident up,confident up,confident down
9291,9291,confident up,confident up,unconfident up
9292,9292,confident up,unconfident up,confident down
9293,9293,confident up,confident up,unconfident up
9294,9294,unconfident down,unconfident up,unconfident down
9295,9295,confident up,confident up,confident up
9296,9296,confident up,confident up,confident up
9297,9297,confident up,unconfident up,unconfident up
9298,9298,confident down,unconfident down,unconfident down
9299,9299,confident up,confident up,confident up
9300,9300,unconfident down,unconfident up,unconfident up
9301,9301,unconfident up,unconfident up,confident up
9302,9302,unconfident up,unconfident up,unconfident down
9303,9303,unconfident up,confident up,unconfident down
9304,9304,unconfident up,unconfident up,unconfident down
9305,9305,unconfident down,unconfident down,unconfident down
9306,9306,confident up,unconfident up,unconfident up
9307,9307,unconfident up,unconfident down,unconfident up
9308,9308,confident up,unconfident up,unconfident up
9309,9309,unconfident up,unconfident up,confident up
9310,9310,confident down,unconfident up,unconfident up
9311,9311,confident up,unconfident up,unconfident up
9312,9312,unconfident down,unconfident down,unconfident down
9313,9313,confident up,confident up,unconfident up
9314,9314,confident down,unconfident up,unconfident up
9315,9315,confident up,unconfident up,confident up
9316,9316,unconfident up,unconfident up,unconfident down
9317,9317,confident up,unconfident up,unconfident up
9318,9318,confident up,confident up,unconfident down
9319,9319,unconfident up,confident up,confident up
9320,9320,confident up,confident up,unconfident up
9321,9321,confident up,unconfident down,unconfident down
9322,9322,confident up,confident up,unconfident down
9323,9323,unconfident down,unconfident down,unconfident up
9324,9324,unconfident up,confident down,unconfident up
9325,9325,unconfident down,confident down,unconfident up
9326,9326,unconfident down,unconfident down,unconfident up
9327,9327,unconfident up,unconfident down,unconfident up
9328,9328,confident down,unconfident up,unconfident up
9329,9329,confident up,confident up,unconfident up
9330,9330,unconfident down,unconfident up,confident up
9331,9331,confident up,unconfident up,confident up
9332,9332,unconfident up,unconfident up,confident up
9333,9333,confident up,unconfident up,unconfident up
9334,9334,confident up,unconfident up,unconfident up
9335,9335,confident down,confident down,unconfident down
9336,9336,unconfident up,unconfident up,unconfident up
9337,9337,unconfident up,unconfident up.,unconfident up
9338,9338,unconfident up,unconfident up,confident up
9339,9339,unconfident up,unconfident down,unconfident down
9340,9340,confident up,unconfident up,unconfident down
9341,9341,unconfident down,confident up,unconfident up
9342,9342,confident down,unconfident up,unconfident down
9343,9343,unconfident down,unconfident up,unconfident up
9344,9344,unconfident down,unconfident down,confident down
9345,9345,confident up,unconfident up,unconfident down
9346,9346,confident down,unconfident up,confident up
9347,9347,unconfident up,confident up,unconfident up
9348,9348,confident up,unconfident up,unconfident up
9349,9349,unconfident down,unconfident down,confident down
9350,9350,confident up,confident up,confident up
9351,9351,confident up,unconfident up,unconfident up
9352,9352,unconfident up,confident up,unconfident down
9353,9353,confident up,unconfident up,unconfident up
9354,9354,unconfident up,confident up,unconfident up
9355,9355,unconfident down,unconfident down,unconfident up
9356,9356,unconfident up,unconfident down,unconfident up
9357,9357,unconfident up,confident down,confident down
9358,9358,confident up,confident up,confident up
9359,9359,confident up,confident up,confident up
9360,9360,confident up,confident up,confident up
9361,9361,confident up,confident up,confident up
9362,9362,unconfident up,unconfident down,unconfident up
9363,9363,unconfident up,confident up,unconfident down
9364,9364,confident up,confident up,confident up
9365,9365,unconfident up,unconfident up,unconfident down
9366,9366,unconfident up,unconfident down,unconfident down
9367,9367,confident up,unconfident up,confident up
9368,9368,unconfident down,unconfident down,confident down
9369,9369,confident up,unconfident up,unconfident up
9370,9370,confident up,unconfident up,unconfident up
9371,9371,unconfident up,confident down,unconfident down
9372,9372,confident up,confident up,confident up
9373,9373,unconfident down,unconfident down,unconfident down
9374,9374,unconfident up,unconfident up,unconfident up
9375,9375,unconfident up,unconfident up,unconfident up
9376,9376,confident up,unconfident up,confident up
9377,9377,unconfident up,unconfident up,unconfident up
9378,9378,confident up,confident down,unconfident up
9379,9379,unconfident up,unconfident up,confident up
9380,9380,unconfident down,unconfident down,unconfident up
9381,9381,unconfident up,unconfident down,confident down
9382,9382,unconfident up,unconfident down,unconfident down
9383,9383,unconfident up,confident up,unconfident up
9384,9384,confident up,confident up,unconfident up
9385,9385,confident up,unconfident down,confident up
9386,9386,unconfident down,unconfident up,unconfident up
9387,9387,unconfident down,unconfident up,unconfident down
9388,9388,unconfident up,unconfident up,unconfident up
9389,9389,confident up,unconfident down,unconfident down
9390,9390,unconfident up,unconfident up,unconfident up
9391,9391,confident up,unconfident down,confident up
9392,9392,unconfident up,unconfident down,confident up
9393,9393,unconfident up,unconfident up,confident up
9394,9394,unconfident down,unconfident down,confident up
9395,9395,unconfident down,unconfident down,unconfident down
9396,9396,unconfident up,confident up,confident up
9397,9397,unconfident up,confident up,unconfident up
9398,9398,confident up,unconfident up,confident up
9399,9399,confident up,confident up,confident up
9400,9400,unconfident up,confident up,unconfident down
9401,9401,unconfident up,unconfident up,confident up
9402,9402,unconfident up,confident up,unconfident up
9403,9403,unconfident up,unconfident up,confident up
9404,9404,unconfident down,unconfident up,confident up
9405,9405,confident down,confident up,confident up
9406,9406,unconfident down,unconfident down,unconfident up
9407,9407,unconfident up,unconfident up,unconfident up
9408,9408,unconfident up,unconfident up,unconfident up
9409,9409,unconfident up,unconfident up,confident up
9410,9410,unconfident up,confident up,unconfident up
9411,9411,unconfident down,unconfident down,confident down
9412,9412,confident down,unconfident down,unconfident up
9413,9413,unconfident down,unconfident down,unconfident down
9414,9414,confident up,confident up,confident up
9415,9415,unconfident down,unconfident up,unconfident down
9416,9416,confident up,confident up,unconfident down
9417,9417,unconfident up,unconfident up,confident up
9418,9418,unconfident down,unconfident up,confident up
9419,9419,unconfident up,confident up,confident up
9420,9420,unconfident up,unconfident down,unconfident up
9421,9421,confident up,unconfident down,unconfident down
9422,9422,confident down,confident down,unconfident down
9423,9423,unconfident up,unconfident down,confident up
9424,9424,unconfident up,confident up,confident up
9425,9425,confident up,unconfident up,unconfident up
9426,9426,confident down,confident down,confident down
9427,9427,unconfident up,unconfident down,confident up
9428,9428,unconfident up,unconfident up,confident up
9429,9429,confident up,unconfident up,confident down
9430,9430,unconfident up,unconfident down,unconfident up
9431,9431,unconfident up,confident up,unconfident up
9432,9432,unconfident up,unconfident up,unconfident up
9433,9433,unconfident down,confident up,confident up
9434,9434,unconfident up,unconfident up,unconfident up
9435,9435,unconfident down,unconfident down,unconfident up
9436,9436,confident down,unconfident up,unconfident down
9437,9437,confident up,confident down,confident up
9438,9438,confident up,confident up,unconfident up
9439,9439,unconfident up,unconfident up,unconfident up
9440,9440,unconfident up,unconfident down,unconfident up
9441,9441,unconfident down,confident up,confident up
9442,9442,confident up,confident up,confident up
9443,9443,confident up,unconfident up,confident up
9444,9444,unconfident down,unconfident up,confident up
9445,9445,confident up,unconfident down,confident up
9446,9446,unconfident up,unconfident up,unconfident up
9447,9447,unconfident up,unconfident down,confident down
9448,9448,unconfident up,confident up,unconfident down
9449,9449,unconfident up,confident up,confident up
9450,9450,unconfident up,unconfident up,unconfident up
9451,9451,unconfident down,unconfident up,unconfident up
9452,9452,unconfident up,confident up,confident up
9453,9453,unconfident down,unconfident up,confident up
9454,9454,unconfident up,confident down,unconfident down
9455,9455,confident up,confident up,confident up
9456,9456,unconfident up,confident up,confident down
9457,9457,unconfident up,unconfident up,unconfident up
9458,9458,confident up,confident up,unconfident up
9459,9459,confident up,unconfident down,unconfident up
9460,9460,confident up,confident up,confident up
9461,9461,unconfident down,unconfident up,unconfident up
9462,9462,confident down,unconfident up,unconfident up
9463,9463,unconfident up,unconfident up,unconfident down
9464,9464,unconfident up,confident up,unconfident down
9465,9465,unconfident up,unconfident up,confident up
9466,9466,unconfident down,unconfident down,confident up
9467,9467,confident up,confident up,unconfident up
9468,9468,confident up,confident up,unconfident down
9469,9469,unconfident down,confident up,unconfident up
9470,9470,unconfident down,unconfident down,unconfident up
9471,9471,unconfident up,confident up,unconfident up
9472,9472,confident down,unconfident down,unconfident down
9473,9473,unconfident up,unconfident up,unconfident up
9474,9474,unconfident up,unconfident up,confident up
9475,9475,unconfident up,confident up,unconfident up
9476,9476,unconfident up,unconfident up,unconfident up
9477,9477,unconfident up,confident up,confident up
9478,9478,unconfident up,unconfident down,unconfident up
9479,9479,confident up,unconfident down,confident up
9480,9480,confident up,"unconfident down 

",unconfident up
9481,9481,confident up,unconfident up,unconfident up
9482,9482,confident up,confident up,unconfident down
9483,9483,unconfident down,unconfident up,unconfident down
9484,9484,confident up,confident down,unconfident up
9485,9485,unconfident up,confident up,confident up
9486,9486,confident up,unconfident up,confident up
9487,9487,Unconfident down,Unconfident down,unconfident down
9488,9488,confident down,confident up,unconfident down
9489,9489,unconfident down,unconfident down,unconfident down
9490,9490,unconfident up,unconfident up,unconfident up
9491,9491,confident down,unconfident up,confident up
9492,9492,confident up,confident up,confident up
9493,9493,unconfident up,unconfident up,unconfident up
9494,9494,unconfident up,unconfident up,confident up
9495,9495,confident up,unconfident up,confident up
9496,9496,unconfident down,unconfident up,unconfident up
9497,9497,confident up,unconfident up,unconfident up
9498,9498,unconfident down,unconfident up,unconfident down
9499,9499,confident up,unconfident down,confident up
9500,9500,unconfident up,confident up,confident up
9501,9501,confident up,confident up,confident up
9502,9502,confident up,confident up,confident up
9503,9503,confident up,unconfident up,confident up
9504,9504,unconfident up,unconfident down,confident down
9505,9505,confident up,confident up,confident up
9506,9506,unconfident up,unconfident up,unconfident up
9507,9507,unconfident down,confident down,unconfident up
9508,9508,confident down,confident up,confident down
9509,9509,unconfident up,confident up,confident up
9510,9510,unconfident up,unconfident up,confident up
9511,9511,unconfident down,confident up,confident up
9512,9512,unconfident up,confident up,unconfident up
9513,9513,unconfident up,unconfident up,confident up
9514,9514,confident up,confident up,confident up
9515,9515,unconfident down,unconfident down,unconfident up
9516,9516,unconfident down,unconfident down,unconfident down
9517,9517,confident up,unconfident up,confident up
9518,9518,unconfident up,unconfident down,unconfident up
9519,9519,unconfident up,unconfident up,unconfident down
9520,9520,unconfident up,confident down,unconfident down
9521,9521,unconfident up,confident up,confident up
9522,9522,confident up,confident up,unconfident up
9523,9523,unconfident up,unconfident down,unconfident up
9524,9524,unconfident up,unconfident up,unconfident up
9525,9525,unconfident up.,unconfident up,unconfident up
9526,9526,unconfident down,unconfident down,unconfident down
9527,9527,confident up,unconfident down,unconfident down
9528,9528,confident up,unconfident up,unconfident down
9529,9529,confident up,unconfident up,confident up
9530,9530,unconfident up,unconfident up,confident up
9531,9531,unconfident up,confident up,unconfident up
9532,9532,confident up,confident up,confident up
9533,9533,unconfident up,unconfident down,unconfident down
9534,9534,unconfident up,unconfident down,unconfident down
9535,9535,unconfident down,unconfident down,confident down
9536,9536,unconfident up,unconfident down,unconfident down
9537,9537,unconfident down,confident up,unconfident up
9538,9538,confident up,confident up,unconfident up
9539,9539,confident up,unconfident up,unconfident down
9540,9540,confident up,unconfident down,unconfident down
9541,9541,confident down,confident down,unconfident down
9542,9542,confident up,unconfident up,unconfident up
9543,9543,unconfident down,unconfident up,unconfident down
9544,9544,confident up,confident up,unconfident down
9545,9545,unconfident down,confident up,unconfident up
9546,9546,unconfident up,unconfident up,confident up
9547,9547,confident up,confident up,unconfident up
9548,9548,unconfident down,unconfident up,confident up
9549,9549,unconfident down,unconfident down,unconfident up
9550,9550,unconfident down,confident up,unconfident up
9551,9551,confident up,unconfident down,unconfident down
9552,9552,unconfident up,confident up,unconfident up
9553,9553,unconfident up,confident up,unconfident down
9554,9554,unconfident down,confident down,unconfident down
9555,9555,unconfident up,unconfident down,confident up
9556,9556,confident up,unconfident up,confident up
9557,9557,unconfident up,confident up,confident up
9558,9558,unconfident down,unconfident down,unconfident up
9559,9559,confident up,unconfident up,unconfident down
9560,9560,confident down,unconfident up,unconfident down
9561,9561,unconfident down,unconfident up,confident up
9562,9562,confident up,unconfident down,unconfident down
9563,9563,confident up,confident up,confident up
9564,9564,confident up,confident up,unconfident up
9565,9565,confident up,confident up,unconfident up
9566,9566,unconfident up,unconfident up,unconfident down
9567,9567,unconfident down,unconfident down,unconfident up
9568,9568,unconfident up,confident up,confident up
9569,9569,unconfident up,unconfident up,confident up
9570,9570,confident up,unconfident up,confident up
9571,9571,confident up,unconfident up,unconfident up
9572,9572,confident up,confident up,confident up
9573,9573,unconfident down,confident down,unconfident down
9574,9574,unconfident up,unconfident down,unconfident up
9575,9575,unconfident up,unconfident up,confident up
9576,9576,unconfident down,confident down,unconfident up
9577,9577,confident up,confident up,confident up
9578,9578,unconfident up,unconfident up,confident down
9579,9579,confident up,unconfident up,confident up
9580,9580,unconfident up,confident up,confident up
9581,9581,unconfident up,unconfident down,confident up
9582,9582,confident up,unconfident down,unconfident down
9583,9583,confident up,confident down,confident up
9584,9584,unconfident up,confident up,confident up
9585,9585,confident up,unconfident down,unconfident down
9586,9586,unconfident up,unconfident down,unconfident up
9587,9587,unconfident up,unconfident up,confident up
9588,9588,confident up,confident up,unconfident up
9589,9589,confident up,confident up,confident up
9590,9590,unconfident down,confident up,confident up
9591,9591,unconfident up,confident down,unconfident up
9592,9592,unconfident up,confident up,unconfident up
9593,9593,unconfident down,unconfident up,confident up
9594,9594,unconfident up,confident up,unconfident down
9595,9595,confident up,confident down,confident down
9596,9596,unconfident up,confident up,confident up
9597,9597,confident up,unconfident up,unconfident up
9598,9598,confident up,confident up,confident up
9599,9599,confident up,confident up,confident up
9600,9600,unconfident up,confident up,unconfident up
9601,9601,unconfident up,unconfident down,unconfident up
9602,9602,confident up,confident up,unconfident up
9603,9603,confident up,unconfident down,unconfident up
9604,9604,unconfident up,unconfident down,confident up
9605,9605,unconfident down,unconfident up,unconfident up
9606,9606,confident up,unconfident up,unconfident up
9607,9607,unconfident up,confident up,unconfident up
9608,9608,confident up,unconfident up,confident down
9609,9609,confident up,confident up,confident up
9610,9610,confident up,unconfident up,confident up
9611,9611,confident up,confident up,unconfident up
9612,9612,unconfident up,confident up,unconfident up
9613,9613,unconfident up,confident up,confident up
9614,9614,unconfident up,unconfident down,confident up
9615,9615,unconfident down,unconfident up,unconfident up
9616,9616,unconfident down,confident up,unconfident up
9617,9617,unconfident up,unconfident up,unconfident up
9618,9618,unconfident down,unconfident up,confident down
9619,9619,unconfident down,unconfident down,unconfident down
9620,9620,unconfident up,unconfident up,unconfident up
9621,9621,unconfident up,unconfident up,unconfident up
9622,9622,confident up,confident up,unconfident down
9623,9623,unconfident up,unconfident down,confident up
9624,9624,confident up,confident up,confident up
9625,9625,unconfident up,confident up,unconfident down
9626,9626,confident up,confident up,unconfident down
9627,9627,unconfident up,confident up,unconfident down
9628,9628,confident up,confident down,confident up
9629,9629,unconfident down,unconfident down,unconfident down
9630,9630,unconfident up,unconfident down,unconfident up
9631,9631,unconfident up,unconfident up,confident up
9632,9632,unconfident up,unconfident down,unconfident up
9633,9633,unconfident down,confident up,unconfident down
9634,9634,unconfident down,unconfident down,unconfident up
9635,9635,confident up,unconfident up,confident up
9636,9636,confident up,confident up,confident up
9637,9637,confident up,confident up,confident up
9638,9638,confident up,unconfident up,unconfident up
9639,9639,unconfident up,unconfident up,unconfident up
9640,9640,unconfident down,unconfident down,unconfident down
9641,9641,unconfident down,confident up,unconfident up
9642,9642,unconfident down,unconfident up,unconfident down
9643,9643,unconfident up,unconfident up,confident up
9644,9644,confident up,unconfident up,unconfident down
9645,9645,unconfident up,unconfident up,confident up
9646,9646,confident up,confident up,unconfident up
9647,9647,unconfident down,unconfident up,confident up
9648,9648,unconfident up,unconfident down,unconfident up
9649,9649,unconfident up,unconfident up,confident up
9650,9650,confident up,unconfident up,confident up
9651,9651,unconfident up,confident up,unconfident down
9652,9652,confident up,confident up,confident up
9653,9653,unconfident down,confident up,unconfident up
9654,9654,unconfident down,unconfident up,unconfident down
9655,9655,unconfident up,confident up,confident up
9656,9656,unconfident up,confident up,confident up
9657,9657,unconfident down,confident up,confident up
9658,9658,unconfident down,unconfident up,unconfident up
9659,9659,confident up,confident up,unconfident down
9660,9660,confident up,confident up,confident up
9661,9661,unconfident up,confident up,unconfident up
9662,9662,unconfident up,unconfident up,unconfident up
9663,9663,confident up,confident up,unconfident down
9664,9664,unconfident up,unconfident up,confident up
9665,9665,confident up,confident up,confident up
9666,9666,unconfident up,unconfident up,confident up
9667,9667,confident up,unconfident up,unconfident up
9668,9668,confident up,confident up,confident up
9669,9669,confident up,unconfident up,unconfident up
9670,9670,unconfident down,confident up,unconfident up
9671,9671,unconfident up,confident up,confident up
9672,9672,confident up,confident up,unconfident up
9673,9673,confident up,unconfident down,unconfident up
9674,9674,unconfident down,unconfident down,unconfident down
9675,9675,confident up,confident up,unconfident up
9676,9676,unconfident up,confident down,unconfident down
9677,9677,confident up,confident down,unconfident up
9678,9678,unconfident up,confident up,confident up
9679,9679,unconfident up,confident down,confident down
9680,9680,unconfident up,confident down,unconfident up
9681,9681,confident up,confident up,unconfident down
9682,9682,unconfident up,unconfident up,unconfident up
9683,9683,unconfident up,confident up,unconfident down
9684,9684,confident up,confident up,unconfident up
9685,9685,unconfident down,unconfident down,confident up
9686,9686,unconfident up,confident up,confident up
9687,9687,unconfident up,unconfident up,unconfident down
9688,9688,unconfident down,unconfident up,confident up
9689,9689,confident up,unconfident up,unconfident up
9690,9690,confident up,confident up,confident up
9691,9691,unconfident up,unconfident up,unconfident up
9692,9692,confident up,confident up,unconfident up
9693,9693,confident down,unconfident down,unconfident down
9694,9694,confident up,unconfident up,confident up
9695,9695,confident down,unconfident up,unconfident up
9696,9696,unconfident up,unconfident up,confident up
9697,9697,confident up,confident up,confident up
9698,9698,unconfident up,confident up,unconfident up
9699,9699,unconfident down,unconfident up,unconfident up
9700,9700,unconfident up,confident up,unconfident up
9701,9701,unconfident up,unconfident up,unconfident up
9702,9702,unconfident up,unconfident up,unconfident up
9703,9703,unconfident down,unconfident up,unconfident down
9704,9704,confident up,confident up,unconfident up
9705,9705,confident up,confident up,confident up
9706,9706,unconfident up,confident up,unconfident down
9707,9707,unconfident down,confident up,confident up
9708,9708,confident up,confident up,unconfident up
9709,9709,confident up,confident up,unconfident up
9710,9710,unconfident up,confident up,unconfident up
9711,9711,unconfident down,confident up,unconfident up
9712,9712,confident up,confident up,confident up
9713,9713,unconfident up,confident up,unconfident down
9714,9714,unconfident up,confident up,unconfident up
9715,9715,confident up,confident up,unconfident down
9716,9716,confident up,unconfident down,confident up
9717,9717,unconfident up,confident up,unconfident up
9718,9718,unconfident up,unconfident up,unconfident down
9719,9719,confident up,unconfident down,unconfident up
9720,9720,confident up,unconfident up,confident up
9721,9721,unconfident up,confident down,unconfident down
9722,9722,unconfident up,unconfident up,unconfident up
9723,9723,confident up,unconfident up,unconfident up
9724,9724,unconfident up,confident up,confident up
9725,9725,confident up,unconfident up,confident up
9726,9726,unconfident up,unconfident down,unconfident up
9727,9727,confident up,confident up,confident up
9728,9728,unconfident up,confident up,unconfident up
9729,9729,unconfident up,unconfident down,unconfident up
9730,9730,unconfident up,unconfident down,confident up
9731,9731,confident up,confident up,confident up
9732,9732,unconfident up,unconfident up,unconfident up
9733,9733,unconfident up,confident up,unconfident up
9734,9734,unconfident up,confident up,confident up
9735,9735,unconfident down,confident up,unconfident up
9736,9736,confident up,unconfident up,unconfident up
9737,9737,unconfident up,unconfident down,confident up
9738,9738,unconfident down,confident up,confident up
9739,9739,confident up,unconfident down,unconfident up
9740,9740,unconfident up,unconfident up,unconfident down
9741,9741,confident up,confident up,confident up
9742,9742,unconfident up,unconfident down,unconfident up
9743,9743,unconfident down,unconfident up,confident up
9744,9744,confident down,unconfident down,confident up
9745,9745,unconfident up,unconfident down,unconfident up
9746,9746,confident up,confident up,unconfident up
9747,9747,confident up,unconfident up,unconfident up
9748,9748,confident up,confident up,confident up
9749,9749,unconfident up,unconfident up,unconfident up
9750,9750,confident up,confident up,confident up
9751,9751,unconfident down,unconfident down,unconfident up
9752,9752,unconfident up,unconfident up,unconfident up
9753,9753,confident up,confident up,unconfident down
9754,9754,confident up,unconfident up,unconfident up
9755,9755,unconfident up,unconfident up,unconfident up
9756,9756,unconfident down,unconfident down,unconfident down
9757,9757,confident up,unconfident down,unconfident down
9758,9758,confident up,confident up,confident up
9759,9759,unconfident up,confident up,confident up
9760,9760,unconfident down,unconfident down,unconfident up
9761,9761,unconfident up,unconfident up,unconfident up
9762,9762,unconfident up,unconfident up,confident up
9763,9763,unconfident up,unconfident up,unconfident up
9764,9764,confident up,confident up,confident up
9765,9765,confident up,confident up,unconfident down
9766,9766,confident up,unconfident up,unconfident down
9767,9767,unconfident down,unconfident up,unconfident up
9768,9768,unconfident up,confident down,unconfident down
9769,9769,confident up,unconfident up,confident up
9770,9770,confident up,confident up,confident up
9771,9771,confident up,unconfident up,unconfident up
9772,9772,unconfident up,unconfident down,unconfident down
9773,9773,unconfident up,unconfident up,confident up
9774,9774,unconfident up,confident up,unconfident up
9775,9775,unconfident down,unconfident up,unconfident up
9776,9776,confident up,unconfident up,unconfident up
9777,9777,unconfident down,unconfident down,unconfident down
9778,9778,confident up,confident up,confident up
9779,9779,unconfident down,unconfident up,confident down
9780,9780,unconfident down,unconfident up,unconfident up
9781,9781,unconfident up,unconfident up,unconfident down
9782,9782,unconfident up,unconfident up,unconfident up
9783,9783,confident up,unconfident up,unconfident up
9784,9784,unconfident up,unconfident up,confident up
9785,9785,unconfident down,unconfident up,confident up
9786,9786,unconfident up,unconfident down,confident up
9787,9787,unconfident up,unconfident up,unconfident up
9788,9788,confident up,unconfident up,confident up
9789,9789,confident up,unconfident up,confident up
9790,9790,unconfident up,unconfident up,unconfident up
9791,9791,unconfident up,confident up,unconfident up
9792,9792,unconfident up,unconfident down,confident down
9793,9793,unconfident down,confident up,confident up
9794,9794,unconfident up,unconfident up,unconfident down
9795,9795,confident up,unconfident up,unconfident up
9796,9796,confident up,unconfident down,confident up
9797,9797,unconfident up,unconfident down,unconfident up
9798,9798,unconfident down,unconfident down,confident down
9799,9799,unconfident up,unconfident up,unconfident down
9800,9800,unconfident up,confident up,confident up
9801,9801,unconfident down,unconfident up,unconfident up
9802,9802,unconfident down,unconfident down,confident up
9803,9803,confident up,confident up,confident up
9804,9804,confident up,unconfident down,unconfident up
9805,9805,confident up,confident up,unconfident up
9806,9806,unconfident up,confident up,confident up
9807,9807,confident up,confident up,confident up
9808,9808,confident up,confident up,confident up
9809,9809,unconfident down,confident up,confident up
9810,9810,unconfident up,confident up,unconfident down
9811,9811,confident up,confident up,unconfident up
9812,9812,unconfident down,confident up,confident up
9813,9813,unconfident up,unconfident up,unconfident up
9814,9814,unconfident down,unconfident down,unconfident up
9815,9815,unconfident up,unconfident up,unconfident up
9816,9816,unconfident down,unconfident up,confident up
9817,9817,unconfident up,unconfident up,unconfident up
9818,9818,unconfident down,confident down,unconfident up
9819,9819,confident up,unconfident up,confident up
9820,9820,unconfident up,unconfident down,unconfident up
9821,9821,unconfident down,unconfident down,unconfident down
9822,9822,unconfident down,unconfident up,unconfident down
9823,9823,unconfident down,unconfident up,confident up
9824,9824,unconfident up,confident up,unconfident up
9825,9825,unconfident up,unconfident up,confident up
9826,9826,unconfident up,"unconfident up 

",unconfident up
9827,9827,confident up,unconfident up,unconfident up
9828,9828,unconfident up,confident down,unconfident down
9829,9829,unconfident up,confident down,unconfident up
9830,9830,unconfident down,confident down,confident up
9831,9831,unconfident up,unconfident up,unconfident up
9832,9832,unconfident down,unconfident down,confident up
9833,9833,unconfident down,unconfident up,confident down
9834,9834,unconfident down,unconfident down,unconfident up
9835,9835,confident down,unconfident down,unconfident down
9836,9836,confident up,unconfident up,unconfident down
9837,9837,unconfident up,unconfident up,unconfident down
9838,9838,unconfident down,confident up,confident up
9839,9839,confident up,confident up,confident up
9840,9840,confident up,confident up,confident up
9841,9841,unconfident down,unconfident down,unconfident up
9842,9842,unconfident down,confident up,unconfident down
9843,9843,confident up,confident up,confident up
9844,9844,confident up,unconfident up,unconfident down
9845,9845,confident up,confident up,unconfident up
9846,9846,confident up,unconfident down,confident up
9847,9847,confident up,confident up,unconfident up
9848,9848,confident up,confident up,unconfident up
9849,9849,unconfident up,unconfident up,unconfident down
9850,9850,unconfident down,confident up,unconfident up
9851,9851,unconfident up,confident down,unconfident down
9852,9852,unconfident up,confident up,confident up
9853,9853,unconfident up,unconfident up,unconfident up
9854,9854,confident up,"unconfident up 

",confident up
9855,9855,unconfident down,unconfident down,confident up
9856,9856,confident up,unconfident down,confident up
9857,9857,unconfident up,confident up,unconfident up
9858,9858,unconfident up,unconfident down,confident up
9859,9859,unconfident down,unconfident down,confident down
9860,9860,unconfident down,unconfident up,confident up
9861,9861,confident up,confident up,unconfident up
9862,9862,unconfident down,confident down,unconfident up
9863,9863,confident up,confident up,confident up
9864,9864,unconfident up,unconfident down,unconfident down
9865,9865,unconfident up,unconfident down,confident down
9866,9866,unconfident up,unconfident down,unconfident up
9867,9867,unconfident down,unconfident up,unconfident up
9868,9868,confident up,confident up,unconfident up
9869,9869,confident up,confident up,confident up
9870,9870,confident up,unconfident down,confident up
9871,9871,confident up,confident up,confident up
9872,9872,confident up,confident down,unconfident down
9873,9873,unconfident up,confident up,confident up
9874,9874,unconfident up,confident up,unconfident up
9875,9875,unconfident up,confident up,unconfident down
9876,9876,confident up,confident up,confident up
9877,9877,confident up,confident up,unconfident up
9878,9878,confident down,confident down,unconfident up
9879,9879,unconfident down,unconfident down,confident down
9880,9880,confident up,confident up,confident up
9881,9881,unconfident up,unconfident up,unconfident up
9882,9882,unconfident down,unconfident down,confident down
9883,9883,confident up,confident up,confident up
9884,9884,unconfident up,confident up,confident up
9885,9885,confident up,unconfident up,unconfident down
9886,9886,unconfident up,unconfident up,unconfident up
9887,9887,unconfident down,confident up,unconfident down
9888,9888,unconfident up,confident up,confident up
9889,9889,confident up,confident up,confident up
9890,9890,confident up,unconfident up,unconfident down
9891,9891,confident up,unconfident down,unconfident up
9892,9892,unconfident down,confident up,confident up
9893,9893,unconfident up,unconfident up,unconfident up
9894,9894,confident up,confident up,unconfident up
9895,9895,unconfident up,unconfident up,confident up
9896,9896,unconfident up,unconfident up,unconfident up
9897,9897,unconfident up,unconfident up,confident up
9898,9898,confident up,unconfident down,confident up
9899,9899,unconfident up,unconfident up,unconfident up
9900,9900,confident up,unconfident up,confident up
9901,9901,unconfident down,unconfident up,unconfident down
9902,9902,confident up,unconfident up,unconfident up
9903,9903,confident up,unconfident down,confident up
9904,9904,unconfident up,confident up,unconfident up
9905,9905,confident up,confident up,confident up
9906,9906,unconfident down,unconfident down,unconfident down
9907,9907,unconfident up,unconfident up,unconfident up
9908,9908,unconfident down,unconfident down,confident up
9909,9909,unconfident up,unconfident up,unconfident down
9910,9910,confident up,unconfident up,confident up
9911,9911,unconfident up,unconfident down,unconfident up
9912,9912,confident up,confident up,unconfident up
9913,9913,unconfident up,confident up,confident up
9914,9914,confident up,confident up,unconfident up
9915,9915,unconfident down,unconfident down,unconfident up
9916,9916,unconfident down,unconfident up,confident up
9917,9917,confident up,confident up,unconfident up
9918,9918,unconfident up,unconfident down,unconfident down
9919,9919,unconfident up,confident up,confident up
9920,9920,unconfident up,confident up,unconfident down
9921,9921,confident up,confident up,confident up
9922,9922,unconfident down,confident up,unconfident down
9923,9923,unconfident down,unconfident down,confident up
9924,9924,unconfident down,confident up,unconfident up
9925,9925,unconfident up,confident up,unconfident up
9926,9926,confident up,confident up,confident up
9927,9927,unconfident up,confident up,unconfident up.
9928,9928,unconfident down,confident up,confident up
9929,9929,confident up,unconfident down,unconfident up
9930,9930,confident up,unconfident up,unconfident down
9931,9931,confident up,confident up,unconfident up
9932,9932,confident down,confident down,unconfident down
9933,9933,unconfident up,unconfident down,unconfident down
9934,9934,confident down,unconfident down,unconfident down
9935,9935,confident up,confident up,confident up
9936,9936,confident up,unconfident up,unconfident up
9937,9937,unconfident down,confident down,unconfident down
9938,9938,confident up,unconfident up,confident up
9939,9939,confident up,unconfident up,unconfident up
9940,9940,confident up,unconfident up,confident up
9941,9941,confident up,confident up,unconfident down
9942,9942,unconfident down,confident up,confident up
9943,9943,confident up,unconfident up,confident up
9944,9944,confident up,unconfident down,unconfident up
9945,9945,confident up,unconfident up,unconfident up
9946,9946,unconfident up,confident up,unconfident up
9947,9947,unconfident up,unconfident up,unconfident up
9948,9948,confident up,confident up,unconfident up
9949,9949,confident up,unconfident up,unconfident down
9950,9950,confident up,unconfident up,confident up
9951,9951,confident down,unconfident up,unconfident up
9952,9952,confident up,confident up,confident up
9953,9953,unconfident up,confident up,unconfident up
9954,9954,unconfident down,unconfident up,confident up
9955,9955,unconfident up,confident down,confident up
9956,9956,unconfident up,unconfident down,confident up
9957,9957,unconfident down,unconfident down,confident up
9958,9958,unconfident up,unconfident up,confident up
9959,9959,confident up,unconfident up,unconfident down
9960,9960,unconfident up,unconfident down,confident up
9961,9961,confident up,unconfident up,unconfident up
9962,9962,confident up,confident up,confident up
9963,9963,unconfident down,confident up,unconfident up
9964,9964,unconfident down,unconfident up,unconfident up
9965,9965,unconfident up,confident up,confident up
9966,9966,confident up,unconfident up,confident up
9967,9967,unconfident down,unconfident up,unconfident up
9968,9968,confident up,unconfident up,confident up
9969,9969,confident up,unconfident up,unconfident down
9970,9970,unconfident down,unconfident up,unconfident down
9971,9971,unconfident up,unconfident down,unconfident up
9972,9972,confident up,confident up,unconfident down
9973,9973,confident up,confident up,confident up
9974,9974,unconfident up,unconfident down,unconfident up
9975,9975,confident up,unconfident up,confident up
9976,9976,unconfident down,unconfident down,confident up
9977,9977,confident up,unconfident up,unconfident up
9978,9978,unconfident up,unconfident up,confident up
9979,9979,confident up,confident up,confident up
9980,9980,unconfident down,unconfident down,unconfident down
9981,9981,unconfident up,unconfident up,unconfident down
9982,9982,unconfident down,confident down,unconfident down
9983,9983,confident up,unconfident down,unconfident down
9984,9984,unconfident up,confident up,unconfident up
9985,9985,confident up,unconfident up,unconfident down
9986,9986,confident up,confident up,unconfident up
9987,9987,confident up,unconfident up,confident up
9988,9988,unconfident down,unconfident down,unconfident down
9989,9989,unconfident down,unconfident up,unconfident down
9990,9990,confident up,unconfident up,unconfident down
9991,9991,unconfident down,confident up,unconfident up
9992,9992,confident up,unconfident up,unconfident up
9993,9993,confident up,unconfident down,confident up
9994,9994,unconfident up,confident up,confident up
9995,9995,confident up,confident up,confident up
9996,9996,unconfident up,confident up,unconfident up
9997,9997,unconfident up,unconfident up,unconfident up
9998,9998,unconfident up,unconfident down,unconfident down
9999,9999,confident up,unconfident up,unconfident down
10000,10000,unconfident up,confident up,confident up
10001,10001,confident up,unconfident up,unconfident up
10002,10002,confident up,confident up,confident up
10003,10003,confident up,confident up,unconfident up
10004,10004,confident up,unconfident down,unconfident down
10005,10005,unconfident up,confident up,confident up
10006,10006,unconfident down,confident up,confident up
10007,10007,confident up,unconfident up,unconfident up
10008,10008,confident down,unconfident down,unconfident down
10009,10009,unconfident up,unconfident down,confident up
10010,10010,unconfident up,unconfident up,confident up
10011,10011,unconfident down,unconfident down,unconfident down
10012,10012,confident up,confident up,confident up
10013,10013,unconfident down,confident up,unconfident up
10014,10014,unconfident up,unconfident up,unconfident up
10015,10015,confident up,confident up,confident up
10016,10016,unconfident up,confident up,unconfident down
10017,10017,unconfident down,unconfident up,unconfident up
10018,10018,unconfident down,confident up,unconfident up
10019,10019,confident up,confident up,confident up
10020,10020,unconfident up,unconfident up,confident up
10021,10021,unconfident up,confident up,unconfident down
10022,10022,confident up,unconfident down,confident up
10023,10023,confident up,"unconfident up 

",unconfident up
10024,10024,unconfident up,unconfident up,confident up
10025,10025,confident up,unconfident up,confident up
10026,10026,unconfident up,confident up,confident up
10027,10027,unconfident up,confident up,confident up
10028,10028,unconfident up,confident up,unconfident up
10029,10029,confident up,confident up,unconfident down
10030,10030,confident up,unconfident up,confident up
10031,10031,confident up,confident up,unconfident down
10032,10032,unconfident up,confident up,confident up
10033,10033,confident up,unconfident up,unconfident up
10034,10034,unconfident up,confident up,confident up
10035,10035,unconfident up,unconfident up,confident up
10036,10036,unconfident up,confident up,unconfident up
10037,10037,confident up,unconfident up,confident up
10038,10038,unconfident down,confident up,unconfident up
10039,10039,unconfident down,unconfident down,confident up
10040,10040,unconfident up,unconfident up,unconfident down
10041,10041,unconfident down,unconfident down,unconfident up
10042,10042,unconfident up,confident up,unconfident up
10043,10043,confident up,unconfident up,confident up
10044,10044,confident down,unconfident up,confident up
10045,10045,confident up,confident down,confident up
10046,10046,unconfident up,confident up,unconfident up
10047,10047,unconfident down,unconfident up,confident up
10048,10048,unconfident up,confident up,confident up
10049,10049,unconfident down,unconfident up,unconfident up
10050,10050,unconfident down,confident up,unconfident up
10051,10051,confident up,confident up,confident up
10052,10052,unconfident down,unconfident up,confident up
10053,10053,unconfident up,unconfident up,confident up
10054,10054,unconfident down,confident up,confident up
10055,10055,unconfident down,unconfident down,unconfident down
10056,10056,confident up,confident up,confident up
10057,10057,confident up,unconfident up,confident up
10058,10058,confident up,confident up,unconfident up
10059,10059,unconfident up,confident up,unconfident up
10060,10060,unconfident up,confident up,confident up
10061,10061,confident up,unconfident up,unconfident up
10062,10062,confident up,unconfident up,confident up
10063,10063,confident up,unconfident up,unconfident down
10064,10064,unconfident down,confident up,unconfident up
10065,10065,confident up,confident up,unconfident up
10066,10066,confident up,confident up,unconfident up
10067,10067,unconfident up,confident up,confident up
10068,10068,confident up,confident up,unconfident down
10069,10069,unconfident up,unconfident up,confident up
10070,10070,unconfident up,confident up,confident up
10071,10071,unconfident down,unconfident up,confident up
10072,10072,unconfident up,unconfident down,unconfident up
10073,10073,confident up,unconfident down,confident up
10074,10074,confident up,confident up,unconfident up
10075,10075,confident up,unconfident up,unconfident up
10076,10076,unconfident up,unconfident down,confident down
10077,10077,confident up,unconfident up,confident up
10078,10078,confident up,confident up,unconfident up
10079,10079,confident up,confident up,unconfident up
10080,10080,confident up,unconfident up,unconfident up
10081,10081,unconfident down,confident up,unconfident up
10082,10082,confident down,confident up,confident up
10083,10083,confident up,confident up,confident up
10084,10084,unconfident up,unconfident up,unconfident up
10085,10085,unconfident down,unconfident down,confident up
10086,10086,unconfident down,unconfident up,unconfident up
10087,10087,unconfident down,unconfident down,unconfident down
10088,10088,unconfident up,confident down,confident up
10089,10089,unconfident up,unconfident down,unconfident up
10090,10090,unconfident up,confident up,confident up
10091,10091,unconfident up,confident up,confident up
10092,10092,unconfident up,confident up,unconfident up
10093,10093,unconfident up,confident up,confident up
10094,10094,unconfident up,confident up,unconfident up
10095,10095,unconfident up,confident up,unconfident down
10096,10096,confident up,unconfident down,unconfident down
10097,10097,unconfident down,confident down,"unconfident down 

"
10098,10098,confident up,confident up,confident up
10099,10099,confident up,confident up,confident up
10100,10100,confident up,confident up,confident up
10101,10101,unconfident up,confident up,confident up
10102,10102,confident up,unconfident up,unconfident up
10103,10103,confident up,confident up,unconfident up
10104,10104,unconfident down,confident down,unconfident down
10105,10105,unconfident down,unconfident up,confident down
10106,10106,unconfident up,confident up,unconfident up
10107,10107,confident up,confident up,unconfident down
10108,10108,confident up,confident up,unconfident up
10109,10109,confident up,confident up,confident up
10110,10110,unconfident up,unconfident up,unconfident up
10111,10111,unconfident up,unconfident up,unconfident up
10112,10112,unconfident up,confident up,unconfident up
10113,10113,unconfident up,unconfident up,unconfident down
10114,10114,confident up,unconfident up,confident up
10115,10115,unconfident up,confident up,unconfident down
10116,10116,unconfident up,confident up,unconfident up
10117,10117,unconfident down,unconfident down,unconfident down
10118,10118,unconfident up,confident up,confident up
10119,10119,confident up,confident up,confident up
10120,10120,unconfident up,unconfident up,confident down
10121,10121,unconfident up,unconfident down,unconfident down
10122,10122,unconfident down,unconfident down,unconfident down
10123,10123,confident up,unconfident down,unconfident up
10124,10124,confident up,confident up,confident up
10125,10125,confident up,unconfident down,unconfident down
10126,10126,unconfident up,unconfident up,confident up
10127,10127,confident up,confident up,confident up
10128,10128,unconfident up,confident up,unconfident up
10129,10129,unconfident up,confident up,unconfident up
10130,10130,unconfident up,unconfident up,unconfident up
10131,10131,unconfident up,confident up,confident up
10132,10132,unconfident down,unconfident down,unconfident up
10133,10133,unconfident up,unconfident up,unconfident up
10134,10134,confident up,unconfident down,unconfident up
10135,10135,confident down,confident down,unconfident down
10136,10136,unconfident up,unconfident down,unconfident up
10137,10137,confident up,unconfident up,unconfident down
10138,10138,unconfident up,unconfident down,unconfident up
10139,10139,unconfident up,unconfident down,confident up
10140,10140,confident up,confident up,unconfident up
10141,10141,unconfident up,unconfident up,confident up
10142,10142,confident up,unconfident up,unconfident down
10143,10143,confident up,confident up,confident up
10144,10144,unconfident up,unconfident down,confident up
10145,10145,unconfident up,confident up,unconfident down
10146,10146,confident up,confident up,confident up
10147,10147,confident down,unconfident down,unconfident down
10148,10148,unconfident down,confident up,confident up
10149,10149,confident up,unconfident up,confident up
10150,10150,unconfident up,confident up,unconfident up
10151,10151,confident up,unconfident up,unconfident up
10152,10152,unconfident up,unconfident up,unconfident down
10153,10153,unconfident down,confident down,confident down
10154,10154,confident down,confident up,confident down
10155,10155,confident down,confident up,unconfident down
10156,10156,confident up,confident up,unconfident up
10157,10157,confident up,unconfident up,confident up
10158,10158,unconfident up,confident up,confident up
10159,10159,unconfident down,unconfident up,confident up
10160,10160,unconfident up,confident down,unconfident down
10161,10161,unconfident up,confident up,confident up
10162,10162,confident up,confident up,confident up
10163,10163,confident up,confident up,unconfident down
10164,10164,confident up,unconfident up,confident up
10165,10165,unconfident down,unconfident up,confident up
10166,10166,confident up,unconfident up,unconfident down
10167,10167,confident down,confident down,confident down
10168,10168,unconfident up,confident up,confident up
10169,10169,confident down,unconfident up,unconfident up
10170,10170,unconfident up,unconfident up,confident up
10171,10171,confident down,unconfident up,unconfident up
10172,10172,unconfident up,confident up,unconfident up
10173,10173,unconfident up,unconfident up,confident up
10174,10174,confident up,unconfident up,unconfident up
10175,10175,confident up,unconfident up,unconfident up
10176,10176,unconfident down,unconfident down,unconfident up
10177,10177,unconfident up,unconfident up,confident up
10178,10178,unconfident down,unconfident down,unconfident up
10179,10179,unconfident up,unconfident down,unconfident down
10180,10180,unconfident up,confident up,confident up
10181,10181,unconfident up,confident up,confident up
10182,10182,unconfident up,unconfident down,unconfident up
10183,10183,confident up,confident up,unconfident up
10184,10184,unconfident down,unconfident down,unconfident up
10185,10185,unconfident up,confident up,confident up
10186,10186,unconfident up,unconfident down,confident up
10187,10187,unconfident up,unconfident up,unconfident up
10188,10188,unconfident down,unconfident up,confident up
10189,10189,unconfident up,confident up,"unconfident down 

"
10190,10190,confident up,confident up,confident up
10191,10191,unconfident up,confident up,confident up
10192,10192,confident up,unconfident up,unconfident up
10193,10193,unconfident up,confident up,unconfident down
10194,10194,confident up,unconfident down,confident down
10195,10195,confident up,confident up,unconfident up
10196,10196,confident up,unconfident down,confident up
10197,10197,unconfident down,confident up,confident up
10198,10198,confident up,confident up,confident up
10199,10199,confident up,unconfident down,unconfident down
10200,10200,confident up,confident up,confident up
10201,10201,unconfident up,confident up,unconfident down
10202,10202,unconfident up,unconfident up,unconfident up
10203,10203,unconfident down,confident up,unconfident up
10204,10204,confident up,confident up,unconfident down
10205,10205,confident up,confident up,unconfident up
10206,10206,confident up,unconfident up,unconfident up
10207,10207,confident up,unconfident up,unconfident up
10208,10208,unconfident up,unconfident down,confident up
10209,10209,unconfident up,confident up,confident up
10210,10210,confident up,unconfident up,confident up
10211,10211,unconfident up,confident up,confident up
10212,10212,confident up,confident up,confident up
10213,10213,confident up,confident up,confident up
10214,10214,unconfident down,unconfident up,confident up
10215,10215,confident up,confident up,confident up
10216,10216,unconfident down,confident up,unconfident up
10217,10217,unconfident up,unconfident up,confident up
10218,10218,confident up,unconfident up,unconfident up
10219,10219,unconfident down,unconfident up,confident up
10220,10220,unconfident up,unconfident down,unconfident down
10221,10221,unconfident up,confident up,confident up
10222,10222,confident up,confident up,confident up
10223,10223,unconfident up,confident down,unconfident down
10224,10224,confident up,confident up,confident up
10225,10225,unconfident up,unconfident up,unconfident up
10226,10226,confident up,confident up,unconfident down
10227,10227,unconfident up,confident up,confident up
10228,10228,confident up,confident up,confident up
10229,10229,unconfident up,unconfident down,unconfident down
10230,10230,unconfident up,unconfident up,confident up
10231,10231,unconfident up,unconfident down,unconfident up
10232,10232,unconfident up,confident up,unconfident up
10233,10233,unconfident down,confident up,confident down
10234,10234,confident up,confident up,unconfident up
10235,10235,confident up,unconfident down,confident up
10236,10236,unconfident down,confident up,unconfident up
10237,10237,unconfident up,unconfident down,confident up
10238,10238,unconfident up,unconfident up,confident up
10239,10239,unconfident down,unconfident up,unconfident down
10240,10240,unconfident down,confident up,confident up
10241,10241,confident up,unconfident up,unconfident up
10242,10242,confident up,confident up,unconfident down
10243,10243,unconfident down,unconfident down,unconfident down
10244,10244,unconfident down,confident up,unconfident up
10245,10245,confident up,unconfident up,unconfident up
10246,10246,unconfident up,confident up,unconfident up
10247,10247,confident down,confident down,unconfident down
10248,10248,unconfident up,unconfident down,unconfident down
10249,10249,unconfident up,confident up,confident up
10250,10250,confident up,confident up,unconfident up
10251,10251,confident down,unconfident down,unconfident up
10252,10252,confident up,confident up,unconfident up
10253,10253,unconfident down,unconfident up,unconfident down
10254,10254,unconfident up,confident down,unconfident up
10255,10255,unconfident up,unconfident up,confident up
10256,10256,unconfident up,confident up,unconfident up
10257,10257,confident up,confident up,confident up
10258,10258,unconfident up,unconfident up,confident up
10259,10259,unconfident up,confident up,unconfident down
10260,10260,confident up,unconfident up,confident up
10261,10261,unconfident down,confident up,unconfident up
10262,10262,confident up,unconfident down,unconfident down
10263,10263,unconfident up,confident up,unconfident up
10264,10264,confident up,unconfident down,unconfident up
10265,10265,unconfident down,confident up,confident up
10266,10266,confident up,confident up,unconfident up
10267,10267,confident up,confident up,confident up
10268,10268,confident up,confident up,confident up
10269,10269,unconfident up,unconfident up,unconfident up
10270,10270,confident up,confident up,confident up
10271,10271,unconfident up,unconfident up,unconfident up
10272,10272,unconfident up,confident up,confident up
10273,10273,confident down,unconfident down,unconfident up
10274,10274,confident up,confident up,unconfident up
10275,10275,confident up,unconfident down,confident up
10276,10276,unconfident down,unconfident down,unconfident up
10277,10277,unconfident up,confident down,unconfident up
10278,10278,unconfident down,unconfident up,unconfident down
10279,10279,unconfident down,unconfident down,confident down
10280,10280,unconfident down,unconfident up,unconfident down
10281,10281,unconfident down,confident up,confident up
10282,10282,confident up,unconfident down,confident up
10283,10283,unconfident up,unconfident down,unconfident down
10284,10284,unconfident up,confident up,unconfident up
10285,10285,unconfident down,confident up,confident up
10286,10286,unconfident up,unconfident up,unconfident up
10287,10287,confident up,confident up,unconfident up
10288,10288,unconfident down,unconfident up,unconfident up
10289,10289,confident up,confident up,unconfident up
10290,10290,confident down,confident up,confident up
10291,10291,confident up,confident up,confident up
10292,10292,confident up,confident up,confident up
10293,10293,unconfident up,unconfident up,unconfident up
10294,10294,confident up,confident up,confident up
10295,10295,unconfident up,unconfident up,confident up
10296,10296,confident up,unconfident up,unconfident up
10297,10297,unconfident up,confident up,confident up
10298,10298,unconfident down,unconfident up,unconfident up
10299,10299,unconfident up,unconfident up,confident up
10300,10300,unconfident down,unconfident up,confident up
10301,10301,confident up,confident up,unconfident down
10302,10302,confident up,unconfident up.,confident up
10303,10303,unconfident up,unconfident up,unconfident up
10304,10304,confident up,unconfident down,confident up
10305,10305,confident up,unconfident up,unconfident up
10306,10306,unconfident down,unconfident up,unconfident down
10307,10307,confident up,confident up,confident up
10308,10308,unconfident up,confident up,unconfident down
10309,10309,confident up,unconfident up,unconfident down
10310,10310,unconfident up,unconfident down,unconfident up
10311,10311,unconfident up,unconfident up,unconfident down
10312,10312,unconfident up,confident up,unconfident up
10313,10313,confident up,unconfident up,confident up
10314,10314,confident up,confident up,confident up
10315,10315,confident up,unconfident up,unconfident up
10316,10316,unconfident up,unconfident up,unconfident down
10317,10317,confident up,confident up,confident up
10318,10318,confident up,confident up,confident up
10319,10319,confident up,unconfident up,unconfident down
10320,10320,confident up,confident up,confident up
10321,10321,unconfident up,unconfident up,unconfident down
10322,10322,unconfident down,unconfident up,confident up
10323,10323,unconfident down,unconfident up,unconfident down
10324,10324,unconfident up,unconfident down,unconfident up
10325,10325,confident up,confident up,confident up
10326,10326,confident up,confident up,confident up
10327,10327,confident up,unconfident up,unconfident up
10328,10328,confident up,unconfident down,confident up
10329,10329,unconfident up,unconfident up,unconfident down
10330,10330,confident up,confident up,unconfident up
10331,10331,unconfident up,confident up,unconfident up
10332,10332,unconfident up,confident up,confident up
10333,10333,confident up,confident up,confident up
10334,10334,unconfident up,unconfident up,confident down
10335,10335,unconfident up,unconfident down,confident up
10336,10336,unconfident up,confident up,confident up
10337,10337,confident up,unconfident up,unconfident up
10338,10338,confident up,unconfident down,unconfident up
10339,10339,confident up,unconfident up,unconfident up
10340,10340,unconfident up,unconfident up,unconfident up
10341,10341,unconfident up,confident up,confident up
10342,10342,unconfident up,confident up,unconfident down
10343,10343,confident up,unconfident up,unconfident down
10344,10344,unconfident up,confident up,unconfident up
10345,10345,confident up,unconfident up,unconfident up
10346,10346,unconfident up,confident up,confident up
10347,10347,unconfident down,unconfident down,confident up
10348,10348,unconfident down,unconfident down,confident up
10349,10349,unconfident up,unconfident up,unconfident up
10350,10350,confident up,confident up,unconfident up
10351,10351,confident up,unconfident down,unconfident down
10352,10352,unconfident up,unconfident up,unconfident up
10353,10353,confident up,confident up,confident up
10354,10354,confident up,confident up,confident up
10355,10355,unconfident up,unconfident up,confident up
10356,10356,unconfident up,unconfident up,confident up
10357,10357,confident up,confident up,confident up
10358,10358,unconfident up,unconfident up,unconfident up
10359,10359,confident up,unconfident up,confident up
10360,10360,confident up,confident up,confident up
10361,10361,unconfident up,unconfident down,unconfident down
10362,10362,unconfident up,unconfident down,unconfident up
10363,10363,unconfident up,confident up,confident up
10364,10364,unconfident up,unconfident up,confident up
10365,10365,unconfident down,unconfident up,unconfident down
10366,10366,confident up,confident up,confident up
10367,10367,unconfident down,confident up,unconfident up
10368,10368,confident up,confident up,confident up
10369,10369,confident up,confident up,confident up
10370,10370,unconfident up,unconfident up,unconfident up
10371,10371,confident up,unconfident up,unconfident up
10372,10372,unconfident up,unconfident up,unconfident up
10373,10373,confident up,unconfident up,unconfident up
10374,10374,unconfident up,unconfident up,unconfident up
10375,10375,unconfident down,unconfident up,unconfident down
10376,10376,confident down,confident up,confident up
10377,10377,confident up,unconfident up,unconfident down
10378,10378,unconfident up,unconfident down,unconfident down
10379,10379,confident up,unconfident up,unconfident up
10380,10380,confident up,unconfident up,unconfident up
10381,10381,unconfident up,confident up,unconfident down
10382,10382,unconfident up,unconfident up,unconfident down
10383,10383,unconfident up,confident down,confident down
10384,10384,unconfident down,unconfident down,confident up
10385,10385,confident up,confident down,unconfident down
10386,10386,unconfident up,unconfident up,confident up
10387,10387,unconfident down,unconfident up,unconfident down
10388,10388,unconfident up,unconfident up,unconfident up
10389,10389,confident up,confident up,confident up
10390,10390,unconfident up,confident up,unconfident up
10391,10391,unconfident down,unconfident down,confident down
10392,10392,unconfident up,unconfident up,confident up
10393,10393,unconfident up,confident up,confident up
10394,10394,unconfident up,unconfident up,unconfident up
10395,10395,unconfident up,unconfident down,unconfident up
10396,10396,confident up,confident up,unconfident up
10397,10397,unconfident up,unconfident up,unconfident up
10398,10398,confident up,confident up,confident up
10399,10399,confident up,confident up,unconfident up
10400,10400,confident up,confident up,confident up
10401,10401,unconfident up,unconfident up,confident up
10402,10402,confident up,confident up,confident up
10403,10403,unconfident down,unconfident up,unconfident up
10404,10404,confident up,confident up,confident up
10405,10405,confident up,confident up,unconfident up
10406,10406,unconfident up,confident up,unconfident up
10407,10407,unconfident up,confident up,confident up
10408,10408,confident up,confident up,unconfident down
10409,10409,unconfident up,unconfident down,unconfident down
10410,10410,confident up,unconfident down,unconfident up
10411,10411,confident up,unconfident up,unconfident down
10412,10412,confident up,unconfident up,unconfident up
10413,10413,confident up,confident up,unconfident up
10414,10414,confident up,confident up,confident up
10415,10415,confident up,confident up,confident up
10416,10416,unconfident up,confident up,unconfident down
10417,10417,confident up,confident up,confident up
10418,10418,unconfident up,confident up,unconfident up
10419,10419,unconfident up,unconfident down,unconfident up
10420,10420,unconfident down,unconfident up,unconfident down
10421,10421,confident up,confident up,unconfident up
10422,10422,confident up,unconfident up,confident up
10423,10423,unconfident up,confident up,confident up
10424,10424,unconfident down,unconfident up,unconfident up
10425,10425,confident up,confident up,confident up
10426,10426,unconfident up,unconfident up,unconfident up
10427,10427,confident up,unconfident up,confident up
10428,10428,confident up,unconfident up,unconfident up
10429,10429,unconfident up,confident up,unconfident down
10430,10430,unconfident down,unconfident down,unconfident down
10431,10431,unconfident up,confident up,confident up
10432,10432,unconfident up,unconfident up,confident up
10433,10433,unconfident up,confident down,unconfident up
10434,10434,unconfident up,unconfident down,confident up
10435,10435,unconfident up,confident up,confident up
10436,10436,unconfident down,unconfident down,unconfident down
10437,10437,confident up,confident up,confident up
10438,10438,unconfident up,unconfident down,confident up
10439,10439,unconfident up,confident up,confident up
10440,10440,confident up,unconfident down,unconfident up
10441,10441,unconfident up,unconfident up,unconfident up
10442,10442,confident up,confident up,confident up
10443,10443,confident up,unconfident up,confident up
10444,10444,unconfident down,unconfident up,unconfident up
10445,10445,unconfident down,unconfident down,unconfident up
10446,10446,unconfident down,confident up,unconfident down
10447,10447,unconfident up,unconfident up,confident up
10448,10448,confident up,unconfident down,unconfident up
10449,10449,confident up,unconfident up,unconfident down
10450,10450,confident up,unconfident down,unconfident down
10451,10451,unconfident up,confident up,confident up
10452,10452,confident up,confident up,confident up
10453,10453,unconfident up,confident up,confident up
10454,10454,unconfident up,confident up,confident up
10455,10455,confident up,unconfident up,confident up
10456,10456,unconfident down,unconfident up,unconfident up
10457,10457,unconfident up,confident up,unconfident up
10458,10458,unconfident up,unconfident up,unconfident down
10459,10459,confident up,unconfident down,confident up
10460,10460,unconfident up,unconfident up,unconfident up
10461,10461,confident up,confident up,unconfident up
10462,10462,unconfident up,unconfident down,unconfident up
10463,10463,confident up,unconfident up,confident up
10464,10464,unconfident up,confident up,confident up
10465,10465,confident up,unconfident up,unconfident down
10466,10466,unconfident up,confident up,unconfident up
10467,10467,confident up,confident up,confident up
10468,10468,unconfident up,confident up,confident up
10469,10469,confident up,unconfident up,confident up
10470,10470,unconfident up,confident up,unconfident down
10471,10471,unconfident up,unconfident up,confident up
10472,10472,unconfident up,unconfident up,unconfident up
10473,10473,confident up,confident up,unconfident up
10474,10474,confident up,confident up,confident up
10475,10475,confident up,unconfident down,confident up
10476,10476,unconfident up,confident up,confident up
10477,10477,unconfident up,confident up,confident up
10478,10478,confident up,unconfident up,confident up
10479,10479,confident up,confident up,confident up
10480,10480,unconfident up,unconfident up,confident up
10481,10481,unconfident up,unconfident down,unconfident down
10482,10482,unconfident down,confident up,unconfident down
10483,10483,confident up,unconfident up,unconfident up
10484,10484,unconfident down,unconfident up,unconfident up
10485,10485,unconfident up,confident up,unconfident up
10486,10486,unconfident down,confident up,confident up
10487,10487,unconfident up,unconfident down,unconfident down
10488,10488,confident up,confident up,unconfident up
10489,10489,unconfident up,unconfident down,confident up
10490,10490,confident up,confident up,unconfident up
10491,10491,confident up,confident up,confident up
10492,10492,confident up,unconfident up,confident up
10493,10493,confident up,confident up,unconfident up
10494,10494,confident up,confident up,confident up
10495,10495,"unconfident up 

",confident up,unconfident up
10496,10496,unconfident up,confident up,confident up
10497,10497,unconfident up,confident up,confident up
10498,10498,confident up,confident up,confident up
10499,10499,unconfident up,unconfident up,confident up
10500,10500,unconfident down,unconfident up,confident up
10501,10501,confident up,confident up,confident up
10502,10502,unconfident down,unconfident up,unconfident up
10503,10503,unconfident down,unconfident up,unconfident down
10504,10504,confident up,confident up,confident up
10505,10505,confident up,confident up,confident up
10506,10506,confident up,unconfident up,confident up
10507,10507,confident up,"unconfident up 

",confident up
10508,10508,confident up,unconfident down,confident up
10509,10509,confident up,confident up,unconfident up
10510,10510,confident up,confident up,confident up
10511,10511,unconfident down,unconfident down,unconfident down
10512,10512,unconfident down,unconfident down,unconfident down
10513,10513,unconfident up,confident down,confident down
10514,10514,confident up,confident up,unconfident up
10515,10515,confident up,unconfident up,unconfident down
10516,10516,confident up,confident up,confident up
10517,10517,unconfident up,confident up,confident up
10518,10518,unconfident up,confident up,unconfident up
10519,10519,unconfident up,confident up,unconfident down
10520,10520,unconfident down,unconfident up,unconfident up
10521,10521,unconfident up,unconfident up,confident up
10522,10522,unconfident up,confident up,confident up
10523,10523,unconfident up,unconfident up,unconfident up
10524,10524,unconfident up,unconfident up,unconfident up
10525,10525,confident up,confident up,confident up
10526,10526,confident up,confident up,unconfident up
10527,10527,confident up,confident up,confident up
10528,10528,confident up,unconfident down,confident up
10529,10529,unconfident down,unconfident down,confident up
10530,10530,confident up,confident up,unconfident up
10531,10531,unconfident up,unconfident up,unconfident up
10532,10532,unconfident up,confident up,confident up
10533,10533,"unconfident up 

",confident up,confident up
10534,10534,unconfident down,unconfident up,unconfident down
10535,10535,confident up,confident up,confident up
10536,10536,confident up,Confident up.,unconfident up
10537,10537,confident up,confident up,unconfident up
10538,10538,confident up,unconfident up,unconfident up
10539,10539,confident up,confident up,confident up
10540,10540,confident up,confident up,confident up
10541,10541,confident up,unconfident up,confident up
10542,10542,confident up,confident up,confident up
10543,10543,unconfident up,unconfident down,confident up
10544,10544,unconfident down,unconfident down,unconfident up
10545,10545,confident up,unconfident up,unconfident up
10546,10546,confident up,unconfident up,unconfident up
10547,10547,unconfident up,confident up,confident up
10548,10548,confident up,confident up,confident up
10549,10549,confident up,unconfident up,confident up
10550,10550,confident up,unconfident up,confident up
10551,10551,confident up,confident up,unconfident up
10552,10552,unconfident down,unconfident up,unconfident up
10553,10553,confident up,confident up,unconfident up
10554,10554,confident up,unconfident up,unconfident up
10555,10555,confident up,confident up,confident up
10556,10556,unconfident up,unconfident up,unconfident up
10557,10557,unconfident up,confident up,confident up
10558,10558,unconfident down,confident up,confident up
10559,10559,confident up,unconfident up,unconfident up
10560,10560,confident up,confident up,confident up
10561,10561,confident up,unconfident up,unconfident up
10562,10562,confident up,unconfident up,unconfident up
10563,10563,unconfident up,unconfident up,unconfident up
10564,10564,confident up,unconfident up,unconfident up
10565,10565,confident up,confident up,confident up
10566,10566,confident up,unconfident up,unconfident up
10567,10567,confident up,confident up,confident up
10568,10568,confident up,unconfident up,confident up
10569,10569,confident up,unconfident up,unconfident up
10570,10570,confident up,unconfident up,confident up
10571,10571,confident down,unconfident up,unconfident down
10572,10572,confident up,confident up,unconfident up
10573,10573,unconfident down,unconfident up,unconfident down
10574,10574,unconfident down,unconfident up,unconfident up
10575,10575,unconfident down,unconfident down,confident up
10576,10576,unconfident up,confident up,confident up
10577,10577,unconfident down,unconfident up,confident up
10578,10578,confident down,confident down,confident down
10579,10579,unconfident up,unconfident up,unconfident up
10580,10580,confident up,unconfident up,confident up
10581,10581,confident up,confident up,unconfident up
10582,10582,confident up,confident up,unconfident down
10583,10583,confident up,confident up,unconfident down
10584,10584,confident up,confident up,confident up
10585,10585,confident up,unconfident down,unconfident down
10586,10586,unconfident up,confident up,confident up
10587,10587,unconfident down,unconfident down,unconfident down
10588,10588,confident up,unconfident down,confident up
10589,10589,unconfident down,unconfident up,confident up
10590,10590,confident up,confident up,unconfident up
10591,10591,confident up,unconfident down,unconfident up
10592,10592,confident up,confident up,confident up
10593,10593,confident up,unconfident down,unconfident up
10594,10594,confident up,unconfident up,confident up
10595,10595,confident up,unconfident up,confident up
10596,10596,confident up,confident up,confident up
10597,10597,confident up,confident up,unconfident down
10598,10598,unconfident up,confident up,unconfident up
10599,10599,confident up,unconfident up,confident up
10600,10600,unconfident up,unconfident up,unconfident down
10601,10601,unconfident up,unconfident up,unconfident down
10602,10602,unconfident up,confident up,unconfident up
10603,10603,unconfident up,confident up,unconfident up
10604,10604,confident up,unconfident up,confident up
10605,10605,unconfident up,unconfident up,confident up
10606,10606,confident up,confident up,confident up
10607,10607,unconfident up,confident up,unconfident up
10608,10608,unconfident up,unconfident down,confident up
10609,10609,confident up,confident up,confident up
10610,10610,confident up,unconfident up,unconfident up
10611,10611,unconfident down,unconfident up,confident up
10612,10612,confident up,confident up,confident up
10613,10613,unconfident up,unconfident up,unconfident up
10614,10614,unconfident up,unconfident up,unconfident up
10615,10615,confident up,unconfident up,confident up
10616,10616,unconfident up,confident up,unconfident down
10617,10617,unconfident up,confident up,unconfident up
10618,10618,confident up,unconfident down,unconfident up
10619,10619,unconfident up,confident up,confident up
10620,10620,unconfident up,confident up,unconfident up
10621,10621,unconfident up,unconfident up,confident up
10622,10622,unconfident down,confident up,confident up
10623,10623,unconfident down,unconfident up,confident up
10624,10624,confident up,confident up,confident up
10625,10625,confident up,unconfident up,unconfident up
10626,10626,confident up,confident up,unconfident down
10627,10627,unconfident up,unconfident down,confident up
10628,10628,confident down,confident up,confident down
10629,10629,unconfident up,unconfident down,unconfident down
10630,10630,confident up,unconfident down,unconfident down
10631,10631,confident up,unconfident up,confident up
10632,10632,confident up,confident up,confident up
10633,10633,confident up,confident up,unconfident up
10634,10634,confident up,unconfident down,unconfident down
10635,10635,unconfident up,confident up,unconfident down
10636,10636,confident up,unconfident up,unconfident up
10637,10637,confident up,confident up,unconfident up
10638,10638,confident up,confident up,confident up
10639,10639,confident up,confident up,confident up
10640,10640,unconfident up,unconfident up,unconfident up
10641,10641,unconfident up,confident up,confident up
10642,10642,unconfident down,unconfident up,unconfident up
10643,10643,unconfident up,confident up,confident up
10644,10644,unconfident up,confident up,confident up
10645,10645,confident up,unconfident up,unconfident down
10646,10646,unconfident up,confident up,unconfident down
10647,10647,unconfident up,unconfident down,confident up
10648,10648,confident up,unconfident up,confident up
10649,10649,unconfident down,unconfident down,unconfident up
10650,10650,confident up,unconfident up,confident up
10651,10651,confident up,unconfident up,confident up
10652,10652,unconfident up,unconfident up,confident up
10653,10653,confident up,confident up,confident up
10654,10654,confident up,confident up,unconfident up
10655,10655,confident up,confident up,unconfident up
10656,10656,unconfident down,confident up,confident up
10657,10657,confident up,confident up,confident up
10658,10658,confident up,unconfident up,unconfident down
10659,10659,confident up,unconfident up,confident up
10660,10660,confident up,unconfident down,confident up
10661,10661,unconfident up,unconfident down,unconfident down
10662,10662,confident up,unconfident down,confident up
10663,10663,unconfident down,unconfident up,unconfident up
10664,10664,confident up,confident up,unconfident up
10665,10665,unconfident down,confident up,confident up
10666,10666,confident up,confident up,confident up
10667,10667,unconfident up,confident up,unconfident up
10668,10668,unconfident up,confident up,unconfident up
10669,10669,confident up,unconfident down,confident up
10670,10670,confident up,unconfident up,confident up
10671,10671,confident up,confident up,confident up
10672,10672,unconfident down,unconfident down,confident up
10673,10673,confident up,confident up,confident up
10674,10674,unconfident up,unconfident up,unconfident up
10675,10675,unconfident up,confident up,unconfident up
10676,10676,unconfident up,unconfident down,unconfident down
10677,10677,unconfident down,unconfident up,unconfident down
10678,10678,confident up,confident up,confident up
10679,10679,unconfident down,unconfident up,unconfident up
10680,10680,unconfident up,unconfident down,confident up
10681,10681,unconfident up,confident up,confident up
10682,10682,unconfident up,unconfident up,unconfident down
10683,10683,confident up,confident up,unconfident up
10684,10684,confident up,unconfident up,confident up
10685,10685,confident up,unconfident up,unconfident up
10686,10686,unconfident up,unconfident up,confident up
10687,10687,confident up,unconfident up,confident up
10688,10688,confident up,confident up,confident up
10689,10689,confident up,confident up,confident up
10690,10690,confident up,unconfident up,confident up
10691,10691,unconfident up,confident up,unconfident up
10692,10692,unconfident up,unconfident down,unconfident up
10693,10693,unconfident up,unconfident up,unconfident down
10694,10694,confident up,unconfident up,confident up
10695,10695,confident up,unconfident down,confident up
10696,10696,unconfident down,confident up,confident up
10697,10697,confident up,confident up,unconfident up
10698,10698,confident up,confident up,confident up
10699,10699,confident up,confident up,confident up
10700,10700,unconfident up,confident up,confident up
10701,10701,confident up,unconfident down,unconfident down
10702,10702,unconfident up,unconfident up,confident up
10703,10703,unconfident up,unconfident down,confident up
10704,10704,unconfident up,unconfident up,unconfident up
10705,10705,unconfident up,unconfident up,confident up
10706,10706,confident up,unconfident up,confident up
10707,10707,unconfident up,unconfident down,unconfident up
10708,10708,confident up,confident up,unconfident up
10709,10709,confident up,unconfident down,confident up
10710,10710,unconfident up,unconfident up,confident up
10711,10711,confident up,unconfident up,unconfident up
10712,10712,confident up,confident up,confident up
10713,10713,unconfident down,unconfident down,unconfident up
10714,10714,confident up,confident up,confident up
10715,10715,unconfident up,confident up,unconfident up
10716,10716,confident up,confident up,unconfident up
10717,10717,unconfident up,unconfident up,confident up
10718,10718,confident up,confident up,confident up
10719,10719,unconfident up,confident up,unconfident up
10720,10720,unconfident up,confident up,confident up
10721,10721,confident up,confident up,confident up
10722,10722,unconfident up,confident up,unconfident up
10723,10723,confident up,unconfident up,unconfident up
10724,10724,unconfident down,unconfident up,unconfident down
10725,10725,unconfident down,unconfident down,unconfident down
10726,10726,confident up,confident up,unconfident up
10727,10727,unconfident up,unconfident up,confident up
10728,10728,confident down,unconfident down,confident down
10729,10729,confident up,confident up,confident up
10730,10730,unconfident up,unconfident up,confident up
10731,10731,confident up,unconfident up,confident up
10732,10732,confident up,confident up,confident up
10733,10733,unconfident up,unconfident up,confident up
10734,10734,unconfident up,unconfident up,unconfident up
10735,10735,unconfident up,confident up,unconfident up
10736,10736,unconfident up,unconfident up,unconfident down
10737,10737,unconfident down,confident up,confident up
10738,10738,unconfident up,unconfident down,confident down
10739,10739,unconfident up,unconfident up,unconfident up
10740,10740,unconfident up,confident up,confident up
10741,10741,confident up,unconfident up,confident down
10742,10742,confident up,confident up,confident up
10743,10743,confident up,confident up,confident up
10744,10744,confident up,unconfident up,confident up
10745,10745,unconfident up,confident up,unconfident up
10746,10746,confident up,unconfident down,unconfident up
10747,10747,confident up,confident up,confident up
10748,10748,unconfident down,unconfident up,confident up
10749,10749,confident up,confident up,confident up
10750,10750,unconfident down,unconfident up,unconfident down
10751,10751,unconfident up,unconfident up,unconfident up
10752,10752,confident up,confident up,confident up
10753,10753,confident up,unconfident up,confident up
10754,10754,confident up,confident up,unconfident up
10755,10755,confident up,confident up,unconfident up
10756,10756,confident up,confident up,unconfident up
10757,10757,unconfident up,unconfident up,unconfident down
10758,10758,unconfident up,unconfident up,unconfident up
10759,10759,confident up,confident up,unconfident up
10760,10760,confident down,confident down,confident down
10761,10761,unconfident down,confident up,unconfident up
10762,10762,unconfident up,unconfident up,unconfident up
10763,10763,confident up,confident up,unconfident up
10764,10764,unconfident down,confident up,confident up
10765,10765,unconfident down,unconfident up,confident up
10766,10766,confident up,unconfident up,confident up
10767,10767,confident up,unconfident down,unconfident up
10768,10768,confident up,unconfident up,unconfident up
10769,10769,unconfident up,confident up,unconfident up
10770,10770,confident up,unconfident up,confident up
10771,10771,unconfident down,unconfident down,confident up
10772,10772,unconfident up,unconfident up,unconfident up
10773,10773,confident up,confident up,confident up
10774,10774,unconfident up,unconfident up,unconfident up
10775,10775,unconfident down,confident up,unconfident up
10776,10776,confident up,"unconfident down 

",unconfident down
10777,10777,unconfident up,unconfident up,confident up
10778,10778,unconfident up,confident up,confident up
10779,10779,unconfident down,confident up,unconfident up
10780,10780,confident up,confident up,unconfident down
10781,10781,confident up,confident up,confident up
10782,10782,confident up,confident up,unconfident down
10783,10783,unconfident up,confident up,confident up
10784,10784,unconfident up,confident up,confident up
10785,10785,unconfident up,confident up,unconfident up
10786,10786,confident up,confident up,confident up
10787,10787,confident up,unconfident up,unconfident down
10788,10788,confident up,confident up,confident up
10789,10789,unconfident down,confident up,unconfident up
10790,10790,unconfident up,unconfident up,confident up
10791,10791,confident up,confident down,unconfident down
10792,10792,confident up,confident down,confident down
10793,10793,unconfident down,confident up,confident up
10794,10794,confident up,unconfident up,unconfident up
10795,10795,confident up,unconfident up,unconfident up
10796,10796,unconfident up,confident up,confident up
10797,10797,unconfident up,unconfident up,unconfident up
10798,10798,unconfident down,unconfident up,confident up
10799,10799,confident up,confident up,unconfident up
10800,10800,unconfident down,confident up,unconfident down
10801,10801,unconfident up,confident up,confident up
10802,10802,confident up,confident up,unconfident down
10803,10803,confident up,confident up,unconfident down
10804,10804,unconfident up,unconfident up,confident up
10805,10805,confident up,confident up,unconfident up
10806,10806,confident up,unconfident down,unconfident down
10807,10807,confident up,confident up,unconfident up
10808,10808,confident up,confident up,unconfident up
10809,10809,confident up,confident up,unconfident up
10810,10810,confident up,unconfident up,unconfident down
10811,10811,confident up,confident up,confident up
10812,10812,confident up,confident up,confident up
10813,10813,confident up,confident up,confident up
10814,10814,confident up,confident up,confident up
10815,10815,unconfident up,unconfident down,confident down
10816,10816,unconfident up,unconfident up,unconfident up
10817,10817,confident up,unconfident up,confident up
10818,10818,confident up,confident up,confident up
10819,10819,unconfident up,unconfident down,confident down
10820,10820,confident up,confident up,unconfident up
10821,10821,unconfident up,unconfident up,unconfident down
10822,10822,unconfident down,unconfident up,unconfident up
10823,10823,unconfident down,confident up,unconfident up
10824,10824,confident up,confident up,confident up
10825,10825,confident up,confident up,confident up
10826,10826,confident up,confident up,confident up
10827,10827,unconfident up,unconfident up,confident up
10828,10828,unconfident up,confident up,confident up
10829,10829,confident up,confident up,confident up
10830,10830,confident up,unconfident up,unconfident down
10831,10831,unconfident up,unconfident up,confident up
10832,10832,unconfident up,unconfident down,confident down
10833,10833,confident up,confident up,unconfident up
10834,10834,confident up,unconfident down,unconfident up
10835,10835,unconfident down,unconfident down,unconfident down
10836,10836,confident up,confident up,confident up
10837,10837,unconfident up,confident up,confident up
10838,10838,confident up,unconfident up,confident up
10839,10839,confident up,confident up,confident up
10840,10840,unconfident down,unconfident down,unconfident down
10841,10841,unconfident down,confident up,confident up
10842,10842,unconfident up,confident up,unconfident up
10843,10843,confident up,unconfident up,confident up
10844,10844,unconfident up,confident down,unconfident up
10845,10845,confident up,confident up,confident up
10846,10846,confident up,confident up,confident up
10847,10847,confident up,confident up,unconfident up
10848,10848,confident up,confident up,confident up
10849,10849,confident up,unconfident up,confident up
10850,10850,confident up,unconfident up,confident up
10851,10851,unconfident up,unconfident up,unconfident up
10852,10852,unconfident up,unconfident up,unconfident up
10853,10853,confident up,unconfident up,confident up
10854,10854,confident up,confident up,confident up
10855,10855,confident up,unconfident up,confident up
10856,10856,unconfident down,confident down,confident down
10857,10857,unconfident up,unconfident up,unconfident up
10858,10858,confident up,confident up,unconfident up
10859,10859,confident up,unconfident up,confident up
10860,10860,unconfident down,unconfident down,unconfident down
10861,10861,confident up,confident up,confident up
10862,10862,unconfident down,confident up,unconfident down
10863,10863,confident up,unconfident down,unconfident up
10864,10864,confident up,unconfident up,confident up
10865,10865,confident down,confident down,confident down
10866,10866,confident up,confident up,confident up
10867,10867,unconfident down,unconfident up,unconfident down
10868,10868,unconfident up,confident up,confident up
10869,10869,confident up,confident up,confident up
10870,10870,confident up,unconfident down,unconfident up
10871,10871,unconfident up,confident up,confident up
10872,10872,confident up,confident up,confident up
10873,10873,confident up,unconfident up,unconfident up
10874,10874,unconfident up,unconfident up,confident up
10875,10875,unconfident down,unconfident up,unconfident down
10876,10876,unconfident up,confident up,unconfident down
10877,10877,confident up,confident up,confident up
10878,10878,confident up,confident up,unconfident up
10879,10879,unconfident up,confident up,confident up
10880,10880,confident up,unconfident down,unconfident down
10881,10881,unconfident up,unconfident up,unconfident up
10882,10882,confident up,confident up,confident up
10883,10883,confident up,confident up,confident up
10884,10884,confident up,unconfident up,unconfident up
10885,10885,unconfident down,unconfident down,confident up
10886,10886,unconfident down,unconfident up,unconfident up
10887,10887,unconfident up,unconfident up,unconfident up
10888,10888,confident up,confident up,confident down
10889,10889,unconfident up,confident up,confident up
10890,10890,unconfident down,confident up,confident up
10891,10891,unconfident down,unconfident up,unconfident down
10892,10892,unconfident up,confident up,unconfident up
10893,10893,unconfident down,confident up,unconfident down
10894,10894,confident up,unconfident up,confident up
10895,10895,unconfident down,unconfident up,confident up
10896,10896,confident up,confident up,unconfident up
10897,10897,confident up,confident up,unconfident up
10898,10898,unconfident down,confident up,confident up
10899,10899,confident up,confident up,unconfident down
10900,10900,confident up,unconfident up,unconfident up
10901,10901,confident up,unconfident up,unconfident up
10902,10902,confident up,unconfident up,confident up
10903,10903,confident up,confident up,unconfident up
10904,10904,Based on the earnings call,confident up,confident up
10905,10905,unconfident up,confident up,unconfident down
10906,10906,confident up,confident up,confident up
10907,10907,confident up,confident up,confident up
10908,10908,confident up,unconfident up,confident up
10909,10909,unconfident up,confident down,unconfident down
10910,10910,unconfident down,unconfident down,unconfident up
10911,10911,unconfident up,confident up,confident up
10912,10912,unconfident down,unconfident down,confident down
10913,10913,unconfident up,confident up,unconfident down
10914,10914,unconfident up,unconfident down,unconfident up
10915,10915,unconfident down,unconfident up,unconfident down
10916,10916,confident up,unconfident down,confident up
10917,10917,unconfident up,unconfident up,unconfident up
10918,10918,unconfident down,"unconfident down 

",unconfident down
10919,10919,confident up,confident up,unconfident down
10920,10920,unconfident up,unconfident up,unconfident up
10921,10921,confident up,confident up,confident up
10922,10922,unconfident up,unconfident up,confident up
10923,10923,confident up,unconfident up,unconfident up
10924,10924,unconfident down,unconfident up,unconfident down
10925,10925,unconfident down,unconfident up,unconfident up
10926,10926,confident up,unconfident down,unconfident up
10927,10927,unconfident down,unconfident up,unconfident up
10928,10928,unconfident down,unconfident up,unconfident down
10929,10929,confident up,confident up,confident up
10930,10930,unconfident down,confident up,confident up
10931,10931,unconfident down,confident up,unconfident up
10932,10932,unconfident down,unconfident up,unconfident up
10933,10933,confident up,unconfident up,confident up
10934,10934,unconfident up,confident up,confident up
10935,10935,unconfident up,unconfident up,unconfident up.
10936,10936,confident up,confident up,confident up
10937,10937,confident up,unconfident up,unconfident up
10938,10938,unconfident up,confident up,confident up
10939,10939,unconfident up,confident up,confident up
10940,10940,unconfident up,confident up,unconfident up
10941,10941,confident up,confident up,unconfident down
10942,10942,unconfident up,confident up,confident up
10943,10943,unconfident up,unconfident up,unconfident up
10944,10944,unconfident up,confident up,unconfident down
10945,10945,confident up,unconfident up,confident up
10946,10946,confident up,confident up,confident up
10947,10947,confident up,unconfident up,confident up
10948,10948,confident up,unconfident up,unconfident up
10949,10949,unconfident up,unconfident up,confident up
10950,10950,confident up,confident up,confident up
10951,10951,confident up,unconfident up,confident up
10952,10952,unconfident up,confident up,confident up
10953,10953,unconfident down,unconfident down,unconfident up
10954,10954,unconfident down,unconfident down,unconfident up
10955,10955,confident down,unconfident down,unconfident down
10956,10956,unconfident up,confident up,unconfident up
10957,10957,unconfident down,confident up,unconfident down
10958,10958,confident up,confident up,unconfident up
10959,10959,confident up,unconfident down,confident up
10960,10960,unconfident up,unconfident up,confident up
10961,10961,confident up,unconfident up,confident up
10962,10962,confident down,unconfident up,unconfident up
10963,10963,confident up,confident up,confident up
10964,10964,confident up,confident up,unconfident down
10965,10965,confident up,confident up,unconfident up
10966,10966,confident up,confident up,confident up
10967,10967,unconfident down,confident down,unconfident down
10968,10968,confident up,confident up,confident up
10969,10969,unconfident up,unconfident down,unconfident down
10970,10970,confident up,confident up,unconfident up
10971,10971,unconfident up,unconfident up,confident up
10972,10972,unconfident up,unconfident up,confident up
10973,10973,confident up,confident up,unconfident up
10974,10974,confident up,confident up,unconfident up
10975,10975,unconfident up,confident up,confident up
10976,10976,confident up,confident up,confident up
10977,10977,confident up,unconfident up,confident up
10978,10978,confident up,unconfident up,unconfident up
10979,10979,unconfident down,unconfident down,unconfident up
10980,10980,unconfident up,confident up,unconfident up
10981,10981,confident up,confident up,confident up
10982,10982,confident up,unconfident down,unconfident down
10983,10983,confident up,confident up,confident up
10984,10984,unconfident up,unconfident up,confident up
10985,10985,confident up,confident down,unconfident down
10986,10986,unconfident up,confident up,unconfident down
10987,10987,confident up,confident up,unconfident up
10988,10988,confident up,unconfident up,unconfident up
10989,10989,unconfident up,confident up,unconfident down
10990,10990,confident up,confident up,confident up
10991,10991,unconfident up,unconfident up,unconfident up
10992,10992,confident up,confident up,confident up
10993,10993,confident up,unconfident down,confident up
10994,10994,confident up,confident up,confident up
10995,10995,unconfident up,confident up,confident up
10996,10996,unconfident up,unconfident up,unconfident up
10997,10997,confident up,unconfident up,confident up
10998,10998,confident up,confident up,confident up
10999,10999,confident up,confident up,confident up
11000,11000,confident up,confident up,confident up
11001,11001,unconfident down,unconfident up,unconfident up
11002,11002,confident up,confident up,unconfident up
11003,11003,confident up,confident up,confident up
11004,11004,confident up,confident up,confident up
11005,11005,unconfident up,confident up,unconfident up
11006,11006,unconfident up,confident up,confident up
11007,11007,confident up,confident up,confident up
11008,11008,confident up,confident up,confident up
11009,11009,unconfident up,confident up,unconfident up
11010,11010,unconfident up,confident up,unconfident down
11011,11011,unconfident up,unconfident up,unconfident up
11012,11012,confident up,confident up,confident up
11013,11013,unconfident down,unconfident up,unconfident down
11014,11014,unconfident down,unconfident down,confident up
11015,11015,confident up,unconfident up,unconfident up
11016,11016,confident up,unconfident up,unconfident down
11017,11017,unconfident down,unconfident down,unconfident down
11018,11018,unconfident down,unconfident up,confident up
11019,11019,confident up,unconfident down,confident up
11020,11020,confident up,confident up,confident up
11021,11021,confident up,confident up,confident up
11022,11022,unconfident down,unconfident up,confident up
11023,11023,unconfident up,confident up,confident up
11024,11024,unconfident down,unconfident up,unconfident up
11025,11025,confident up,confident up,confident up
11026,11026,confident up,confident up,confident up
11027,11027,unconfident up,unconfident up,confident up
11028,11028,unconfident up,confident up,unconfident down
11029,11029,confident up,confident up,confident up
11030,11030,confident up,unconfident down,unconfident down
11031,11031,unconfident down,confident up,unconfident down
11032,11032,confident up,unconfident up,unconfident up
11033,11033,unconfident up,confident up,confident up
11034,11034,unconfident up,confident up,confident up
11035,11035,unconfident down,unconfident up,confident up
11036,11036,confident up,unconfident up,unconfident up
11037,11037,confident up,confident up,confident up
11038,11038,confident up,confident up,confident up
11039,11039,confident up,confident up,unconfident down
11040,11040,unconfident down,unconfident up,unconfident up
11041,11041,unconfident up,confident up,confident up
11042,11042,unconfident up,confident up,confident up
11043,11043,confident up,unconfident up,unconfident up
11044,11044,unconfident up,unconfident up,unconfident up
11045,11045,confident up,unconfident down,unconfident up
11046,11046,confident up,unconfident up,unconfident down
11047,11047,confident up,confident up,confident up
11048,11048,unconfident up,confident up,confident up
11049,11049,unconfident up,unconfident down,unconfident up
11050,11050,confident up,unconfident up,unconfident up
11051,11051,confident up,confident up,confident up
11052,11052,unconfident up,unconfident down,unconfident up
11053,11053,confident up,unconfident down,confident up
11054,11054,unconfident up,unconfident up,unconfident up
11055,11055,confident up,unconfident down,unconfident down
11056,11056,unconfident up,unconfident up,unconfident up
11057,11057,unconfident up,confident up,unconfident down
11058,11058,unconfident up,unconfident up,confident up
11059,11059,unconfident up,confident up,confident up
11060,11060,confident up,unconfident up,confident up
11061,11061,confident up,unconfident up,unconfident up
11062,11062,confident up,confident up,unconfident down
11063,11063,unconfident up,confident up,confident up
11064,11064,unconfident up,confident up,unconfident down
11065,11065,unconfident up,confident up,unconfident down
11066,11066,confident up,unconfident up,confident up
11067,11067,unconfident up,unconfident up,unconfident up
11068,11068,confident up,confident up,confident down
11069,11069,confident up,confident up,unconfident up
11070,11070,confident up,unconfident up,unconfident up
11071,11071,confident up,unconfident up,confident up
11072,11072,confident up,confident up,confident up
11073,11073,confident up,unconfident up,confident up
11074,11074,unconfident up,confident up,unconfident up
11075,11075,confident down,unconfident down,unconfident down
11076,11076,confident up,confident up,unconfident up
11077,11077,unconfident up,confident up,confident up
11078,11078,unconfident up,confident up,unconfident up
11079,11079,unconfident down,unconfident down,unconfident down
11080,11080,unconfident up,confident up,confident up
11081,11081,confident up,unconfident down,unconfident down
11082,11082,confident up,confident up,confident up
11083,11083,confident up,confident up,confident up
11084,11084,unconfident up,unconfident up,unconfident up
11085,11085,confident up,confident up,unconfident up
11086,11086,confident up,confident up,unconfident up
11087,11087,confident up,confident up,confident up
11088,11088,unconfident down,confident up,confident up
11089,11089,confident up,unconfident down,unconfident down
11090,11090,unconfident up,unconfident up,unconfident up
11091,11091,confident up,unconfident up,confident up
11092,11092,unconfident up,unconfident down,unconfident down
11093,11093,confident up,unconfident up,confident up
11094,11094,unconfident up,confident up,confident up
11095,11095,confident up,confident up,unconfident up
11096,11096,confident up,unconfident up,confident up
11097,11097,unconfident down,confident up,unconfident up
11098,11098,confident up,confident up,confident up
11099,11099,confident up,confident up,unconfident up
11100,11100,unconfident down,confident up,confident up
11101,11101,unconfident down,unconfident down,unconfident down
11102,11102,unconfident up,unconfident down,unconfident down
11103,11103,unconfident up,unconfident up,confident up
11104,11104,confident down,confident up,unconfident up
11105,11105,confident up,unconfident up,confident up
11106,11106,unconfident up,confident up,confident up
11107,11107,confident up,confident up,unconfident up
11108,11108,unconfident up,unconfident up,confident down
11109,11109,confident up,confident up,confident down
11110,11110,unconfident down,unconfident down,unconfident down
11111,11111,unconfident up,confident up,unconfident up
11112,11112,unconfident up,unconfident up,confident up
11113,11113,unconfident down,unconfident up,unconfident down
11114,11114,unconfident up,unconfident up,unconfident down
11115,11115,confident down,unconfident up,unconfident down
11116,11116,unconfident down,unconfident up,unconfident down
11117,11117,unconfident up,confident up,confident up
11118,11118,confident up,unconfident down,confident up
11119,11119,confident down,unconfident up,unconfident up
11120,11120,confident up,confident up,unconfident up
11121,11121,confident up,confident up,confident up
11122,11122,confident up,confident up,confident up
11123,11123,unconfident up,unconfident down,confident up
11124,11124,confident up,unconfident up,unconfident up
11125,11125,unconfident down,confident up,unconfident down
11126,11126,unconfident down,unconfident up,confident up
11127,11127,confident up,confident up,confident up
11128,11128,unconfident up,unconfident up,unconfident up
11129,11129,confident up,confident up,confident up
11130,11130,confident up,unconfident up,confident up
11131,11131,unconfident up,confident up,confident up
11132,11132,unconfident up,confident up,confident up
11133,11133,unconfident up,confident up,unconfident up
11134,11134,confident up,unconfident up,unconfident down
11135,11135,unconfident down,unconfident down,confident up
11136,11136,confident up,unconfident up,confident up
11137,11137,unconfident down,unconfident up,unconfident down
11138,11138,confident up,unconfident down,unconfident up
11139,11139,confident up,confident up,unconfident down
11140,11140,unconfident up,confident up,confident up
11141,11141,confident up,confident up,confident up
11142,11142,unconfident down,unconfident down,confident up
11143,11143,confident up,confident up,confident up
11144,11144,confident up,unconfident up,unconfident down
11145,11145,confident up,unconfident up,unconfident up
11146,11146,unconfident down,confident up,confident up
11147,11147,confident up,confident up,confident up
11148,11148,confident up,unconfident up,unconfident up
11149,11149,confident up,unconfident up,unconfident down
11150,11150,unconfident down,unconfident up,unconfident down
11151,11151,unconfident up,confident up,confident up
11152,11152,unconfident up,unconfident up,unconfident up
11153,11153,confident up,unconfident up,confident up
11154,11154,unconfident up,unconfident down,confident down
11155,11155,unconfident up,confident up,unconfident down
11156,11156,confident up,unconfident up,confident up
11157,11157,confident up,confident up,unconfident up
11158,11158,unconfident down,unconfident up,confident down
11159,11159,unconfident up,unconfident down,unconfident down
11160,11160,unconfident up,unconfident up,unconfident up
11161,11161,confident down,unconfident up,unconfident up
11162,11162,unconfident up,unconfident up,confident up
11163,11163,confident up,confident up,confident up
11164,11164,unconfident up,unconfident up,unconfident down
11165,11165,confident up,unconfident up,confident up
11166,11166,confident up,confident up,confident up
11167,11167,confident up,confident up,confident up
11168,11168,unconfident down,confident up,confident up
11169,11169,unconfident up,unconfident up,unconfident up
11170,11170,unconfident up,confident up,confident up
11171,11171,unconfident up,unconfident up,confident up
11172,11172,confident up,unconfident up,unconfident up
11173,11173,confident down,unconfident up,unconfident down
11174,11174,unconfident up,unconfident up,unconfident up
11175,11175,confident up,confident up,confident up
11176,11176,unconfident up,confident up,unconfident up
11177,11177,unconfident up,confident up,unconfident up
11178,11178,confident up,confident up,unconfident up
11179,11179,unconfident up,unconfident up,unconfident up
11180,11180,confident up,unconfident up,unconfident up
11181,11181,unconfident down,unconfident up,unconfident up
11182,11182,confident up,unconfident down,confident up
11183,11183,confident up,confident up,confident up
11184,11184,unconfident down,unconfident down,unconfident down
11185,11185,confident up,confident up,confident up
11186,11186,confident up,unconfident up,confident up
11187,11187,confident up,unconfident up,confident up
11188,11188,confident up,unconfident down,confident up
11189,11189,confident up,unconfident down,unconfident down
11190,11190,unconfident up,confident up,confident up
11191,11191,confident up,unconfident down,unconfident up
11192,11192,confident up,confident up,confident up
11193,11193,confident up,unconfident up,confident up
11194,11194,confident up,unconfident up,unconfident up
11195,11195,confident up,unconfident up,confident up
11196,11196,unconfident up,unconfident up,confident up
11197,11197,unconfident up,confident up,confident up
11198,11198,unconfident down,unconfident up,unconfident up
11199,11199,confident up,confident up,confident up
11200,11200,confident up,confident up,confident up
11201,11201,unconfident down,unconfident up,unconfident up
11202,11202,confident up,unconfident up,confident up
11203,11203,unconfident up,unconfident up,confident up
11204,11204,unconfident up,unconfident down,unconfident up
11205,11205,unconfident up,confident up,unconfident up
11206,11206,confident up,confident up,confident up
11207,11207,unconfident down,unconfident up,confident up
11208,11208,unconfident down,unconfident down,unconfident down
11209,11209,confident up,confident up,unconfident up
11210,11210,unconfident up,unconfident up,unconfident up
11211,11211,unconfident up,unconfident up,unconfident down
11212,11212,confident down,confident up,confident down
11213,11213,unconfident up,confident up,unconfident up
11214,11214,unconfident down,unconfident down,confident up
11215,11215,unconfident up,unconfident down,unconfident up
11216,11216,unconfident up,confident up,confident up
11217,11217,unconfident up,unconfident up.,unconfident down
11218,11218,unconfident up,unconfident down,unconfident up
11219,11219,unconfident up,confident up,confident up
11220,11220,confident up,confident up,confident up
11221,11221,confident up,confident up,confident up
11222,11222,confident up,unconfident up,confident up
11223,11223,unconfident up,unconfident down,confident up
11224,11224,unconfident down,confident down,confident down
11225,11225,confident up,confident up,confident up
11226,11226,unconfident down,confident down,confident down
11227,11227,unconfident up,confident up,confident down
11228,11228,unconfident up,confident down,unconfident down
11229,11229,unconfident down,confident down,unconfident down
11230,11230,unconfident up,unconfident up,confident up
11231,11231,unconfident down,unconfident down,unconfident up
11232,11232,confident up,unconfident up,confident up
11233,11233,confident up,confident up,unconfident down
11234,11234,confident up,confident up,confident up
11235,11235,confident up,unconfident down,unconfident up
11236,11236,unconfident up,unconfident up,confident up
11237,11237,confident up,confident up,unconfident up
11238,11238,unconfident up,unconfident up,confident up
11239,11239,confident up,unconfident up,unconfident up
11240,11240,unconfident down,unconfident up,unconfident up
11241,11241,unconfident up,confident up,unconfident up
11242,11242,confident up,unconfident up,confident up
11243,11243,unconfident up,unconfident down,unconfident down
11244,11244,unconfident up,unconfident up,confident up
11245,11245,confident up,confident up,unconfident up
11246,11246,confident up,confident up,unconfident up
11247,11247,confident up,confident up,confident up
11248,11248,confident up,unconfident up,unconfident down
11249,11249,unconfident up.,unconfident up,unconfident down
11250,11250,unconfident up,unconfident up,confident up
11251,11251,unconfident down,unconfident down,confident up
11252,11252,unconfident up,confident up,confident up
11253,11253,confident up,confident up,unconfident down
11254,11254,unconfident up,unconfident down,confident up
11255,11255,confident up,unconfident up,confident up
11256,11256,unconfident up,unconfident down,unconfident down
11257,11257,unconfident up,unconfident up,confident up
11258,11258,confident up,unconfident up,confident up
11259,11259,confident up,confident up,confident up
11260,11260,confident up,confident up,confident up
11261,11261,unconfident up,confident up,confident up
11262,11262,confident up,confident up,confident up
11263,11263,unconfident up,confident up,confident up
11264,11264,confident up,confident up,confident up
11265,11265,confident up,confident up,confident up
11266,11266,confident up,confident up,unconfident up
11267,11267,confident up,confident up,unconfident up
11268,11268,confident down,unconfident up,confident down
11269,11269,unconfident up,confident up,confident up
11270,11270,confident up,confident up,unconfident up
11271,11271,confident up,unconfident up,unconfident up
11272,11272,confident up,confident up,confident up
11273,11273,confident up,confident up,confident up
11274,11274,unconfident up,unconfident down,confident up
11275,11275,confident up,confident up,unconfident down
11276,11276,confident up,confident up,confident up
11277,11277,confident up,unconfident up,confident up
11278,11278,confident up,confident up,confident up
11279,11279,unconfident up,unconfident down,unconfident down
11280,11280,unconfident up,unconfident down,unconfident up
11281,11281,unconfident up,unconfident up,unconfident down
11282,11282,unconfident up,unconfident down,unconfident down
11283,11283,unconfident up,confident up,confident up
11284,11284,unconfident up,confident up,confident up
11285,11285,unconfident down,unconfident down,unconfident up
11286,11286,unconfident up,confident up,unconfident down
11287,11287,confident down,confident up,confident up
11288,11288,unconfident up,confident up,unconfident down
11289,11289,confident up,confident up,unconfident up
11290,11290,unconfident up,confident up,unconfident up
11291,11291,unconfident down,unconfident up,unconfident up
11292,11292,unconfident up,unconfident up,confident up
11293,11293,unconfident up,confident up,confident up
11294,11294,unconfident down,confident up,unconfident down
11295,11295,unconfident up,unconfident down,confident up
11296,11296,unconfident up,unconfident up,unconfident down
11297,11297,unconfident up,unconfident down,unconfident up
11298,11298,unconfident down,unconfident up,unconfident down
11299,11299,unconfident up,confident up,confident up
11300,11300,unconfident down,confident up,confident up
11301,11301,unconfident up,unconfident up,unconfident up
11302,11302,unconfident down,unconfident up,confident up
11303,11303,unconfident down,confident up,unconfident up
11304,11304,confident up,unconfident up,confident up
11305,11305,unconfident down,unconfident down,unconfident down
11306,11306,unconfident down,unconfident down,confident down
11307,11307,confident up,unconfident down,unconfident down
11308,11308,confident up,unconfident up,unconfident up
11309,11309,confident up,unconfident up,confident up
11310,11310,confident up,unconfident up,confident up
11311,11311,confident up,confident up,confident up
11312,11312,confident up,unconfident up,unconfident up
11313,11313,unconfident down,unconfident up,confident down
11314,11314,unconfident up,confident up,unconfident up
11315,11315,unconfident down,unconfident up,confident up
11316,11316,confident up,confident up,confident up
11317,11317,confident up,unconfident up,confident up
11318,11318,confident up,confident up,confident up
11319,11319,confident up,unconfident down,confident up
11320,11320,unconfident up,unconfident down,unconfident up
11321,11321,confident up,unconfident up,confident up
11322,11322,unconfident up,unconfident up,unconfident up
11323,11323,unconfident up,unconfident down,unconfident down
11324,11324,unconfident up,unconfident up,confident up
11325,11325,unconfident down,unconfident up,unconfident up
11326,11326,unconfident up,confident up,unconfident up
11327,11327,unconfident up,confident up,confident up
11328,11328,unconfident down,confident up,unconfident down
11329,11329,unconfident down,unconfident up,unconfident down
11330,11330,confident up,confident up,confident up
11331,11331,confident up,unconfident up,confident up
11332,11332,confident down,unconfident down,confident up
11333,11333,confident up,unconfident up,unconfident up
11334,11334,confident up,confident up,unconfident up
11335,11335,unconfident up,unconfident up,unconfident up
11336,11336,unconfident up,confident up,unconfident up
11337,11337,confident up,confident up,confident up
11338,11338,confident up,confident up,unconfident up
11339,11339,confident up,confident up,confident up
11340,11340,unconfident down,confident down,unconfident up
11341,11341,unconfident up,unconfident up,confident up
11342,11342,confident up,confident down,unconfident down
11343,11343,unconfident up,unconfident up,confident up
11344,11344,unconfident up,unconfident up,unconfident up
11345,11345,unconfident up,unconfident down,unconfident up
11346,11346,unconfident up,confident up,confident up
11347,11347,unconfident up,unconfident up,confident up
11348,11348,confident down,unconfident down,unconfident down
11349,11349,unconfident up,confident up,confident up
11350,11350,confident up,confident up,confident up
11351,11351,confident up,confident up,unconfident up
11352,11352,unconfident up,confident up,unconfident up
11353,11353,confident up,confident up,confident up
11354,11354,unconfident up,unconfident up,unconfident up
11355,11355,confident up,confident up,confident up
11356,11356,confident up,confident up,unconfident up
11357,11357,unconfident up,unconfident down,unconfident up
11358,11358,confident up,confident up,unconfident down
11359,11359,unconfident down,confident down,unconfident down
11360,11360,unconfident up,unconfident up,confident up
11361,11361,unconfident down,unconfident up,confident up
11362,11362,unconfident down,unconfident up,unconfident up
11363,11363,unconfident down,confident up,unconfident up
11364,11364,unconfident up,confident up,unconfident down
11365,11365,unconfident down,confident up,unconfident down
11366,11366,confident up,confident up,unconfident up
11367,11367,unconfident up,unconfident down,unconfident down
11368,11368,confident up,unconfident up,confident up
11369,11369,confident up,unconfident up,unconfident down
11370,11370,unconfident up,confident up,unconfident up
11371,11371,confident up,unconfident up,unconfident up
11372,11372,confident up,unconfident up,unconfident up
11373,11373,confident up,unconfident up,confident up
11374,11374,confident up,confident up,unconfident down
11375,11375,unconfident up,unconfident down,confident up
11376,11376,unconfident down,unconfident up,unconfident down
11377,11377,unconfident up,confident up,confident up
11378,11378,confident up,confident up,unconfident up
11379,11379,unconfident up,unconfident up,unconfident up
11380,11380,unconfident up,unconfident up,confident up
11381,11381,confident up,confident up,unconfident up
11382,11382,confident up,confident up,confident up
11383,11383,unconfident down,unconfident down,confident down
11384,11384,confident up,confident up,confident up
11385,11385,unconfident up,unconfident down,confident up
11386,11386,unconfident down,unconfident down,confident down
11387,11387,unconfident down,confident up,confident up
11388,11388,confident up,unconfident up,confident up
11389,11389,confident up,confident up,confident up
11390,11390,unconfident up,confident up,unconfident up
11391,11391,unconfident down,unconfident up,unconfident down
11392,11392,confident up,confident up,unconfident down
11393,11393,unconfident up,confident up,confident up
11394,11394,confident down,unconfident down,unconfident up
11395,11395,unconfident up,confident up,unconfident up
11396,11396,unconfident up,unconfident up,unconfident up
11397,11397,unconfident down,unconfident up,unconfident up
11398,11398,confident up,confident up,unconfident up
11399,11399,unconfident up,unconfident down,unconfident down
11400,11400,confident up,unconfident up,unconfident up
11401,11401,unconfident down,unconfident up,unconfident up
11402,11402,unconfident up,confident up,confident up
11403,11403,unconfident down,confident down,confident down
11404,11404,unconfident up,unconfident down,confident up
11405,11405,unconfident up,unconfident up,unconfident down
11406,11406,unconfident up,unconfident up,unconfident up
11407,11407,unconfident down,unconfident up,confident up
11408,11408,confident up,confident up,unconfident up
11409,11409,confident up,confident up,confident up
11410,11410,unconfident up,confident up,unconfident down
11411,11411,unconfident up,unconfident up,unconfident up
11412,11412,confident up,confident up,unconfident up
11413,11413,confident up,confident up,confident up
11414,11414,unconfident up,confident up,confident up
11415,11415,confident up,unconfident up,unconfident up
11416,11416,confident up,confident up,confident up
11417,11417,unconfident up,unconfident down,unconfident up
11418,11418,unconfident up,unconfident up,unconfident up
11419,11419,unconfident up,confident up,confident down
11420,11420,confident up,unconfident up,confident up
11421,11421,unconfident up,unconfident up,confident up
11422,11422,confident down,unconfident down,unconfident down
11423,11423,unconfident up,confident up,confident up
11424,11424,unconfident down,confident up,unconfident up
11425,11425,confident up,confident up,unconfident up
11426,11426,confident up,unconfident up,unconfident up
11427,11427,confident up,confident up,confident up
11428,11428,unconfident down,confident up,unconfident down
11429,11429,confident up,confident up,confident up
11430,11430,confident up,unconfident up,confident up
11431,11431,unconfident up,confident up,confident up
11432,11432,confident up,unconfident up,confident up
11433,11433,confident up,unconfident up,unconfident up
11434,11434,unconfident down,confident up,confident up
11435,11435,unconfident up,confident up,unconfident up
11436,11436,confident up,confident up,unconfident up
11437,11437,confident up,unconfident up,confident up
11438,11438,confident up,unconfident down,"unconfident down 

"
11439,11439,confident up,unconfident up,unconfident up
11440,11440,confident up,confident up,confident up
11441,11441,unconfident up,unconfident up,confident up
11442,11442,confident up,unconfident up,confident up
11443,11443,unconfident up,confident up,unconfident up
11444,11444,confident up,unconfident up,confident up
11445,11445,confident up,confident up,unconfident down
11446,11446,unconfident up,unconfident up,confident up
11447,11447,confident up,confident up,confident up
11448,11448,confident up,confident up,confident up
11449,11449,confident up,confident up,confident up
11450,11450,unconfident down,unconfident up,confident down
11451,11451,confident up,unconfident up,confident up
11452,11452,confident up,unconfident up,confident up
11453,11453,confident up,confident up,confident up
11454,11454,unconfident up,confident up,confident up
11455,11455,confident up,unconfident up,unconfident up
11456,11456,unconfident up,confident up,confident up
11457,11457,confident up,confident up,confident up
11458,11458,unconfident up,unconfident up,confident up
11459,11459,confident up,confident up,unconfident up
11460,11460,confident down,confident down,unconfident down
11461,11461,confident up,unconfident up,unconfident down
11462,11462,unconfident up,confident up,confident up
11463,11463,unconfident down,unconfident down,unconfident down
11464,11464,confident up,unconfident down,unconfident up
11465,11465,confident up,unconfident up,unconfident up
11466,11466,unconfident up,unconfident up,"unconfident up 

"
11467,11467,confident up,unconfident up,confident up
11468,11468,unconfident up,confident up,unconfident up
11469,11469,unconfident up,confident up,confident up
11470,11470,unconfident up,unconfident down,confident up
11471,11471,confident up,confident up,unconfident down
11472,11472,confident up,unconfident up,unconfident down
11473,11473,unconfident down,unconfident down,confident up
11474,11474,confident up,confident up,unconfident down
11475,11475,unconfident down,confident up,confident up
11476,11476,unconfident up,unconfident up,confident up
11477,11477,confident up,confident up,confident up
11478,11478,confident up,confident up,confident up
11479,11479,confident up,unconfident down,unconfident up
11480,11480,unconfident up,unconfident down,unconfident up
11481,11481,unconfident down,unconfident down,unconfident up
11482,11482,confident up,confident up,confident up
11483,11483,confident up,confident up,confident up
11484,11484,unconfident down,confident up,unconfident up
11485,11485,confident up,unconfident up,confident up
11486,11486,confident up,confident up,confident down
11487,11487,unconfident up,confident up,confident up
11488,11488,confident up,unconfident up,confident up
11489,11489,confident up,confident up,unconfident down
11490,11490,confident up,confident up,confident up
11491,11491,confident up,confident up,confident up
11492,11492,confident up,confident up,unconfident up
11493,11493,unconfident up,confident up,unconfident up
11494,11494,unconfident down,unconfident up,unconfident up
11495,11495,confident up,unconfident up,confident up
11496,11496,unconfident up,unconfident up,unconfident down
11497,11497,unconfident down,unconfident up,unconfident down
11498,11498,unconfident down,confident down,unconfident down
11499,11499,unconfident up,unconfident up,confident up
11500,11500,unconfident up,unconfident up,unconfident up
11501,11501,confident up,unconfident up,unconfident up
11502,11502,unconfident down,confident up,unconfident down
11503,11503,confident up,confident up,unconfident up
11504,11504,unconfident down,confident up,unconfident down
11505,11505,confident up,confident up,confident up
11506,11506,unconfident down,confident up,confident up
11507,11507,unconfident down,unconfident down,unconfident up
11508,11508,confident up,unconfident up,unconfident up
11509,11509,confident up,confident up,confident up
11510,11510,confident up,unconfident up,confident up
11511,11511,unconfident down,unconfident down,unconfident up
11512,11512,unconfident up,confident up,confident up
11513,11513,unconfident up,unconfident up,unconfident up
11514,11514,unconfident up,unconfident up,unconfident up
11515,11515,confident up,confident down,confident down
11516,11516,confident up,unconfident down,unconfident up
11517,11517,unconfident up,confident up,confident up
11518,11518,unconfident up,unconfident up,confident up
11519,11519,unconfident up,unconfident up,confident up
11520,11520,confident up,confident up,unconfident down
11521,11521,confident up,confident up,confident up
11522,11522,confident up,confident up,unconfident up
11523,11523,unconfident down,unconfident down,confident up
11524,11524,unconfident down,unconfident down,unconfident up
11525,11525,unconfident up,confident up,unconfident up
11526,11526,unconfident up,unconfident down,unconfident down
11527,11527,confident up,confident up,"unconfident up 

"
11528,11528,unconfident down,unconfident down,confident down
11529,11529,unconfident down,unconfident down,unconfident down
11530,11530,unconfident up,confident up,confident up
11531,11531,unconfident down,unconfident up,unconfident down
11532,11532,confident up,confident up,confident up
11533,11533,unconfident down,confident down,confident down
11534,11534,unconfident down,unconfident up,unconfident down
11535,11535,unconfident up,confident up,unconfident up
11536,11536,confident up,confident up,confident up
11537,11537,confident down,unconfident down,unconfident up
11538,11538,unconfident down,confident up,unconfident up
11539,11539,confident up,unconfident down,unconfident up
11540,11540,confident up,confident up,confident up
11541,11541,confident up,unconfident down,confident up
11542,11542,unconfident up,unconfident up,unconfident up
11543,11543,unconfident down,unconfident down,unconfident down
11544,11544,confident up,unconfident down,confident up
11545,11545,unconfident up,confident up,confident up
11546,11546,unconfident down,unconfident down,confident up
11547,11547,confident down,confident up,confident up
11548,11548,unconfident down,unconfident down,unconfident down
11549,11549,confident up,confident down,unconfident up
11550,11550,confident up,confident up,confident up
11551,11551,unconfident up,unconfident up,confident up
11552,11552,confident up,unconfident up,unconfident up
11553,11553,confident up,unconfident up,unconfident up
11554,11554,unconfident up,unconfident up,confident up
11555,11555,unconfident up,unconfident up,unconfident up
11556,11556,unconfident down,confident up,unconfident up
11557,11557,unconfident down,confident up,unconfident up
11558,11558,unconfident up,unconfident up,confident up
11559,11559,confident up,unconfident up,confident up
11560,11560,confident up,confident up,unconfident up
11561,11561,unconfident up,unconfident up,confident up
11562,11562,confident down,unconfident down,unconfident up
11563,11563,confident up,confident up,confident up
11564,11564,confident up,confident up,confident up
11565,11565,unconfident down,unconfident up,confident up
11566,11566,unconfident down,confident down,unconfident down
11567,11567,confident up,confident up,confident up
11568,11568,confident up,confident up,unconfident up
11569,11569,confident up,confident up,confident up
11570,11570,unconfident down,unconfident down,confident up
11571,11571,unconfident up,unconfident down,unconfident up
11572,11572,confident up,confident up,confident up
11573,11573,confident up,unconfident down,unconfident up
11574,11574,confident up,confident up,confident up
11575,11575,unconfident down,confident up,unconfident up
11576,11576,unconfident down,unconfident down,confident down
11577,11577,confident up,unconfident down,unconfident down
11578,11578,unconfident up,unconfident up,unconfident up
11579,11579,unconfident up,confident up,unconfident down
11580,11580,unconfident up,confident up,unconfident up
11581,11581,confident up,confident up,unconfident up
11582,11582,confident down,unconfident up,unconfident down
11583,11583,unconfident up,unconfident down,unconfident up
11584,11584,unconfident up,confident up,unconfident up
11585,11585,confident up,confident up,unconfident up
11586,11586,unconfident up,unconfident down,unconfident up
11587,11587,confident up,confident up,confident up
11588,11588,confident up,confident up,unconfident up
11589,11589,unconfident up,confident up,unconfident up
11590,11590,unconfident up,confident up,confident up
11591,11591,confident up,unconfident up,unconfident down
11592,11592,confident up,confident up,confident up
11593,11593,unconfident up,confident up,unconfident up
11594,11594,confident up,confident up,confident up
11595,11595,unconfident up,unconfident down,unconfident up
11596,11596,confident up,confident up,unconfident up
11597,11597,confident up,confident up,confident up
11598,11598,confident up,confident up,confident up
11599,11599,confident up,unconfident up,unconfident up
11600,11600,unconfident up,unconfident up,unconfident down
11601,11601,confident up,confident up,confident up
11602,11602,unconfident up,confident up,unconfident up
11603,11603,confident up,confident up,confident up
11604,11604,confident up,confident up,confident up
11605,11605,unconfident up,unconfident up,confident up
11606,11606,unconfident up,unconfident up,unconfident up
11607,11607,confident up,unconfident up,unconfident up
11608,11608,confident up,unconfident up,confident up
11609,11609,unconfident down,unconfident up,confident up
11610,11610,confident up,unconfident up,unconfident down
11611,11611,unconfident down,confident up,confident up
11612,11612,unconfident up,unconfident up,unconfident up
11613,11613,confident up,confident up,confident up
11614,11614,unconfident up,unconfident down,confident up
11615,11615,confident up,unconfident up,unconfident up
11616,11616,confident up,unconfident up,unconfident up
11617,11617,unconfident down,confident down,unconfident down
11618,11618,unconfident up,confident up,confident up
11619,11619,unconfident up,unconfident up,confident up
11620,11620,confident up,unconfident up,unconfident up
11621,11621,confident up,confident up,unconfident down
11622,11622,unconfident up,unconfident up,unconfident up
11623,11623,confident up,confident up,confident up
11624,11624,confident up,unconfident up,confident up
11625,11625,confident up,confident up,unconfident up
11626,11626,unconfident up,unconfident down,confident up
11627,11627,unconfident up,confident up,confident up
11628,11628,confident up,confident up,confident up
11629,11629,unconfident up,unconfident up,unconfident down
11630,11630,confident up,confident up,unconfident up
11631,11631,unconfident up,unconfident up,confident up
11632,11632,confident up,unconfident up,confident up
11633,11633,unconfident down,unconfident up,unconfident down
11634,11634,confident up,confident up,unconfident up
11635,11635,confident up,unconfident down,confident up
11636,11636,unconfident down,unconfident up,unconfident up
11637,11637,confident up,unconfident up,confident up
11638,11638,confident up,confident up,confident up
11639,11639,unconfident up,unconfident up,confident up
11640,11640,confident up,confident up,confident up
11641,11641,confident up,confident up,unconfident up
11642,11642,confident up,confident up,confident up
11643,11643,confident up,unconfident up,confident up
11644,11644,confident up,unconfident up,confident up
11645,11645,confident up,unconfident up,confident up
11646,11646,unconfident down,unconfident down,confident down
11647,11647,unconfident down,confident up,unconfident up
11648,11648,unconfident up,confident up,confident down
11649,11649,unconfident down,unconfident down,confident down
11650,11650,confident up,unconfident down,confident up
11651,11651,unconfident down,unconfident down,confident down
11652,11652,confident up,confident up,unconfident up
11653,11653,confident up,confident up,confident up
11654,11654,unconfident down,confident up,unconfident down
11655,11655,confident up,unconfident down,confident down
11656,11656,unconfident up,unconfident up,confident up
11657,11657,confident up,confident up,confident up
11658,11658,confident up,confident up,confident up
11659,11659,unconfident up,unconfident up,unconfident up
11660,11660,unconfident up,unconfident up,unconfident up
11661,11661,unconfident up,unconfident up,unconfident down
11662,11662,confident up,unconfident up,unconfident down
11663,11663,confident up,unconfident down,confident up
11664,11664,confident up,confident up,confident up
11665,11665,unconfident up,confident up,unconfident up
11666,11666,confident up,unconfident up,confident up
11667,11667,confident up,confident up,unconfident up
11668,11668,confident up,unconfident up,unconfident up
11669,11669,confident up,unconfident up,confident up
11670,11670,confident up,confident up,confident up
11671,11671,confident up,confident up,confident up
11672,11672,unconfident up,unconfident down,unconfident up
11673,11673,confident up,confident up,confident up
11674,11674,confident up,unconfident up,unconfident up
11675,11675,unconfident down,unconfident up,unconfident down
11676,11676,unconfident up,unconfident up,confident up
11677,11677,confident down,confident down,confident down
11678,11678,confident up,confident up,unconfident up
11679,11679,unconfident up,unconfident down,unconfident up
